"train/epoch/step","stg_nf_interaction_2026_04_29_14_02_10 - train/epoch/auc","stg_nf_interaction_2026_04_29_14_02_10 - train/epoch/auc__MIN","stg_nf_interaction_2026_04_29_14_02_10 - train/epoch/auc__MAX","stg_nf_interaction_2026_04_29_14_02_10 - _step","stg_nf_interaction_2026_04_29_14_02_10 - _step__MIN","stg_nf_interaction_2026_04_29_14_02_10 - _step__MAX","stg_nf_interaction_2026_04_29_11_08_02 - train/epoch/auc","stg_nf_interaction_2026_04_29_11_08_02 - train/epoch/auc__MIN","stg_nf_interaction_2026_04_29_11_08_02 - train/epoch/auc__MAX","stg_nf_interaction_2026_04_29_11_08_02 - _step","stg_nf_interaction_2026_04_29_11_08_02 - _step__MIN","stg_nf_interaction_2026_04_29_11_08_02 - _step__MAX","stg_nf_interaction_2026_04_29_16_04_13 - train/epoch/auc","stg_nf_interaction_2026_04_29_16_04_13 - train/epoch/auc__MIN","stg_nf_interaction_2026_04_29_16_04_13 - train/epoch/auc__MAX","stg_nf_interaction_2026_04_29_16_04_13 - _step","stg_nf_interaction_2026_04_29_16_04_13 - _step__MIN","stg_nf_interaction_2026_04_29_16_04_13 - _step__MAX","stg_nf_interaction_2026_04_29_14_57_03 - train/epoch/auc","stg_nf_interaction_2026_04_29_14_57_03 - train/epoch/auc__MIN","stg_nf_interaction_2026_04_29_14_57_03 - train/epoch/auc__MAX","stg_nf_interaction_2026_04_29_14_57_03 - _step","stg_nf_interaction_2026_04_29_14_57_03 - _step__MIN","stg_nf_interaction_2026_04_29_14_57_03 - _step__MAX","stgcn_interaction_2026_04_29_15_18_32 - train/epoch/auc","stgcn_interaction_2026_04_29_15_18_32 - train/epoch/auc__MIN","stgcn_interaction_2026_04_29_15_18_32 - train/epoch/auc__MAX","stgcn_interaction_2026_04_29_15_18_32 - _step","stgcn_interaction_2026_04_29_15_18_32 - _step__MIN","stgcn_interaction_2026_04_29_15_18_32 - _step__MAX","stgcn_interaction_2026_04_29_16_19_53 - train/epoch/auc","stgcn_interaction_2026_04_29_16_19_53 - train/epoch/auc__MIN","stgcn_interaction_2026_04_29_16_19_53 - train/epoch/auc__MAX","stgcn_interaction_2026_04_29_16_19_53 - _step","stgcn_interaction_2026_04_29_16_19_53 - _step__MIN","stgcn_interaction_2026_04_29_16_19_53 - _step__MAX","stgcn_interaction_2026_04_29_14_25_31 - train/epoch/auc","stgcn_interaction_2026_04_29_14_25_31 - train/epoch/auc__MIN","stgcn_interaction_2026_04_29_14_25_31 - train/epoch/auc__MAX","stgcn_interaction_2026_04_29_14_25_31 - _step","stgcn_interaction_2026_04_29_14_25_31 - _step__MIN","stgcn_interaction_2026_04_29_14_25_31 - _step__MAX","stgcn_interaction_2026_04_29_11_20_33 - train/epoch/auc","stgcn_interaction_2026_04_29_11_20_33 - train/epoch/auc__MIN","stgcn_interaction_2026_04_29_11_20_33 - train/epoch/auc__MAX","stgcn_interaction_2026_04_29_11_20_33 - _step","stgcn_interaction_2026_04_29_11_20_33 - _step__MIN","stgcn_interaction_2026_04_29_11_20_33 - _step__MAX","skateformer_interaction_2026_04_29_11_57_08 - train/epoch/auc","skateformer_interaction_2026_04_29_11_57_08 - train/epoch/auc__MIN","skateformer_interaction_2026_04_29_11_57_08 - train/epoch/auc__MAX","skateformer_interaction_2026_04_29_11_57_08 - _step","skateformer_interaction_2026_04_29_11_57_08 - _step__MIN","skateformer_interaction_2026_04_29_11_57_08 - _step__MAX","skateformer_interaction_2026_04_29_10_42_43 - train/epoch/auc","skateformer_interaction_2026_04_29_10_42_43 - train/epoch/auc__MIN","skateformer_interaction_2026_04_29_10_42_43 - train/epoch/auc__MAX","skateformer_interaction_2026_04_29_10_42_43 - _step","skateformer_interaction_2026_04_29_10_42_43 - _step__MIN","skateformer_interaction_2026_04_29_10_42_43 - _step__MAX","skateformer_interaction_2026_04_29_14_34_34 - train/epoch/auc","skateformer_interaction_2026_04_29_14_34_34 - train/epoch/auc__MIN","skateformer_interaction_2026_04_29_14_34_34 - train/epoch/auc__MAX","skateformer_interaction_2026_04_29_14_34_34 - _step","skateformer_interaction_2026_04_29_14_34_34 - _step__MIN","skateformer_interaction_2026_04_29_14_34_34 - _step__MAX","skateformer_interaction_2026_04_29_15_31_37 - train/epoch/auc","skateformer_interaction_2026_04_29_15_31_37 - train/epoch/auc__MIN","skateformer_interaction_2026_04_29_15_31_37 - train/epoch/auc__MAX","skateformer_interaction_2026_04_29_15_31_37 - _step","skateformer_interaction_2026_04_29_15_31_37 - _step__MIN","skateformer_interaction_2026_04_29_15_31_37 - _step__MAX","mlp_interaction_2026_04_29_11_55_00 - train/epoch/auc","mlp_interaction_2026_04_29_11_55_00 - train/epoch/auc__MIN","mlp_interaction_2026_04_29_11_55_00 - train/epoch/auc__MAX","mlp_interaction_2026_04_29_11_55_00 - _step","mlp_interaction_2026_04_29_11_55_00 - _step__MIN","mlp_interaction_2026_04_29_11_55_00 - _step__MAX","mlp_interaction_2026_04_29_10_39_35 - train/epoch/auc","mlp_interaction_2026_04_29_10_39_35 - train/epoch/auc__MIN","mlp_interaction_2026_04_29_10_39_35 - train/epoch/auc__MAX","mlp_interaction_2026_04_29_10_39_35 - _step","mlp_interaction_2026_04_29_10_39_35 - _step__MIN","mlp_interaction_2026_04_29_10_39_35 - _step__MAX","mlp_interaction_2026_04_29_14_32_56 - train/epoch/auc","mlp_interaction_2026_04_29_14_32_56 - train/epoch/auc__MIN","mlp_interaction_2026_04_29_14_32_56 - train/epoch/auc__MAX","mlp_interaction_2026_04_29_14_32_56 - _step","mlp_interaction_2026_04_29_14_32_56 - _step__MIN","mlp_interaction_2026_04_29_14_32_56 - _step__MAX","mlp_interaction_2026_04_29_15_27_27 - train/epoch/auc","mlp_interaction_2026_04_29_15_27_27 - train/epoch/auc__MIN","mlp_interaction_2026_04_29_15_27_27 - train/epoch/auc__MAX","mlp_interaction_2026_04_29_15_27_27 - _step","mlp_interaction_2026_04_29_15_27_27 - _step__MIN","mlp_interaction_2026_04_29_15_27_27 - _step__MAX","mb_from_pretrained_finetune_interaction_2026_05_06_12_09_43 - train/epoch/auc","mb_from_pretrained_finetune_interaction_2026_05_06_12_09_43 - train/epoch/auc__MIN","mb_from_pretrained_finetune_interaction_2026_05_06_12_09_43 - train/epoch/auc__MAX","mb_from_pretrained_finetune_interaction_2026_05_06_12_09_43 - _step","mb_from_pretrained_finetune_interaction_2026_05_06_12_09_43 - _step__MIN","mb_from_pretrained_finetune_interaction_2026_05_06_12_09_43 - _step__MAX","mb_from_pretrained_finetune_interaction_2026_05_06_10_04_26 - train/epoch/auc","mb_from_pretrained_finetune_interaction_2026_05_06_10_04_26 - train/epoch/auc__MIN","mb_from_pretrained_finetune_interaction_2026_05_06_10_04_26 - train/epoch/auc__MAX","mb_from_pretrained_finetune_interaction_2026_05_06_10_04_26 - _step","mb_from_pretrained_finetune_interaction_2026_05_06_10_04_26 - _step__MIN","mb_from_pretrained_finetune_interaction_2026_05_06_10_04_26 - _step__MAX","mb_from_pretrained_finetune_interaction_2026_05_06_12_42_40 - train/epoch/auc","mb_from_pretrained_finetune_interaction_2026_05_06_12_42_40 - train/epoch/auc__MIN","mb_from_pretrained_finetune_interaction_2026_05_06_12_42_40 - train/epoch/auc__MAX","mb_from_pretrained_finetune_interaction_2026_05_06_12_42_40 - _step","mb_from_pretrained_finetune_interaction_2026_05_06_12_42_40 - _step__MIN","mb_from_pretrained_finetune_interaction_2026_05_06_12_42_40 - _step__MAX","mb_from_pretrained_finetune_interaction_2026_05_06_11_12_48 - train/epoch/auc","mb_from_pretrained_finetune_interaction_2026_05_06_11_12_48 - train/epoch/auc__MIN","mb_from_pretrained_finetune_interaction_2026_05_06_11_12_48 - train/epoch/auc__MAX","mb_from_pretrained_finetune_interaction_2026_05_06_11_12_48 - _step","mb_from_pretrained_finetune_interaction_2026_05_06_11_12_48 - _step__MIN","mb_from_pretrained_finetune_interaction_2026_05_06_11_12_48 - _step__MAX","mb_from_pretrained_interaction_2026_05_06_10_20_18 - train/epoch/auc","mb_from_pretrained_interaction_2026_05_06_10_20_18 - train/epoch/auc__MIN","mb_from_pretrained_interaction_2026_05_06_10_20_18 - train/epoch/auc__MAX","mb_from_pretrained_interaction_2026_05_06_10_20_18 - _step","mb_from_pretrained_interaction_2026_05_06_10_20_18 - _step__MIN","mb_from_pretrained_interaction_2026_05_06_10_20_18 - _step__MAX","mb_from_pretrained_interaction_2026_05_06_12_54_10 - train/epoch/auc","mb_from_pretrained_interaction_2026_05_06_12_54_10 - train/epoch/auc__MIN","mb_from_pretrained_interaction_2026_05_06_12_54_10 - train/epoch/auc__MAX","mb_from_pretrained_interaction_2026_05_06_12_54_10 - _step","mb_from_pretrained_interaction_2026_05_06_12_54_10 - _step__MIN","mb_from_pretrained_interaction_2026_05_06_12_54_10 - _step__MAX","mb_from_pretrained_interaction_2026_05_06_11_23_06 - train/epoch/auc","mb_from_pretrained_interaction_2026_05_06_11_23_06 - train/epoch/auc__MIN","mb_from_pretrained_interaction_2026_05_06_11_23_06 - train/epoch/auc__MAX","mb_from_pretrained_interaction_2026_05_06_11_23_06 - _step","mb_from_pretrained_interaction_2026_05_06_11_23_06 - _step__MIN","mb_from_pretrained_interaction_2026_05_06_11_23_06 - _step__MAX","mb_from_pretrained_interaction_2026_05_06_12_15_31 - train/epoch/auc","mb_from_pretrained_interaction_2026_05_06_12_15_31 - train/epoch/auc__MIN","mb_from_pretrained_interaction_2026_05_06_12_15_31 - train/epoch/auc__MAX","mb_from_pretrained_interaction_2026_05_06_12_15_31 - _step","mb_from_pretrained_interaction_2026_05_06_12_15_31 - _step__MIN","mb_from_pretrained_interaction_2026_05_06_12_15_31 - _step__MAX","lstm_interaction_2026_04_29_10_36_34 - train/epoch/auc","lstm_interaction_2026_04_29_10_36_34 - train/epoch/auc__MIN","lstm_interaction_2026_04_29_10_36_34 - train/epoch/auc__MAX","lstm_interaction_2026_04_29_10_36_34 - _step","lstm_interaction_2026_04_29_10_36_34 - _step__MIN","lstm_interaction_2026_04_29_10_36_34 - _step__MAX","lstm_interaction_2026_04_29_14_31_12 - train/epoch/auc","lstm_interaction_2026_04_29_14_31_12 - train/epoch/auc__MIN","lstm_interaction_2026_04_29_14_31_12 - train/epoch/auc__MAX","lstm_interaction_2026_04_29_14_31_12 - _step","lstm_interaction_2026_04_29_14_31_12 - _step__MIN","lstm_interaction_2026_04_29_14_31_12 - _step__MAX","lstm_interaction_2026_04_29_15_23_13 - train/epoch/auc","lstm_interaction_2026_04_29_15_23_13 - train/epoch/auc__MIN","lstm_interaction_2026_04_29_15_23_13 - train/epoch/auc__MAX","lstm_interaction_2026_04_29_15_23_13 - _step","lstm_interaction_2026_04_29_15_23_13 - _step__MIN","lstm_interaction_2026_04_29_15_23_13 - _step__MAX","lstm_interaction_2026_04_29_11_52_51 - train/epoch/auc","lstm_interaction_2026_04_29_11_52_51 - train/epoch/auc__MIN","lstm_interaction_2026_04_29_11_52_51 - train/epoch/auc__MAX","lstm_interaction_2026_04_29_11_52_51 - _step","lstm_interaction_2026_04_29_11_52_51 - _step__MIN","lstm_interaction_2026_04_29_11_52_51 - _step__MAX"
"0","0.48976465984683326","0.48976465984683326","0.48976465984683326","89","89","89","0.7689236192347886","0.7689236192347886","0.7689236192347886","18","18","18","0.7494033971269478","0.7494033971269478","0.7494033971269478","53","53","53","0.5125955739405346","0.5125955739405346","0.5125955739405346","54","54","54","0.7416736542009056","0.7416736542009056","0.7416736542009056","54","54","54","0.7326712211252009","0.7326712211252009","0.7326712211252009","53","53","53","0.7306364556741883","0.7306364556741883","0.7306364556741883","89","89","89","0.7341393321167313","0.7341393321167313","0.7341393321167313","18","18","18","0.4892081415643381","0.4892081415643381","0.4892081415643381","89","89","89","0.6049631120053655","0.6049631120053655","0.6049631120053655","18","18","18","0.49538698517400515","0.49538698517400515","0.49538698517400515","54","54","54","0.565407951585482","0.565407951585482","0.565407951585482","53","53","53","0.762610170123167","0.762610170123167","0.762610170123167","89","89","89","0.7820800773634052","0.7820800773634052","0.7820800773634052","18","18","18","0.7626101701231669","0.7626101701231669","0.7626101701231669","54","54","54","0.7820800773634052","0.7820800773634052","0.7820800773634052","53","53","53","0.8664818367569759","0.8664818367569759","0.8664818367569759","102","102","102","0.8664350443747758","0.8664350443747758","0.8664350443747758","32","32","32","0.7940012794951585","0.7940012794951585","0.7940012794951585","105","105","105","0.7924410407388773","0.7924410407388773","0.7924410407388773","175","175","175","0.8361135807090605","0.8361135807090605","0.8361135807090605","18","18","18","0.7716542133278674","0.7716542133278674","0.7716542133278674","54","54","54","0.7879255408351501","0.7879255408351501","0.7879255408351501","89","89","89","0.8298024581598116","0.8298024581598116","0.8298024581598116","53","53","53","0.7293041192893797","0.7293041192893797","0.7293041192893797","18","18","18","0.737499767082192","0.737499767082192","0.737499767082192","54","54","54","0.7293021696067878","0.7293021696067878","0.7293021696067878","53","53","53","0.7375022515388104","0.7375022515388104","0.7375022515388104","89","89","89"
"1","0.5612288122434023","0.5612288122434023","0.5612288122434023","177","177","177","0.770686132297662","0.770686132297662","0.770686132297662","35","35","35","0.776482538642709","0.776482538642709","0.776482538642709","105","105","105","0.5590884528667524","0.5590884528667524","0.5590884528667524","107","107","107","0.8329867516350828","0.8329867516350828","0.8329867516350828","107","107","107","0.844001996474974","0.844001996474974","0.844001996474974","105","105","105","0.8195116800516767","0.8195116800516767","0.8195116800516767","177","177","177","0.8435691669396224","0.8435691669396224","0.8435691669396224","35","35","35","0.511854584754132","0.511854584754132","0.511854584754132","177","177","177","0.6048812253365152","0.6048812253365152","0.6048812253365152","35","35","35","0.4706337227719082","0.4706337227719082","0.4706337227719082","107","107","107","0.5606351286010637","0.5606351286010637","0.5606351286010637","105","105","105","0.8837733927118464","0.8837733927118464","0.8837733927118464","177","177","177","0.8489190959711759","0.8489190959711759","0.8489190959711759","35","35","35","0.8837733927118465","0.8837733927118465","0.8837733927118465","107","107","107","0.8489190959711759","0.8489190959711759","0.8489190959711759","105","105","105","0.9427261241869823","0.9427261241869823","0.9427261241869823","203","203","203","0.9430380734016502","0.9430380734016502","0.9430380734016502","63","63","63","0.861618250818318","0.861618250818318","0.861618250818318","209","209","209","0.8600567698337278","0.8600567698337278","0.8600567698337278","349","349","349","0.8968734889959914","0.8968734889959914","0.8968734889959914","35","35","35","0.8484655374811336","0.8484655374811336","0.8484655374811336","107","107","107","0.8880379624971274","0.8880379624971274","0.8880379624971274","177","177","177","0.8812721288974155","0.8812721288974155","0.8812721288974155","105","105","105","0.8138560042425093","0.8138560042425093","0.8138560042425093","35","35","35","0.8328209141558126","0.8328209141558126","0.8328209141558126","107","107","107","0.8138443061469592","0.8138443061469592","0.8138443061469592","105","105","105","0.8329873727492375","0.8329873727492375","0.8329873727492375","177","177","177"
"2","0.7439407208650878","0.7439407208650878","0.7439407208650878","265","265","265","0.7760789543462324","0.7760789543462324","0.7760789543462324","52","52","52","0.8056517398967448","0.8056517398967448","0.8056517398967448","157","157","157","0.6704641586077105","0.6704641586077105","0.6704641586077105","160","160","160","0.833784883323706","0.833784883323706","0.833784883323706","160","160","160","0.8568270085630059","0.8568270085630059","0.8568270085630059","157","157","157","0.8411276948590382","0.8411276948590382","0.8411276948590382","265","265","265","0.8553686459844336","0.8553686459844336","0.8553686459844336","52","52","52","0.5233010975087111","0.5233010975087111","0.5233010975087111","265","265","265","0.702946360332538","0.702946360332538","0.702946360332538","52","52","52","0.4979472177191446","0.4979472177191446","0.4979472177191446","160","160","160","0.7104292421193829","0.7104292421193829","0.7104292421193829","157","157","157","0.9006925422823461","0.9006925422823461","0.9006925422823461","265","265","265","0.8635183192176313","0.8635183192176313","0.8635183192176313","52","52","52","0.9006925422823461","0.9006925422823461","0.9006925422823461","160","160","160","0.8635183192176313","0.8635183192176313","0.8635183192176313","157","157","157","0.965525712414019","0.965525712414019","0.965525712414019","304","304","304","0.9662197994166549","0.9662197994166549","0.9662197994166549","94","94","94","0.9097918646468034","0.9097918646468034","0.9097918646468034","313","313","313","0.9016490580803845","0.9016490580803845","0.9016490580803845","523","523","523","0.925182880227099","0.925182880227099","0.925182880227099","52","52","52","0.8839969938074919","0.8839969938074919","0.8839969938074919","160","160","160","0.9047943801591295","0.9047943801591295","0.9047943801591295","265","265","265","0.8921708545848736","0.8921708545848736","0.8921708545848736","157","157","157","0.8176110929140735","0.8176110929140735","0.8176110929140735","52","52","52","0.8722641474276557","0.8722641474276557","0.8722641474276557","160","160","160","0.8175915960881568","0.8175915960881568","0.8175915960881568","157","157","157","0.8723436500394408","0.8723436500394408","0.8723436500394408","265","265","265"
"3","0.790365277234303","0.790365277234303","0.790365277234303","353","353","353","0.7938386130737917","0.7938386130737917","0.7938386130737917","69","69","69","0.8280262973187965","0.8280262973187965","0.8280262973187965","209","209","209","0.7869702672654207","0.7869702672654207","0.7869702672654207","213","213","213","0.8513462649300316","0.8513462649300316","0.8513462649300316","213","213","213","0.8353999968805078","0.8353999968805078","0.8353999968805078","209","209","209","0.8554866118843982","0.8554866118843982","0.8554866118843982","353","353","353","0.8403014989159764","0.8403014989159764","0.8403014989159764","69","69","69","0.4564884690157204","0.4564884690157204","0.4564884690157204","353","353","353","0.7339502129053389","0.7339502129053389","0.7339502129053389","69","69","69","0.5140825212265763","0.5140825212265763","0.5140825212265763","213","213","213","0.7238235615241839","0.7238235615241839","0.7238235615241839","209","209","209","0.9126999211185023","0.9126999211185023","0.9126999211185023","353","353","353","0.8571935488902408","0.8571935488902408","0.8571935488902408","69","69","69","0.9126999211185023","0.9126999211185023","0.9126999211185023","213","213","213","0.8571935488902408","0.8571935488902408","0.8571935488902408","209","209","209","0.9780621714784833","0.9780621714784833","0.9780621714784833","405","405","405","0.9780348759222","0.9780348759222","0.9780348759222","125","125","125","0.9416040894155937","0.9416040894155937","0.9416040894155937","417","417","417","0.9339954410221054","0.9339954410221054","0.9339954410221054","697","697","697","0.9285285355544117","0.9285285355544117","0.9285285355544117","69","69","69","0.8911280054161153","0.8911280054161153","0.8911280054161153","213","213","213","0.9086167166663562","0.9086167166663562","0.9086167166663562","353","353","353","0.9001762513062873","0.9001762513062873","0.9001762513062873","209","209","209","0.8470688471916771","0.8470688471916771","0.8470688471916771","69","69","69","0.9056838156284743","0.9056838156284743","0.9056838156284743","213","213","213","0.8470298535398437","0.8470298535398437","0.8470298535398437","209","209","209","0.9058092806876976","0.9058092806876976","0.9058092806876976","353","353","353"
"4","0.7975254812081912","0.7975254812081912","0.7975254812081912","441","441","441","0.7893367959696161","0.7893367959696161","0.7893367959696161","86","86","86","0.819822032973032","0.819822032973032","0.819822032973032","261","261","261","0.7737715914807981","0.7737715914807981","0.7737715914807981","266","266","266","0.8530978068459203","0.8530978068459203","0.8530978068459203","266","266","266","0.8720969226209974","0.8720969226209974","0.8720969226209974","261","261","261","0.8677498897522377","0.8677498897522377","0.8677498897522377","441","441","441","0.8692308892112365","0.8692308892112365","0.8692308892112365","86","86","86","0.5016428469388388","0.5016428469388388","0.5016428469388388","441","441","441","0.7420179994696864","0.7420179994696864","0.7420179994696864","86","86","86","0.5076974677175918","0.5076974677175918","0.5076974677175918","266","266","266","0.7232503548422317","0.7232503548422317","0.7232503548422317","261","261","261","0.9216824740219006","0.9216824740219006","0.9216824740219006","441","441","441","0.8837365276932916","0.8837365276932916","0.8837365276932916","86","86","86","0.9216824740219006","0.9216824740219006","0.9216824740219006","266","266","266","0.8837365276932916","0.8837365276932916","0.8837365276932916","261","261","261","0.992361143605821","0.992361143605821","0.992361143605821","506","506","506","0.991823031210519","0.991823031210519","0.991823031210519","156","156","156","0.955735678660381","0.955735678660381","0.955735678660381","521","521","521","0.9561381606325426","0.9561381606325426","0.9561381606325426","871","871","871","0.9361868887745074","0.9361868887745074","0.9361868887745074","86","86","86","0.8895236675548599","0.8895236675548599","0.8895236675548599","266","266","266","0.9089272737436412","0.9089272737436412","0.9089272737436412","441","441","441","0.9074173724517648","0.9074173724517648","0.9074173724517648","261","261","261","0.8068527443732161","0.8068527443732161","0.8068527443732161","86","86","86","0.9112278805721704","0.9112278805721704","0.9112278805721704","266","266","266","0.8068995367554163","0.8068995367554163","0.8068995367554163","261","261","261","0.9112390606269526","0.9112390606269526","0.9112390606269526","441","441","441"
"5","0.8151651231979925","0.8151651231979925","0.8151651231979925","529","529","529","0.7932790541699811","0.7932790541699811","0.7932790541699811","103","103","103","0.8312666697861588","0.8312666697861588","0.8312666697861588","313","313","313","0.765581580238632","0.765581580238632","0.765581580238632","319","319","319","0.8682269054229476","0.8682269054229476","0.8682269054229476","319","319","319","0.8917185282236052","0.8917185282236052","0.8917185282236052","313","313","313","0.8800181365333134","0.8800181365333134","0.8800181365333134","529","529","529","0.8968578915352581","0.8968578915352581","0.8968578915352581","103","103","103","0.5423929043918982","0.5423929043918982","0.5423929043918982","529","529","529","0.7517976073495236","0.7517976073495236","0.7517976073495236","103","103","103","0.5364550530742045","0.5364550530742045","0.5364550530742045","319","319","319","0.7454611389265828","0.7454611389265828","0.7454611389265828","313","313","313","0.9312973211346514","0.9312973211346514","0.9312973211346514","529","529","529","0.8815372857298832","0.8815372857298832","0.8815372857298832","103","103","103","0.9312973211346514","0.9312973211346514","0.9312973211346514","319","319","319","0.8815392354124749","0.8815392354124749","0.8815392354124749","313","313","313","0.9930981236254738","0.9930981236254738","0.9930981236254738","607","607","607","0.9929304509225898","0.9929304509225898","0.9929304509225898","187","187","187","0.9537394177675915","0.9537394177675915","0.9537394177675915","625","625","625","","","","","","","0.9461614649135122","0.9461614649135122","0.9461614649135122","103","103","103","0.9057682871534959","0.9057682871534959","0.9057682871534959","319","319","319","0.9161309557083497","0.9161309557083497","0.9161309557083497","529","529","529","0.9177857844742876","0.9177857844742876","0.9177857844742876","313","313","313","0.8670706408996615","0.8670706408996615","0.8670706408996615","103","103","103","0.9167918211688125","0.9167918211688125","0.9167918211688125","319","319","319","0.8683301358538831","0.8683301358538831","0.8683301358538831","313","313","313","0.9166700827945168","0.9166700827945168","0.9166700827945168","529","529","529"
"6","0.813080664095254","0.813080664095254","0.813080664095254","617","617","617","0.7744607177951429","0.7744607177951429","0.7744607177951429","120","120","120","0.8147840531561461","0.8147840531561461","0.8147840531561461","365","365","365","0.7887702560853659","0.7887702560853659","0.7887702560853659","372","372","372","0.882552282283961","0.882552282283961","0.882552282283961","372","372","372","0.9021727262801617","0.9021727262801617","0.9021727262801617","365","365","365","0.8914776926851385","0.8914776926851385","0.8914776926851385","617","617","617","0.913691451031772","0.913691451031772","0.913691451031772","120","120","120","0.5336786728032745","0.5336786728032745","0.5336786728032745","617","617","617","0.7581067802161807","0.7581067802161807","0.7581067802161807","120","120","120","0.4922031540176769","0.4922031540176769","0.4922031540176769","372","372","372","0.7618267746010948","0.7618267746010948","0.7618267746010948","365","365","365","0.93884758479761","0.93884758479761","0.93884758479761","617","617","617","0.8929117339697097","0.8929117339697097","0.8929117339697097","120","120","120","0.93884758479761","0.93884758479761","0.93884758479761","372","372","372","0.8929117339697097","0.8929117339697097","0.8929117339697097","365","365","365","0.9888322181148909","0.9888322181148909","0.9888322181148909","708","708","708","0.9889063060533745","0.9889063060533745","0.9889063060533745","218","218","218","0.9686536108471376","0.9686536108471376","0.9686536108471376","729","729","729","","","","","","","0.9484659897368708","0.9484659897368708","0.9484659897368708","120","120","120","0.9119893665256738","0.9119893665256738","0.9119893665256738","372","372","372","0.9239743852522655","0.9239743852522655","0.9239743852522655","617","617","617","0.92717545583579","0.92717545583579","0.92717545583579","365","365","365","0.8705176797217413","0.8705176797217413","0.8705176797217413","120","120","120","0.906032881783343","0.906032881783343","0.906032881783343","372","372","372","0.8757818227192613","0.8757818227192613","0.8757818227192613","365","365","365","0.9085993254700281","0.9085993254700281","0.9085993254700281","617","617","617"
"7","0.8330643909044043","0.8330643909044043","0.8330643909044043","705","705","705","0.8084358866376554","0.8084358866376554","0.8084358866376554","137","137","137","0.8194087002635971","0.8194087002635971","0.8194087002635971","417","417","417","0.785496363376625","0.785496363376625","0.785496363376625","425","425","425","0.8734989223669418","0.8734989223669418","0.8734989223669418","425","425","425","0.903790962831251","0.903790962831251","0.903790962831251","417","417","417","0.8961733156936914","0.8961733156936914","0.8961733156936914","705","705","705","0.9119679316207322","0.9119679316207322","0.9119679316207322","137","137","137","0.4833336438904106","0.4833336438904106","0.4833336438904106","705","705","705","0.7536459064464305","0.7536459064464305","0.7536459064464305","137","137","137","0.5382761597754051","0.5382761597754051","0.5382761597754051","425","425","425","0.7853750409433344","0.7853750409433344","0.7853750409433344","417","417","417","0.9472400792541661","0.9472400792541661","0.9472400792541661","705","705","705","0.919123266732176","0.919123266732176","0.919123266732176","137","137","137","0.9472400792541662","0.9472400792541662","0.9472400792541662","425","425","425","0.919123266732176","0.919123266732176","0.919123266732176","417","417","417","","","","","","","0.9951959820941151","0.9951959820941151","0.9951959820941151","249","249","249","","","","","","","","","","","","","0.9577659756991561","0.9577659756991561","0.9577659756991561","137","137","137","0.9077397034801026","0.9077397034801026","0.9077397034801026","425","425","425","0.9170029999813667","0.9170029999813667","0.9170029999813667","705","705","705","0.9382067599394819","0.9382067599394819","0.9382067599394819","417","417","417","0.8885834386161933","0.8885834386161933","0.8885834386161933","137","137","137","0.9361134402891907","0.9361134402891907","0.9361134402891907","425","425","425","0.8908840640743687","0.8908840640743687","0.8908840640743687","417","417","417","0.9375109471369744","0.9375109471369744","0.9375109471369744","705","705","705"
"8","0.8223725318476282","0.8223725318476282","0.8223725318476282","793","793","793","0.8257763636080045","0.8257763636080045","0.8257763636080045","154","154","154","0.8363475426200613","0.8363475426200613","0.8363475426200613","469","469","469","0.7718299886336109","0.7718299886336109","0.7718299886336109","478","478","478","0.8825162576629958","0.8825162576629958","0.8825162576629958","478","478","478","0.9149665434467269","0.9149665434467269","0.9149665434467269","469","469","469","0.8922503586934243","0.8922503586934243","0.8922503586934243","793","793","793","0.9221998658618377","0.9221998658618377","0.9221998658618377","154","154","154","0.5067583431158813","0.5067583431158813","0.5067583431158813","793","793","793","0.7911227052235896","0.7911227052235896","0.7911227052235896","154","154","154","0.4910404283203209","0.4910404283203209","0.4910404283203209","478","478","478","0.7975566577761141","0.7975566577761141","0.7975566577761141","469","469","469","0.9426252010857075","0.9426252010857075","0.9426252010857075","793","793","793","0.9199304353251291","0.9199304353251291","0.9199304353251291","154","154","154","0.9426252010857075","0.9426252010857075","0.9426252010857075","478","478","478","0.9199304353251291","0.9199304353251291","0.9199304353251291","469","469","469","","","","","","","0.9984051596400106","0.9984051596400106","0.9984051596400106","280","280","280","","","","","","","","","","","","","0.9587252195342598","0.9587252195342598","0.9587252195342598","154","154","154","0.9065235619654535","0.9065235619654535","0.9065235619654535","478","478","478","0.9180390183911901","0.9180390183911901","0.9180390183911901","793","793","793","0.9414510317720275","0.9414510317720275","0.9414510317720275","469","469","469","0.8990064417512829","0.8990064417512829","0.8990064417512829","154","154","154","0.9288811870733722","0.9288811870733722","0.9288811870733722","478","478","478","0.902289707235662","0.902289707235662","0.902289707235662","469","469","469","0.9272364767920697","0.9272364767920697","0.9272364767920697","793","793","793"
"9","0.8317588089514972","0.8317588089514972","0.8317588089514972","881","881","881","0.8327055355388144","0.8327055355388144","0.8327055355388144","171","171","171","0.824696239452217","0.824696239452217","0.824696239452217","521","521","521","0.7822088061564836","0.7822088061564836","0.7822088061564836","531","531","531","0.8898665225681829","0.8898665225681829","0.8898665225681829","531","531","531","0.925541621823967","0.925541621823967","0.925541621823967","521","521","521","0.9033384885808162","0.9033384885808162","0.9033384885808162","881","881","881","0.9293629997036482","0.9293629997036482","0.9293629997036482","171","171","171","0.56781138005354","0.56781138005354","0.56781138005354","881","881","881","0.7954042081949059","0.7954042081949059","0.7954042081949059","171","171","171","0.5477195793814945","0.5477195793814945","0.5477195793814945","531","531","531","0.8058545068862791","0.8058545068862791","0.8058545068862791","521","521","521","0.9503344699722363","0.9503344699722363","0.9503344699722363","881","881","881","0.9202735794612638","0.9202735794612638","0.9202735794612638","171","171","171","0.9503344699722363","0.9503344699722363","0.9503344699722363","531","531","531","0.9202735794612638","0.9202735794612638","0.9202735794612638","521","521","521","","","","","","","0.9994540888743313","0.9994540888743313","0.9994540888743313","311","311","311","","","","","","","","","","","","","0.9625543961443077","0.9625543961443077","0.9625543961443077","171","171","171","0.913870100185713","0.913870100185713","0.913870100185713","531","531","531","0.9292923646436978","0.9292923646436978","0.9292923646436978","881","881","881","0.947896682420102","0.947896682420102","0.947896682420102","521","521","521","0.904664420632321","0.904664420632321","0.904664420632321","171","171","171","0.9395668349886025","0.9395668349886025","0.9395668349886025","531","531","531","0.9059668086035594","0.9059668086035594","0.9059668086035594","521","521","521","0.9389407519207955","0.9389407519207955","0.9389407519207955","881","881","881"
"10","0.8347550636331451","0.8347550636331451","0.8347550636331451","969","969","969","0.8514731801662689","0.8514731801662689","0.8514731801662689","188","188","188","0.8295002573581021","0.8295002573581021","0.8295002573581021","573","573","573","0.7910820429686771","0.7910820429686771","0.7910820429686771","584","584","584","0.9079707579456029","0.9079707579456029","0.9079707579456029","584","584","584","0.9074914603902485","0.9074914603902485","0.9074914603902485","573","573","573","0.9235284252892839","0.9235284252892839","0.9235284252892839","969","969","969","0.9046137288849375","0.9046137288849375","0.9046137288849375","188","188","188","0.6745858721374401","0.6745858721374401","0.6745858721374401","969","969","969","0.8146397766443623","0.8146397766443623","0.8146397766443623","188","188","188","0.602904950900926","0.602904950900926","0.602904950900926","584","584","584","0.7994790448115046","0.7994790448115046","0.7994790448115046","573","573","573","0.9572462282842964","0.9572462282842964","0.9572462282842964","969","969","969","0.9238025049521937","0.9238025049521937","0.9238025049521937","188","188","188","0.9572462282842964","0.9572462282842964","0.9572462282842964","584","584","584","0.9238025049521937","0.9238025049521937","0.9238025049521937","573","573","573","","","","","","","0.9992201269633304","0.9992201269633304","0.9992201269633304","342","342","342","","","","","","","","","","","","","0.9672258356339588","0.9672258356339588","0.9672258356339588","188","188","188","0.9292501288811871","0.9292501288811871","0.9292501288811871","584","584","584","0.938997894423016","0.938997894423016","0.938997894423016","969","969","969","0.9544749114844103","0.9544749114844103","0.9544749114844103","573","573","573","0.9175830174847535","0.9175830174847535","0.9175830174847535","188","188","188","0.9436674306370768","0.9436674306370768","0.9436674306370768","584","584","584","0.9188698079952583","0.9188698079952583","0.9188698079952583","573","573","573","0.9429419693045384","0.9429419693045384","0.9429419693045384","969","969","969"
"11","0.8260072918801746","0.8260072918801746","0.8260072918801746","1057","1057","1057","0.8251524651786688","0.8251524651786688","0.8251524651786688","205","205","205","0.8319841529798948","0.8319841529798948","0.8319841529798948","625","625","625","0.7979627455730088","0.7979627455730088","0.7979627455730088","637","637","637","0.9234924006683188","0.9234924006683188","0.9234924006683188","637","637","637","0.930794066725937","0.930794066725937","0.930794066725937","625","625","625","0.9204874503885069","0.9204874503885069","0.9204874503885069","1057","1057","1057","0.9242470325830956","0.9242470325830956","0.9242470325830956","205","205","205","0.7873379668449265","0.7873379668449265","0.7873379668449265","1057","1057","1057","0.8148659398249964","0.8148659398249964","0.8148659398249964","205","205","205","0.5570375339283606","0.5570375339283606","0.5570375339283606","637","637","637","0.8080108558326704","0.8080108558326704","0.8080108558326704","625","625","625","0.9426512878801996","0.9426512878801996","0.9426512878801996","1057","1057","1057","0.9335041255283639","0.9335041255283639","0.9335041255283639","205","205","205","0.9426512878801996","0.9426512878801996","0.9426512878801996","637","637","637","0.9335041255283639","0.9335041255283639","0.9335041255283639","625","625","625","","","","","","","0.9996100634816651","0.9996100634816651","0.9996100634816651","373","373","373","","","","","","","","","","","","","0.9643208085723645","0.9643208085723645","0.9643208085723645","205","205","205","0.9255892820541487","0.9255892820541487","0.9255892820541487","637","637","637","0.9373469730001677","0.9373469730001677","0.9373469730001677","1057","1057","1057","0.9548921435590285","0.9548921435590285","0.9548921435590285","625","625","625","0.9300843822625676","0.9300843822625676","0.9300843822625676","205","205","205","0.9501406823560101","0.9501406823560101","0.9501406823560101","637","637","637","0.9320223667586918","0.9320223667586918","0.9320223667586918","625","625","625","0.9257731318439015","0.9257731318439015","0.9257731318439015","1057","1057","1057"
"12","0.8337811566387787","0.8337811566387787","0.8337811566387787","1145","1145","1145","0.8552516650289332","0.8552516650289332","0.8552516650289332","222","222","222","0.8338909425545522","0.8338909425545522","0.8338909425545522","677","677","677","0.7837541381730548","0.7837541381730548","0.7837541381730548","690","690","690","0.9157930696082633","0.9157930696082633","0.9157930696082633","690","690","690","0.9161675479231981","0.9161675479231981","0.9161675479231981","677","677","677","0.9218129079943603","0.9218129079943603","0.9218129079943603","1145","1145","1145","0.9240988567061283","0.9240988567061283","0.9240988567061283","222","222","222","0.8105017981254776","0.8105017981254776","0.8105017981254776","1145","1145","1145","0.8274764868279444","0.8274764868279444","0.8274764868279444","222","222","222","0.6585660958627586","0.6585660958627586","0.6585660958627586","690","690","690","0.8338753450938188","0.8338753450938188","0.8338753450938188","677","677","677","0.9602797498152185","0.9602797498152185","0.9602797498152185","1145","1145","1145","0.9408544288989753","0.9408544288989753","0.9408544288989753","222","222","222","0.9602797498152185","0.9602797498152185","0.9602797498152185","690","690","690","0.9408544288989753","0.9408544288989753","0.9408544288989753","677","677","677","","","","","","","0.9975667961255907","0.9975667961255907","0.9975667961255907","404","404","404","","","","","","","","","","","","","0.9652644549467346","0.9652644549467346","0.9652644549467346","222","222","222","0.9250489127396723","0.9250489127396723","0.9250489127396723","690","690","690","0.9378239886708779","0.9378239886708779","0.9378239886708779","1145","1145","1145","0.9588694960460437","0.9588694960460437","0.9588694960460437","677","677","677","0.9328139378909115","0.9328139378909115","0.9328139378909115","222","222","222","0.9495555928224049","0.9495555928224049","0.9495555928224049","690","690","690","0.933940854428899","0.933940854428899","0.933940854428899","677","677","677","0.9561468562307067","0.9561468562307067","0.9561468562307067","1145","1145","1145"
"13","0.8439227085546053","0.8439227085546053","0.8439227085546053","1233","1233","1233","0.8435457707485222","0.8435457707485222","0.8435457707485222","239","239","239","0.8288139690858327","0.8288139690858327","0.8288139690858327","729","729","729","0.7860000869559816","0.7860000869559816","0.7860000869559816","743","743","743","0.9268712616691822","0.9268712616691822","0.9268712616691822","743","743","743","0.9253817478514497","0.9253817478514497","0.9253817478514497","729","729","729","0.9474910093726127","0.9474910093726127","0.9474910093726127","1233","1233","1233","0.9309422426029043","0.9309422426029043","0.9309422426029043","239","239","239","0.832294209352737","0.832294209352737","0.832294209352737","1233","1233","1233","0.8198766240855989","0.8198766240855989","0.8198766240855989","239","239","239","0.7740647573617555","0.7740647573617555","0.7740647573617555","743","743","743","0.8352908146553741","0.8352908146553741","0.8352908146553741","729","729","729","0.9683970907012999","0.9683970907012999","0.9683970907012999","1233","1233","1233","0.9382808478779654","0.9382808478779654","0.9382808478779654","239","239","239","0.9683977118154545","0.9683977118154545","0.9683977118154545","743","743","743","0.9382808478779654","0.9382808478779654","0.9382808478779654","729","729","729","","","","","","","0.9978085567669583","0.9978085567669583","0.9978085567669583","435","435","435","","","","","","","","","","","","","0.9647341412817994","0.9647341412817994","0.9647341412817994","239","239","239","0.9378798889447891","0.9378798889447891","0.9378798889447891","743","743","743","0.9440736392941659","0.9440736392941659","0.9440736392941659","1233","1233","1233","0.9591112566874113","0.9591112566874113","0.9591112566874113","729","729","729","0.938971035515418","0.938971035515418","0.938971035515418","239","239","239","0.9536773063521344","0.9536773063521344","0.9536773063521344","743","743","743","0.938343237720899","0.938343237720899","0.938343237720899","729","729","729","0.9582785200091924","0.9582785200091924","0.9582785200091924","1233","1233","1233"
"14","0.8468879075285245","0.8468879075285245","0.8468879075285245","1321","1321","1321","0.8786478561290222","0.8786478561290222","0.8786478561290222","256","256","256","0.8409214979801289","0.8409214979801289","0.8409214979801289","781","781","781","0.7736759399009945","0.7736759399009945","0.7736759399009945","796","796","796","0.9306575735554438","0.9306575735554438","0.9306575735554438","796","796","796","0.9316285308751735","0.9316285308751735","0.9316285308751735","781","781","781","0.927125918472556","0.927125918472556","0.927125918472556","1321","1321","1321","0.9348845008032691","0.9348845008032691","0.9348845008032691","256","256","256","0.8419227209768884","0.8419227209768884","0.8419227209768884","1321","1321","1321","0.817852853555441","0.817852853555441","0.817852853555441","256","256","256","0.8084583325569406","0.8084583325569406","0.8084583325569406","796","796","796","0.8208553647466192","0.8208553647466192","0.8208553647466192","781","781","781","0.9647952497189458","0.9647952497189458","0.9647952497189458","1321","1321","1321","0.9489534103847893","0.9489534103847893","0.9489534103847893","256","256","256","0.9647952497189458","0.9647952497189458","0.9647952497189458","796","796","796","0.9489534103847893","0.9489534103847893","0.9489534103847893","781","781","781","","","","","","","0.9987405050457785","0.9987405050457785","0.9987405050457785","466","466","466","","","","","","","","","","","","","0.9696005490306179","0.9696005490306179","0.9696005490306179","256","256","256","0.9312538431438314","0.9312538431438314","0.9312538431438314","796","796","796","0.9408761436264371","0.9408761436264371","0.9408761436264371","1321","1321","1321","0.9629989237752095","0.9629989237752095","0.9629989237752095","781","781","781","0.9482125309999533","0.9482125309999533","0.9482125309999533","256","256","256","0.9527058838143863","0.9527058838143863","0.9527058838143863","796","796","796","0.9499399497761764","0.9499399497761764","0.9499399497761764","781","781","781","0.9517630325277482","0.9517630325277482","0.9517630325277482","1321","1321","1321"
"15","0.8480568443674263","0.8480568443674263","0.8480568443674263","1409","1409","1409","0.8630153011089795","0.8630153011089795","0.8630153011089795","273","273","273","0.8495507931308781","0.8495507931308781","0.8495507931308781","833","833","833","0.7821591170241179","0.7821591170241179","0.7821591170241179","849","849","849","0.9261582226197351","0.9261582226197351","0.9261582226197351","849","849","849","0.943763355325753","0.943763355325753","0.943763355325753","833","833","833","0.9376662256756169","0.9376662256756169","0.9376662256756169","1409","1409","1409","0.9436892673872693","0.9436892673872693","0.9436892673872693","273","273","273","0.8444432022161353","0.8444432022161353","0.8444432022161353","1409","1409","1409","0.8370962207352642","0.8370962207352642","0.8370962207352642","273","273","273","0.8351376699523605","0.8351376699523605","0.8351376699523605","849","849","849","0.8344797466972377","0.8344797466972377","0.8344797466972377","833","833","833","0.9689231743902212","0.9689231743902212","0.9689231743902212","1409","1409","1409","0.9586823265172429","0.9586823265172429","0.9586823265172429","273","273","273","0.9689231743902211","0.9689231743902211","0.9689231743902211","849","849","849","0.9586823265172429","0.9586823265172429","0.9586823265172429","833","833","833","","","","","","","0.9999922012696333","0.9999922012696333","0.9999922012696333","497","497","497","","","","","","","","","","","","","0.9666487295868234","0.9666487295868234","0.9666487295868234","273","273","273","0.9397146601573904","0.9397146601573904","0.9397146601573904","849","849","849","0.9470077825603569","0.9470077825603569","0.9470077825603569","1409","1409","1409","0.9553873629373137","0.9553873629373137","0.9553873629373137","833","833","833","0.9544944083103271","0.9544944083103271","0.9544944083103271","273","273","273","0.9458177278401997","0.9458177278401997","0.9458177278401997","849","849","849","0.9552859794425467","0.9552859794425467","0.9552859794425467","833","833","833","0.9529443916497412","0.9529443916497412","0.9529443916497412","1409","1409","1409"
"16","0.8482357252439424","0.8482357252439424","0.8482357252439424","1497","1497","1497","0.8514341865144355","0.8514341865144355","0.8514341865144355","290","290","290","0.8567061282423222","0.8567061282423222","0.8567061282423222","885","885","885","0.7919839007211136","0.7919839007211136","0.7919839007211136","902","902","902","0.9410103042838244","0.9410103042838244","0.9410103042838244","902","902","902","0.9439856191412038","0.9439856191412038","0.9439856191412038","885","885","885","0.9520102359612672","0.9520102359612672","0.9520102359612672","1497","1497","1497","0.9461809617394289","0.9461809617394289","0.9461809617394289","290","290","290","0.8371649865528786","0.8371649865528786","0.8371649865528786","1497","1497","1497","0.8483848829410571","0.8483848829410571","0.8483848829410571","290","290","290","0.7989565282203215","0.7989565282203215","0.7989565282203215","902","902","902","0.8374783585232324","0.8374783585232324","0.8374783585232324","885","885","885","0.9628288023055758","0.9628288023055758","0.9628288023055758","1497","1497","1497","0.9544983076755105","0.9544983076755105","0.9544983076755105","290","290","290","0.9628288023055758","0.9628288023055758","0.9628288023055758","902","902","902","0.9544983076755105","0.9544983076755105","0.9544983076755105","885","885","885","","","","","","","1","1","1","528","528","528","","","","","","","","","","","","","0.9699202969756524","0.9699202969756524","0.9699202969756524","290","290","290","0.9337233930224036","0.9337233930224036","0.9337233930224036","902","902","902","0.9415158912056447","0.9415158912056447","0.9415158912056447","1497","1497","1497","0.9630496155225928","0.9630496155225928","0.9630496155225928","885","885","885","0.9449877559933243","0.9449877559933243","0.9449877559933243","290","290","290","0.9546897224240843","0.9546897224240843","0.9546897224240843","902","902","902","0.9467034766739976","0.9467034766739976","0.9467034766739976","885","885","885","0.9620660741237632","0.9620660741237632","0.9620660741237632","1497","1497","1497"
"17","0.8477711318563239","0.8477711318563239","0.8477711318563239","1585","1585","1585","0.866906867561961","0.866906867561961","0.866906867561961","307","307","307","0.8499290315536632","0.8499290315536632","0.8499290315536632","937","937","937","0.7727728399202489","0.7727728399202489","0.7727728399202489","955","955","955","0.9373295818038397","0.9373295818038397","0.9373295818038397","955","955","955","0.89824606554053","0.89824606554053","0.89824606554053","937","937","937","0.9477642996006236","0.9477642996006236","0.9477642996006236","1585","1585","1585","0.9188971035515417","0.9188971035515417","0.9188971035515417","307","307","307","0.854295314935932","0.854295314935932","0.854295314935932","1585","1585","1585","0.8539726732487951","0.8539726732487951","0.8539726732487951","307","307","307","0.8275439282985819","0.8275439282985819","0.8275439282985819","955","955","955","0.858495936861479","0.858495936861479","0.858495936861479","937","937","937","0.970939310935957","0.970939310935957","0.970939310935957","1585","1585","1585","0.945342598225009","0.945342598225009","0.945342598225009","307","307","307","0.970939310935957","0.970939310935957","0.970939310935957","955","955","955","0.945342598225009","0.945342598225009","0.945342598225009","937","937","937","","","","","","","1","1","1","559","559","559","","","","","","","","","","","","","0.9630574142529595","0.9630574142529595","0.9630574142529595","307","307","307","0.9364078483984571","0.9364078483984571","0.9364078483984571","955","955","955","0.9429804783821217","0.9429804783821217","0.9429804783821217","1585","1585","1585","0.9520690031662845","0.9520690031662845","0.9520690031662845","937","937","937","0.9631393009218099","0.9631393009218099","0.9631393009218099","307","307","307","0.96266358594046","0.96266358594046","0.96266358594046","955","955","955","0.9604058459282829","0.9604058459282829","0.9604058459282829","937","937","937","0.9566313252712716","0.9566313252712716","0.9566313252712716","1585","1585","1585"
"18","0.8407525419096775","0.8407525419096775","0.8407525419096775","1673","1673","1673","0.8727910096236333","0.8727910096236333","0.8727910096236333","324","324","324","0.8317462917037107","0.8317462917037107","0.8317462917037107","989","989","989","0.7917317283743579","0.7917317283743579","0.7917317283743579","1008","1008","1008","0.9479767206414867","0.9479767206414867","0.9479767206414867","1008","1008","1008","0.9187216321182912","0.9187216321182912","0.9187216321182912","989","989","989","0.9528176843622089","0.9528176843622089","0.9528176843622089","1673","1673","1673","0.9132742189571539","0.9132742189571539","0.9132742189571539","324","324","324","0.8679001993776437","0.8679001993776437","0.8679001993776437","1673","1673","1673","0.8389133249107046","0.8389133249107046","0.8389133249107046","324","324","324","0.8481251669244291","0.8481251669244291","0.8481251669244291","1008","1008","1008","0.8442554552118915","0.8442554552118915","0.8442554552118915","989","989","989","0.965889652859299","0.965889652859299","0.965889652859299","1673","1673","1673","0.9581169185656575","0.9581169185656575","0.9581169185656575","324","324","324","0.9659182241104092","0.9659182241104092","0.9659182241104092","1008","1008","1008","0.9581169185656575","0.9581169185656575","0.9581169185656575","989","989","989","","","","","","","1","1","1","590","590","590","","","","","","","","","","","","","0.9678204888244194","0.9678204888244194","0.9678204888244194","324","324","324","0.9437419643356253","0.9437419643356253","0.9437419643356253","1008","1008","1008","0.9516263874137427","0.9516263874137427","0.9516263874137427","1673","1673","1673","0.9594076084413458","0.9594076084413458","0.9594076084413458","989","989","989","0.956744342021119","0.956744342021119","0.956744342021119","324","324","324","0.9665492760914529","0.9665492760914529","0.9665492760914529","1008","1008","1008","0.9582767925381748","0.9582767925381748","0.9582767925381748","989","989","989","0.9314737175545493","0.9314737175545493","0.9314737175545493","1673","1673","1673"
"19","0.8413910472605761","0.8413910472605761","0.8413910472605761","1761","1761","1761","0.8756453449378441","0.8756453449378441","0.8756453449378441","341","341","341","0.8492739382028607","0.8492739382028607","0.8492739382028607","1041","1041","1041","0.7956869833106626","0.7956869833106626","0.7956869833106626","1061","1061","1061","0.9535033943888548","0.9535033943888548","0.9535033943888548","1061","1061","1061","0.9354733049459547","0.9354733049459547","0.9354733049459547","1041","1041","1041","0.9532338308457712","0.9532338308457712","0.9532338308457712","1761","1761","1761","0.9389749348806015","0.9389749348806015","0.9389749348806015","341","341","341","0.8755883503829168","0.8755883503829168","0.8755883503829168","1761","1761","1761","0.8669770561352612","0.8669770561352612","0.8669770561352612","341","341","341","0.8639673045509034","0.8639673045509034","0.8639673045509034","1061","1061","1061","0.8647154243289193","0.8647154243289193","0.8647154243289193","1041","1041","1041","0.9719417891814337","0.9719417891814337","0.9719417891814337","1761","1761","1761","0.9694406750581006","0.9694406750581006","0.9694406750581006","341","341","341","0.9720200495649096","0.9720200495649096","0.9720200495649096","1061","1061","1061","0.9694406750581006","0.9694406750581006","0.9694406750581006","1041","1041","1041","","","","","","","1","1","1","621","621","621","","","","","","","","","","","","","0.9708249496981891","0.9708249496981891","0.9708249496981891","341","341","341","0.9472698927335855","0.9472698927335855","0.9472698927335855","1061","1061","1061","0.9533145756858654","0.9533145756858654","0.9533145756858654","1761","1761","1761","0.9618681078720384","0.9618681078720384","0.9618681078720384","1041","1041","1041","0.9622970380422067","0.9622970380422067","0.9622970380422067","341","341","341","0.9668548642555016","0.9668548642555016","0.9668548642555016","1061","1061","1061","0.9634395520409278","0.9634395520409278","0.9634395520409278","1041","1041","1041","0.9567207657095298","0.9567207657095298","0.9567207657095298","1761","1761","1761"
"20","0.8566008906776977","0.8566008906776977","0.8566008906776977","1849","1849","1849","0.8832335095846396","0.8832335095846396","0.8832335095846396","358","358","358","0.8447740707812768","0.8447740707812768","0.8447740707812768","1093","1093","1093","0.784275874062894","0.784275874062894","0.784275874062894","1114","1114","1114","0.9383618735287358","0.9383618735287358","0.9383618735287358","1114","1114","1114","0.9366041208491257","0.9366041208491257","0.9366041208491257","1093","1093","1093","0.9532561909553356","0.9532561909553356","0.9532561909553356","1849","1849","1849","0.9441591408918628","0.9441591408918628","0.9441591408918628","358","358","358","0.8592803771405146","0.8592803771405146","0.8592803771405146","1849","1849","1849","0.8460179682747649","0.8460179682747649","0.8460179682747649","358","358","358","0.8558033801032291","0.8558033801032291","0.8558033801032291","1114","1114","1114","0.8534072652972097","0.8534072652972097","0.8534072652972097","1093","1093","1093","0.9691840423351407","0.9691840423351407","0.9691840423351407","1849","1849","1849","0.9705987865175549","0.9705987865175549","0.9705987865175549","358","358","358","0.969626275613195","0.969626275613195","0.969626275613195","1114","1114","1114","0.9705987865175549","0.9705987865175549","0.9705987865175549","1093","1093","1093","","","","","","","1","1","1","652","652","652","","","","","","","","","","","","","0.9731918643644814","0.9731918643644814","0.9731918643644814","358","358","358","0.9408376345488538","0.9408376345488538","0.9408376345488538","1114","1114","1114","0.9473071595828597","0.9473071595828597","0.9473071595828597","1849","1849","1849","0.9684736324926303","0.9684736324926303","0.9684736324926303","1093","1093","1093","0.9662860886247718","0.9662860886247718","0.9662860886247718","358","358","358","0.9547195359035037","0.9547195359035037","0.9547195359035037","1114","1114","1114","0.9592048414518115","0.9592048414518115","0.9592048414518115","1093","1093","1093","0.9558338146968032","0.9558338146968032","0.9558338146968032","1849","1849","1849"
"21","0.8521549555592822","0.8521549555592822","0.8521549555592822","1937","1937","1937","0.881467097156583","0.881467097156583","0.881467097156583","375","375","375","0.8491335610562601","0.8491335610562601","0.8491335610562601","1145","1145","1145","0.7860671672846753","0.7860671672846753","0.7860671672846753","1167","1167","1167","0.9417345233880534","0.9417345233880534","0.9417345233880534","1167","1167","1167","0.9390724190101852","0.9390724190101852","0.9390724190101852","1145","1145","1145","0.9492736069962299","0.9492736069962299","0.9492736069962299","1937","1937","1937","0.942632539422582","0.942632539422582","0.942632539422582","375","375","375","0.8798106844056869","0.8798106844056869","0.8798106844056869","1937","1937","1937","0.8653081278367881","0.8653081278367881","0.8653081278367881","375","375","375","0.8638853174825002","0.8638853174825002","0.8638853174825002","1167","1167","1167","0.8548558794628234","0.8548558794628234","0.8548558794628234","1145","1145","1145","0.9804411152725759","0.9804411152725759","0.9804411152725759","1937","1937","1937","0.9745254472571865","0.9745254472571865","0.9745254472571865","375","375","375","0.981243594760281","0.981243594760281","0.981243594760281","1167","1167","1167","0.9745254472571865","0.9745254472571865","0.9745254472571865","1145","1145","1145","","","","","","","1","1","1","683","683","683","","","","","","","","","","","","","0.9786782711774523","0.9786782711774523","0.9786782711774523","375","375","375","0.9438127713492463","0.9438127713492463","0.9438127713492463","1167","1167","1167","0.9508239079260377","0.9508239079260377","0.9508239079260377","1937","1937","1937","0.9748529939325878","0.9748529939325878","0.9748529939325878","1145","1145","1145","0.9467112754043642","0.9467112754043642","0.9467112754043642","375","375","375","0.9621666946168036","0.9621666946168036","0.9621666946168036","1167","1167","1167","0.9509771809149471","0.9509771809149471","0.9509771809149471","1145","1145","1145","0.9669443046937596","0.9669443046937596","0.9669443046937596","1937","1937","1937"
"22","0.8577114427860697","0.8577114427860697","0.8577114427860697","2025","2025","2025","0.8877294776410399","0.8877294776410399","0.8877294776410399","392","392","392","0.8506270179214824","0.8506270179214824","0.8506270179214824","1197","1197","1197","0.7845118974416307","0.7845118974416307","0.7845118974416307","1220","1220","1220","0.9475382140483599","0.9475382140483599","0.9475382140483599","1220","1220","1220","0.9467463696910143","0.9467463696910143","0.9467463696910143","1197","1197","1197","0.9515468848019576","0.9515468848019576","0.9515468848019576","2025","2025","2025","0.9520884999922014","0.9520884999922014","0.9520884999922014","392","392","392","0.866008285662822","0.866008285662822","0.866008285662822","2025","2025","2025","0.8393929468282564","0.8393929468282564","0.8393929468282564","392","392","392","0.8540592915571953","0.8540592915571953","0.8540592915571953","1220","1220","1220","0.8472501676727029","0.8472501676727029","0.8472501676727029","1197","1197","1197","0.9828423425941454","0.9828423425941454","0.9828423425941454","2025","2025","2025","0.9805031740832593","0.9805031740832593","0.9805031740832593","392","392","392","0.9842982341724585","0.9842982341724585","0.9842982341724585","1220","1220","1220","0.9805031740832593","0.9805031740832593","0.9805031740832593","1197","1197","1197","","","","","","","1","1","1","714","714","714","","","","","","","","","","","","","0.9806669474209598","0.9806669474209598","0.9806669474209598","392","392","392","0.9530673722523464","0.9530673722523464","0.9530673722523464","1220","1220","1220","0.9574213824758853","0.9574213824758853","0.9574213824758853","2025","2025","2025","0.9752234336250059","0.9752234336250059","0.9752234336250059","1197","1197","1197","0.9612598069034362","0.9612598069034362","0.9612598069034362","392","392","392","0.9616337786721822","0.9616337786721822","0.9616337786721822","1220","1220","1220","0.9565415750315849","0.9565415750315849","0.9565415750315849","1197","1197","1197","0.9750175464748666","0.9750175464748666","0.9750175464748666","2025","2025","2025"
"23","0.8577897031695456","0.8577897031695456","0.8577897031695456","2113","2113","2113","0.8856277198072154","0.8856277198072154","0.8856277198072154","409","409","409","0.8674137850357962","0.8674137850357962","0.8674137850357962","1249","1249","1249","0.7890944776740516","0.7890944776740516","0.7890944776740516","1273","1273","1273","0.9498723610412358","0.9498723610412358","0.9498723610412358","1273","1273","1273","0.9545139051362439","0.9545139051362439","0.9545139051362439","1249","1249","1249","0.9588350382916876","0.9588350382916876","0.9588350382916876","2113","2113","2113","0.9611974170605025","0.9611974170605025","0.9611974170605025","409","409","409","0.8574555437543866","0.8574555437543866","0.8574555437543866","2113","2113","2113","0.8721632118291143","0.8721632118291143","0.8721632118291143","409","409","409","0.8583598859634411","0.8583598859634411","0.8583598859634411","1273","1273","1273","0.8648051097281363","0.8648051097281363","0.8648051097281363","1249","1249","1249","0.9837690449127645","0.9837690449127645","0.9837690449127645","2113","2113","2113","0.9742563910595354","0.9742563910595354","0.9742563910595354","409","409","409","0.9840044471773468","0.9840044471773468","0.9840044471773468","1273","1273","1273","0.9742563910595354","0.9742563910595354","0.9742563910595354","1249","1249","1249","","","","","","","1","1","1","745","745","745","","","","","","","","","","","","","0.9811309718777783","0.9811309718777783","0.9811309718777783","409","409","409","0.9392438556282259","0.9392438556282259","0.9392438556282259","1273","1273","1273","0.9475034316557039","0.9475034316557039","0.9475034316557039","2113","2113","2113","0.975808338402508","0.975808338402508","0.975808338402508","1249","1249","1249","0.97017375571257","0.97017375571257","0.97017375571257","409","409","409","0.9641853156191577","0.9641853156191577","0.9641853156191577","1273","1273","1273","0.9711291001824903","0.9711291001824903","0.9711291001824903","1249","1249","1249","0.9708225414748977","0.9708225414748977","0.9708225414748977","2113","2113","2113"
"24","0.8537338277402005","0.8537338277402005","0.8537338277402005","2201","2201","2201","0.8631712757163135","0.8631712757163135","0.8631712757163135","426","426","426","0.8637873754152824","0.8637873754152824","0.8637873754152824","1301","1301","1301","0.7990422419736524","0.7990422419736524","0.7990422419736524","1326","1326","1326","0.965042453152465","0.965042453152465","0.965042453152465","1326","1326","1326","0.9135705707110882","0.9135705707110882","0.9135705707110882","1301","1301","1301","0.9661107694983261","0.9661107694983261","0.9661107694983261","2201","2201","2201","0.898604807137398","0.898604807137398","0.898604807137398","426","426","426","0.8643859354910838","0.8643859354910838","0.8643859354910838","2201","2201","2201","0.8629373138053126","0.8629373138053126","0.8629373138053126","426","426","426","0.8635524002956503","0.8635524002956503","0.8635524002956503","1326","1326","1326","0.8667352954938936","0.8667352954938936","0.8667352954938936","1301","1301","1301","0.9822845820833411","0.9822845820833411","0.9822845820833411","2201","2201","2201","0.9777736184549155","0.9777736184549155","0.9777736184549155","426","426","426","0.9814914193079546","0.9814914193079546","0.9814914193079546","1326","1326","1326","0.9777736184549155","0.9777736184549155","0.9777736184549155","1301","1301","1301","","","","","","","1","1","1","776","776","776","","","","","","","","","","","","","0.9697175299861182","0.9697175299861182","0.9697175299861182","426","426","426","0.9492891348500943","0.9492891348500943","0.9492891348500943","1326","1326","1326","0.9528996714306124","0.9528996714306124","0.9528996714306124","2201","2201","2201","0.9571420772698204","0.9571420772698204","0.9571420772698204","1301","1301","1301","0.9749543774273548","0.9749543774273548","0.9749543774273548","426","426","426","0.9711778187713119","0.9711778187713119","0.9711778187713119","1326","1326","1326","0.9712343830424408","0.9712343830424408","0.9712343830424408","1301","1301","1301","0.9593195073322527","0.9593195073322527","0.9593195073322527","2201","2201","2201"
"25","0.8554990341674896","0.8554990341674896","0.8554990341674896","2289","2289","2289","0.8869301077784537","0.8869301077784537","0.8869301077784537","443","443","443","0.8749317611092914","0.8749317611092914","0.8749317611092914","1353","1353","1353","0.804645933876187","0.804645933876187","0.804645933876187","1379","1379","1379","0.962002720479997","0.962002720479997","0.962002720479997","1379","1379","1379","0.9244809944940964","0.9244809944940964","0.9244809944940964","1353","1353","1353","0.9644238234545126","0.9644238234545126","0.9644238234545126","2289","2289","2289","0.9195404988067942","0.9195404988067942","0.9195404988067942","443","443","443","0.8826094247861813","0.8826094247861813","0.8826094247861813","2289","2289","2289","0.8685913933211674","0.8685913933211674","0.8685913933211674","443","443","443","0.8735871205768908","0.8735871205768908","0.8735871205768908","1379","1379","1379","0.8591276340211813","0.8591276340211813","0.8591276340211813","1353","1353","1353","0.9860497760883473","0.9860497760883473","0.9860497760883473","2289","2289","2289","0.9768728650975621","0.9768728650975621","0.9768728650975621","443","443","443","0.9834808479450439","0.9834808479450439","0.9834808479450439","1379","1379","1379","0.9768728650975621","0.9768728650975621","0.9768728650975621","1353","1353","1353","","","","","","","1","1","1","807","807","807","","","","","","","","","","","","","0.9797544959680564","0.9797544959680564","0.9797544959680564","443","443","443","","","","","","","0.9578015043384823","0.9578015043384823","0.9578015043384823","2289","2289","2289","0.9755314834744904","0.9755314834744904","0.9755314834744904","1353","1353","1353","0.976377645719277","0.976377645719277","0.976377645719277","443","443","443","0.9742014024757609","0.9742014024757609","0.9742014024757609","1379","1379","1379","0.9761943755556596","0.9761943755556596","0.9761943755556596","1353","1353","1353","0.9679778386469648","0.9679778386469648","0.9679778386469648","2289","2289","2289"
"26","0.8620480618132806","0.8620480618132806","0.8620480618132806","2377","2377","2377","0.894549467346716","0.894549467346716","0.894549467346716","460","460","460","0.8658501395972736","0.8658501395972736","0.8658501395972736","1405","1405","1405","0.7846100334780529","0.7846100334780529","0.7846100334780529","1432","1432","1432","0.9569232489239197","0.9569232489239197","0.9569232489239197","1432","1432","1432","0.9263565891472868","0.9263565891472868","0.9263565891472868","1405","1405","1405","0.9604052148744417","0.9604052148744417","0.9604052148744417","2377","2377","2377","0.9246408684666138","0.9246408684666138","0.9246408684666138","460","460","460","0.8746020211054589","0.8746020211054589","0.8746020211054589","2377","2377","2377","0.8671447288381452","0.8671447288381452","0.8671447288381452","460","460","460","0.8798591313097435","0.8798591313097435","0.8798591313097435","1432","1432","1432","0.8615062467830239","0.8615062467830239","0.8615062467830239","1405","1405","1405","0.9814659536276171","0.9814659536276171","0.9814659536276171","2377","2377","2377","0.9828505919236349","0.9828505919236349","0.9828505919236349","460","460","460","0.9870671610735338","0.9870671610735338","0.9870671610735338","1432","1432","1432","0.9828505919236349","0.9828505919236349","0.9828505919236349","1405","1405","1405","","","","","","","1","1","1","838","838","838","","","","","","","","","","","","","0.9804056899536755","0.9804056899536755","0.9804056899536755","460","460","460","","","","","","","0.9625791144154385","0.9625791144154385","0.9625791144154385","2377","2377","2377","0.9750479621917552","0.9750479621917552","0.9750479621917552","1405","1405","1405","0.976155381903826","0.976155381903826","0.976155381903826","460","460","460","0.9759753045012143","0.9759753045012143","0.9759753045012143","1432","1432","1432","0.9797116029510395","0.9797116029510395","0.9797116029510395","1405","1405","1405","0.9779057272936191","0.9779057272936191","0.9779057272936191","2377","2377","2377"
"27","0.8668343674884007","0.8668343674884007","0.8668343674884007","2465","2465","2465","0.898795876031382","0.898795876031382","0.898795876031382","477","477","477","0.8830346419602888","0.8830346419602888","0.8830346419602888","1457","1457","1457","0.803120477512562","0.803120477512562","0.803120477512562","1485","1485","1485","0.952149365531891","0.952149365531891","0.952149365531891","1485","1485","1485","0.9463096407904794","0.9463096407904794","0.9463096407904794","1457","1457","1457","0.96142011540301","0.96142011540301","0.96142011540301","2465","2465","2465","0.9445003353454058","0.9445003353454058","0.9445003353454058","477","477","477","0.8512344643822088","0.8512344643822088","0.8512344643822088","2465","2465","2465","0.8803947717311621","0.8803947717311621","0.8803947717311621","477","477","477","0.8688231750113353","0.8688231750113353","0.8688231750113353","1485","1485","1485","0.8801452123594279","0.8801452123594279","0.8801452123594279","1457","1457","1457","0.9872423152651225","0.9872423152651225","0.9872423152651225","2465","2465","2465","0.9854085754839113","0.9854085754839113","0.9854085754839113","477","477","477","0.9889839193545382","0.9889839193545382","0.9889839193545382","1485","1485","1485","0.9854085754839113","0.9854085754839113","0.9854085754839113","1457","1457","1457","","","","","","","1","1","1","869","869","869","","","","","","","","","","","","","0.9834588928922372","0.9834588928922372","0.9834588928922372","477","477","477","","","","","","","0.9504251526388036","0.9504251526388036","0.9504251526388036","2465","2465","2465","0.9796882067599394","0.9796882067599394","0.9796882067599394","1457","1457","1457","0.9822851839720493","0.9822851839720493","0.9822851839720493","477","477","477","0.9723952025142701","0.9723952025142701","0.9723952025142701","1485","1485","1485","0.9836889554380547","0.9836889554380547","0.9836889554380547","1457","1457","1457","0.9752411475705121","0.9752411475705121","0.9752411475705121","2465","2465","2465"
"28","0.8644567425047051","0.8644567425047051","0.8644567425047051","2553","2553","2553","0.8978288334659117","0.8978288334659117","0.8978288334659117","494","494","494","0.8775521345125014","0.8775521345125014","0.8775521345125014","1509","1509","1509","0.7942459984720591","0.7942459984720591","0.7942459984720591","1538","1538","1538","0.9639232054459289","0.9639232054459289","0.9639232054459289","1538","1538","1538","0.932283624225976","0.932283624225976","0.932283624225976","1509","1509","1509","0.9723206688157217","0.9723206688157217","0.9723206688157217","2553","2553","2553","0.9469374385849983","0.9469374385849983","0.9469374385849983","494","494","494","0.8601337879888944","0.8601337879888944","0.8601337879888944","2553","2553","2553","0.8825901143293874","0.8825901143293874","0.8825901143293874","494","494","494","0.8825137732063777","0.8825137732063777","0.8825137732063777","1538","1538","1538","0.8977976385444449","0.8977976385444449","0.8977976385444449","1509","1509","1509","0.9878323737119645","0.9878323737119645","0.9878323737119645","2553","2553","2553","0.9687348899599144","0.9687348899599144","0.9687348899599144","494","494","494","0.9842870541176763","0.9842870541176763","0.9842870541176763","1538","1538","1538","0.9687348899599144","0.9687348899599144","0.9687348899599144","1509","1509","1509","","","","","","","1","1","1","900","900","900","","","","","","","","","","","","","0.9817470715767473","0.9817470715767473","0.9817470715767473","494","494","494","","","","","","","0.9615182514394321","0.9615182514394321","0.9615182514394321","2553","2553","2553","0.9776839330556986","0.9776839330556986","0.9776839330556986","1509","1509","1509","0.9662470949729384","0.9662470949729384","0.9662470949729384","494","494","494","0.9781827442065577","0.9781827442065577","0.9781827442065577","1538","1538","1538","0.9693704864848003","0.9693704864848003","0.9693704864848003","1509","1509","1509","0.9757603990037329","0.9757603990037329","0.9757603990037329","2553","2553","2553"
"29","0.8603834758790319","0.8603834758790319","0.8603834758790319","2641","2641","2641","0.8986009077722147","0.8986009077722147","0.8986009077722147","511","511","511","0.8757233322415111","0.8757233322415111","0.8757233322415111","1561","1561","1561","0.8003018614791213","0.8003018614791213","0.8003018614791213","1591","1591","1591","0.9729268762305825","0.9729268762305825","0.9729268762305825","1591","1591","1591","0.9386200926489168","0.9386200926489168","0.9386200926489168","1561","1561","1561","0.9764175377792684","0.9764175377792684","0.9764175377792684","2641","2641","2641","0.9521508898351347","0.9521508898351347","0.9521508898351347","511","511","511","0.8412481910050249","0.8412481910050249","0.8412481910050249","2641","2641","2641","0.8790650882036404","0.8790650882036404","0.8790650882036404","511","511","511","0.8875162266072881","0.8875162266072881","0.8875162266072881","1591","1591","1591","0.8859825620389001","0.8859825620389001","0.8859825620389001","1561","1561","1561","0.988964043701592","0.988964043701592","0.988964043701592","2641","2641","2641","0.9721234383042441","0.9721234383042441","0.9721234383042441","511","511","511","0.9876050459313918","0.9876050459313918","0.9876050459313918","1591","1591","1591","0.9721234383042441","0.9721234383042441","0.9721234383042441","1561","1561","1561","","","","","","","1","1","1","931","931","931","","","","","","","","","","","","","0.9829051830362017","0.9829051830362017","0.9829051830362017","511","511","511","","","","","","","0.9627455730088633","0.9627455730088633","0.9627455730088633","2641","2641","2641","0.980319903919642","0.980319903919642","0.980319903919642","1561","1561","1561","0.96842684011043","0.96842684011043","0.96842684011043","511","511","511","0.9765243694138546","0.9765243694138546","0.9765243694138546","1591","1591","1591","0.9791422956342707","0.9791422956342707","0.9791422956342707","1561","1561","1561","0.9808013614822267","0.9808013614822267","0.9808013614822267","2641","2641","2641"
"30","0.8505996857162378","0.8505996857162378","0.8505996857162378","2729","2729","2729","0.9036622837802006","0.9036622837802006","0.9036622837802006","528","528","528","0.8805663437992295","0.8805663437992295","0.8805663437992295","1613","1613","1613","0.8124670033105384","0.8124670033105384","0.8124670033105384","1644","1644","1644","0.9681244215874436","0.9681244215874436","0.9681244215874436","1644","1644","1644","0.9530126495406548","0.9530126495406548","0.9530126495406548","1613","1613","1613","0.9769616337786722","0.9769616337786722","0.9769616337786722","2729","2729","2729","0.9575164163274218","0.9575164163274218","0.9575164163274218","528","528","528","0.8242768678455413","0.8242768678455413","0.8242768678455413","2729","2729","2729","0.8855731286946484","0.8855731286946484","0.8855731286946484","528","528","528","0.8829212240917759","0.8829212240917759","0.8829212240917759","1644","1644","1644","0.8906345047026344","0.8906345047026344","0.8906345047026344","1613","1613","1613","","","","","","","0.9786470762559855","0.9786470762559855","0.9786470762559855","528","528","528","","","","","","","0.9786470762559855","0.9786470762559855","0.9786470762559855","1613","1613","1613","","","","","","","1","1","1","962","962","962","","","","","","","","","","","","","0.9847846770545755","0.9847846770545755","0.9847846770545755","528","528","528","","","","","","","0.9648759945590399","0.9648759945590399","0.9648759945590399","2729","2729","2729","0.9820824169825153","0.9820824169825153","0.9820824169825153","1613","1613","1613","0.9786548749863523","0.9786548749863523","0.9786548749863523","528","528","528","","","","","","","0.983938514809789","0.983938514809789","0.983938514809789","1613","1613","1613","","","","","",""
"31","0.8503201843466811","0.8503201843466811","0.8503201843466811","2817","2817","2817","0.9039430380734016","0.9039430380734016","0.9039430380734016","545","545","545","0.8824185422613198","0.8824185422613198","0.8824185422613198","1665","1665","1665","0.7980583971528126","0.7980583971528126","0.7980583971528126","1697","1697","1697","0.9730436456916417","0.9730436456916417","0.9730436456916417","1697","1697","1697","0.9614235802411367","0.9614235802411367","0.9614235802411367","1665","1665","1665","0.9772125638971185","0.9772125638971185","0.9772125638971185","2817","2817","2817","0.9591892439910782","0.9591892439910782","0.9591892439910782","545","545","545","0.8334358171688374","0.8334358171688374","0.8334358171688374","2817","2817","2817","0.9016268151544927","0.9016268151544927","0.9016268151544927","545","545","545","0.863143707181943","0.863143707181943","0.863143707181943","1697","1697","1697","0.9012602748272581","0.9012602748272581","0.9012602748272581","1665","1665","1665","","","","","","","0.9824528566749333","0.9824528566749333","0.9824528566749333","545","545","545","","","","","","","0.9824528566749333","0.9824528566749333","0.9824528566749333","1665","1665","1665","","","","","","","1","1","1","993","993","993","","","","","","","","","","","","","0.9868162463150999","0.9868162463150999","0.9868162463150999","545","545","545","","","","","","","0.9634722765697107","0.9634722765697107","0.9634722765697107","2817","2817","2817","0.9858842980362797","0.9858842980362797","0.9858842980362797","1665","1665","1665","0.984811972610859","0.984811972610859","0.984811972610859","545","545","545","","","","","","","0.9842192691029901","0.9842192691029901","0.9842192691029901","1665","1665","1665","","","","","",""
"32","0.8599549071123781","0.8599549071123781","0.8599549071123781","2905","2905","2905","0.9057484441532918","0.9057484441532918","0.9057484441532918","562","562","562","0.8948731146569339","0.8948731146569339","0.8948731146569339","1717","1717","1717","0.8051763653641901","0.8051763653641901","0.8051763653641901","1750","1750","1750","0.9793541655020777","0.9793541655020777","0.9793541655020777","1750","1750","1750","0.9635682310919782","0.9635682310919782","0.9635682310919782","1717","1717","1717","0.9613654573574077","0.9613654573574077","0.9613654573574077","2905","2905","2905","0.9623477297895903","0.9623477297895903","0.9623477297895903","562","562","562","0.8506493748486033","0.8506493748486033","0.8506493748486033","2905","2905","2905","0.8960390248467549","0.8960390248467549","0.8960390248467549","562","562","562","0.8689908758330694","0.8689908758330694","0.8689908758330694","1750","1750","1750","0.9052532247750066","0.9052532247750066","0.9052532247750066","1717","1717","1717","","","","","","","0.9855450532653285","0.9855450532653285","0.9855450532653285","562","562","562","","","","","","","0.9855450532653285","0.9855450532653285","0.9855450532653285","1717","1717","1717","","","","","","","1","1","1","1024","1024","1024","","","","","","","","","","","","","0.9877286977680033","0.9877286977680033","0.9877286977680033","562","562","562","","","","","","","0.9664163576623748","0.9664163576623748","0.9664163576623748","2905","2905","2905","0.9854709653268449","0.9854709653268449","0.9854709653268449","1717","1717","1717","0.9846520986383417","0.9846520986383417","0.9846520986383417","562","562","562","","","","","","","0.9811036763214949","0.9811036763214949","0.9811036763214949","1717","1717","1717","","","","","",""
"33","0.8672977186477102","0.8672977186477102","0.8672977186477102","2993","2993","2993","0.9063021540093273","0.9063021540093273","0.9063021540093273","579","579","579","0.9068909581520127","0.9068909581520127","0.9068909581520127","1769","1769","1769","0.8088570878441749","0.8088570878441749","0.8088570878441749","1803","1803","1803","0.9682262843087931","0.9682262843087931","0.9682262843087931","1803","1803","1803","0.9318546940558077","0.9318546940558077","0.9318546940558077","1769","1769","1769","0.9756225116614183","0.9756225116614183","0.9756225116614183","2993","2993","2993","0.946149766817962","0.946149766817962","0.946149766817962","579","579","579","0.8514816678157279","0.8514816678157279","0.8514816678157279","2993","2993","2993","0.8937539968493129","0.8937539968493129","0.8937539968493129","579","579","579","0.8757461133781779","0.8757461133781779","0.8757461133781779","1803","1803","1803","0.908294729618018","0.908294729618018","0.908294729618018","1769","1769","1769","","","","","","","0.9845156208569246","0.9845156208569246","0.9845156208569246","579","579","579","","","","","","","0.9845156208569246","0.9845156208569246","0.9845156208569246","1769","1769","1769","","","","","","","1","1","1","1055","1055","1055","","","","","","","","","","","","","0.9862781339197979","0.9862781339197979","0.9862781339197979","579","579","579","","","","","","","0.968453612089366","0.968453612089366","0.968453612089366","2993","2993","2993","0.9793294651630715","0.9793294651630715","0.9793294651630715","1769","1769","1769","0.9799533635924071","0.9799533635924071","0.9799533635924071","579","579","579","","","","","","","0.9838956217927721","0.9838956217927721","0.9838956217927721","1769","1769","1769","","","","","",""
"34","0.8633051968621313","0.8633051968621313","0.8633051968621313","3081","3081","3081","0.9039430380734017","0.9039430380734017","0.9039430380734017","596","596","596","0.8461154524043486","0.8461154524043486","0.8461154524043486","1821","1821","1821","0.8023664449289134","0.8023664449289134","0.8023664449289134","1856","1856","1856","0.9711529742051291","0.9711529742051291","0.9711529742051291","1856","1856","1856","0.9362765741737245","0.9362765741737245","0.9362765741737245","1821","1821","1821","0.9691678933671218","0.9691678933671218","0.9691678933671218","3081","3081","3081","0.938768268525884","0.938768268525884","0.938768268525884","596","596","596","0.8444407177595171","0.8444407177595171","0.8444407177595171","3081","3081","3081","0.8946859451281332","0.8946859451281332","0.8946859451281332","596","596","596","0.898205601207446","0.898205601207446","0.898205601207446","1856","1856","1856","0.9075928438850156","0.9075928438850156","0.9075928438850156","1821","1821","1821","","","","","","","0.986211844711681","0.986211844711681","0.986211844711681","596","596","596","","","","","","","0.9862157440768643","0.9862157440768643","0.9862157440768643","1821","1821","1821","","","","","","","1","1","1","1086","1086","1086","","","","","","","","","","","","","0.985630839299362","0.985630839299362","0.985630839299362","596","596","596","","","","","","","0.9671157322004211","0.9671157322004211","0.9671157322004211","3081","3081","3081","0.9801834261382247","0.9801834261382247","0.9801834261382247","1821","1821","1821","0.9837240497247048","0.9837240497247048","0.9837240497247048","596","596","596","","","","","","","0.9845351176828413","0.9845351176828413","0.9845351176828413","1821","1821","1821","","","","","",""
"35","0.8760951795330464","0.8760951795330464","0.8760951795330464","3169","3169","3169","0.911808057648215","0.911808057648215","0.911808057648215","613","613","613","0.8978483302918283","0.8978483302918283","0.8978483302918283","1873","1873","1873","0.7958832553835069","0.7958832553835069","0.7958832553835069","1909","1909","1909","0.9776336792939175","0.9776336792939175","0.9776336792939175","1909","1909","1909","0.9498580631073261","0.9498580631073261","0.9498580631073261","1873","1873","1873","0.9756808963919479","0.9756808963919479","0.9756808963919479","3169","3169","3169","0.9589942757319108","0.9589942757319108","0.9589942757319108","613","613","613","0.831598561499618","0.831598561499618","0.831598561499618","3169","3169","3169","0.8927050676149924","0.8927050676149924","0.8927050676149924","613","613","613","0.8891696324867546","0.8891696324867546","0.8891696324867546","1909","1909","1909","0.9112075554099793","0.9112075554099793","0.9112075554099793","1873","1873","1873","","","","","","","0.9894444184486766","0.9894444184486766","0.9894444184486766","613","613","613","","","","","","","0.9894366197183099","0.9894366197183099","0.9894366197183099","1873","1873","1873","","","","","","","1","1","1","1117","1117","1117","","","","","","","","","","","","","0.9867772526632665","0.9867772526632665","0.9867772526632665","613","613","613","","","","","","","0.9638412183775257","0.9638412183775257","0.9638412183775257","3169","3169","3169","0.9852993932587775","0.9852993932587775","0.9852993932587775","1873","1873","1873","0.9877325971331867","0.9877325971331867","0.9877325971331867","613","613","613","","","","","","","0.9870892018779343","0.9870892018779343","0.9870892018779343","1873","1873","1873","","","","","",""
"36","0.8569151744399104","0.8569151744399104","0.8569151744399104","3257","3257","3257","0.9049841685773556","0.9049841685773556","0.9049841685773556","630","630","630","0.8758442125621949","0.8758442125621949","0.8758442125621949","1925","1925","1925","0.8007826038347587","0.8007826038347587","0.8007826038347587","1962","1962","1962","0.9798808703051534","0.9798808703051534","0.9798808703051534","1962","1962","1962","0.9598482367070641","0.9598482367070641","0.9598482367070641","1925","1925","1925","0.9768535599157769","0.9768535599157769","0.9768535599157769","3257","3257","3257","0.9637281050644955","0.9637281050644955","0.9637281050644955","630","630","630","0.79778759138142","0.79778759138142","0.79778759138142","3257","3257","3257","0.9072107060970475","0.9072107060970475","0.9072107060970475","630","630","630","0.8732753212712966","0.8732753212712966","0.8732753212712966","1962","1962","1962","0.9178754698735045","0.9178754698735045","0.9178754698735045","1925","1925","1925","","","","","","","0.9856035437430787","0.9856035437430787","0.9856035437430787","630","630","630","","","","","","","0.9856347386645454","0.9856347386645454","0.9856347386645454","1925","1925","1925","","","","","","","0.999438491413598","0.999438491413598","0.999438491413598","1148","1148","1148","","","","","","","","","","","","","0.9881888228596385","0.9881888228596385","0.9881888228596385","630","630","630","","","","","","","0.9724983074639287","0.9724983074639287","0.9724983074639287","3257","3257","3257","0.9860909643909972","0.9860909643909972","0.9860909643909972","1925","1925","1925","0.9907273095939981","0.9907273095939981","0.9907273095939981","630","630","630","","","","","","","0.9899279397314117","0.9899279397314117","0.9899279397314117","1925","1925","1925","","","","","",""
"37","0.8744355625120339","0.8744355625120339","0.8744355625120339","3345","3345","3345","0.8923853196699577","0.8923853196699577","0.8923853196699577","647","647","647","0.8891722427588789","0.8891722427588789","0.8891722427588789","1977","1977","1977","0.8064049291619306","0.8064049291619306","0.8064049291619306","2015","2015","2015","0.976765361705828","0.976765361705828","0.976765361705828","2015","2015","2015","0.9600549030617815","0.9600549030617815","0.9600549030617815","1977","1977","1977","0.9772610108011752","0.9772610108011752","0.9772610108011752","3345","3345","3345","0.9633771621979941","0.9633771621979941","0.9633771621979941","647","647","647","0.7868149887267781","0.7868149887267781","0.7868149887267781","3345","3345","3345","0.8996225414502519","0.8996225414502519","0.8996225414502519","647","647","647","0.876002012409861","0.876002012409861","0.876002012409861","2015","2015","2015","0.9084351067646187","0.9084351067646187","0.9084351067646187","1977","1977","1977","","","","","","","0.9802692121722584","0.9802692121722584","0.9802692121722584","647","647","647","","","","","","","0.9802458159811582","0.9802458159811582","0.9802458159811582","1977","1977","1977","","","","","","","","","","","","","","","","","","","","","","","","","0.9889219035141079","0.9889219035141079","0.9889219035141079","647","647","647","","","","","","","0.9463021968807648","0.9463021968807648","0.9463021968807648","3345","3345","3345","0.9881498292078049","0.9881498292078049","0.9881498292078049","1977","1977","1977","0.9909456740442656","0.9909456740442656","0.9909456740442656","647","647","647","","","","","","","0.9910236613479326","0.9910236613479326","0.9910236613479326","1977","1977","1977","","","","","",""
"38","0.8687237967466042","0.8687237967466042","0.8687237967466042","3433","3433","3433","0.9129427729165691","0.9129427729165691","0.9129427729165691","664","664","664","0.8988426684135822","0.8988426684135822","0.8988426684135822","2029","2029","2029","0.8102545946919584","0.8102545946919584","0.8102545946919584","2068","2068","2068","0.9781926820330309","0.9781926820330309","0.9781926820330309","2068","2068","2068","0.9671517476954752","0.9671517476954752","0.9671517476954752","2029","2029","2029","0.9824473139918385","0.9824473139918385","0.9824473139918385","3433","3433","3433","0.9745722396393868","0.9745722396393868","0.9745722396393868","664","664","664","0.8029254476680269","0.8029254476680269","0.8029254476680269","3433","3433","3433","0.9104276823733097","0.9104276823733097","0.9104276823733097","664","664","664","0.8834044509040316","0.8834044509040316","0.8834044509040316","2068","2068","2068","0.9179261616208881","0.9179261616208881","0.9179261616208881","2029","2029","2029","","","","","","","0.9866836678988661","0.9866836678988661","0.9866836678988661","664","664","664","","","","","","","0.9866368755166658","0.9866368755166658","0.9866368755166658","2029","2029","2029","","","","","","","","","","","","","","","","","","","","","","","","","0.9878300812627704","0.9878300812627704","0.9878300812627704","664","664","664","","","","","","","0.9639878013180042","0.9639878013180042","0.9639878013180042","3433","3433","3433","0.9868240450454666","0.9868240450454666","0.9868240450454666","2029","2029","2029","0.9919166159749193","0.9919166159749193","0.9919166159749193","664","664","664","","","","","","","0.9889414003400246","0.9889414003400246","0.9889414003400246","2029","2029","2029","","","","","",""
"39","0.8657635666859211","0.8657635666859211","0.8657635666859211","3521","3521","3521","0.9146779904231591","0.9146779904231591","0.9146779904231591","681","681","681","0.896085817228955","0.896085817228955","0.896085817228955","2081","2081","2081","0.8194781398873299","0.8194781398873299","0.8194781398873299","2121","2121","2121","0.9831963776622505","0.9831963776622505","0.9831963776622505","2121","2121","2121","0.9586745277868762","0.9586745277868762","0.9586745277868762","2081","2081","2081","0.9848112744641337","0.9848112744641337","0.9848112744641337","3521","3521","3521","0.9613221967463697","0.9613221967463697","0.9613221967463697","681","681","681","0.8396308097465233","0.8396308097465233","0.8396308097465233","3521","3521","3521","0.9003595214699047","0.9003595214699047","0.9003595214699047","681","681","681","0.8845274252954951","0.8845274252954951","0.8845274252954951","2121","2121","2121","0.9007689548141563","0.9007689548141563","0.9007689548141563","2081","2081","2081","","","","","","","0.9898967448099449","0.9898967448099449","0.9898967448099449","681","681","681","","","","","","","0.9898382543321946","0.9898382543321946","0.9898382543321946","2081","2081","2081","","","","","","","","","","","","","","","","","","","","","","","","","0.9838254332194718","0.9838254332194718","0.9838254332194718","681","681","681","","","","","","","0.9693902522344581","0.9693902522344581","0.9693902522344581","3521","3521","3521","0.9787445603855692","0.9787445603855692","0.9787445603855692","2081","2081","2081","0.990715611498448","0.990715611498448","0.990715611498448","681","681","681","","","","","","","0.9915149813610344","0.9915149813610344","0.9915149813610344","2081","2081","2081","","","","","",""
"40","0.8651772349240068","0.8651772349240068","0.8651772349240068","3609","3609","3609","0.9105875563458269","0.9105875563458269","0.9105875563458269","698","698","698","0.8957933648402041","0.8957933648402041","0.8957933648402041","2133","2133","2133","0.811034714070099","0.811034714070099","0.811034714070099","2174","2174","2174","0.9805367668523798","0.9805367668523798","0.9805367668523798","2174","2174","2174","0.9384524199460328","0.9384524199460328","0.9384524199460328","2133","2133","2133","0.9890609375097049","0.9890609375097049","0.9890609375097049","3609","3609","3609","0.9290432517586137","0.9290432517586137","0.9290432517586137","698","698","698","0.8194048484170906","0.8194048484170906","0.8194048484170906","3609","3609","3609","0.9023131034267621","0.9023131034267621","0.9023131034267621","698","698","698","0.8907957093434202","0.8907957093434202","0.8907957093434202","2174","2174","2174","0.9159998752203141","0.9159998752203141","0.9159998752203141","2133","2133","2133","","","","","","","0.9915500756476846","0.9915500756476846","0.9915500756476846","698","698","698","","","","","","","0.991511081995851","0.991511081995851","0.991511081995851","2133","2133","2133","","","","","","","","","","","","","","","","","","","","","","","","","0.9887230358897571","0.9887230358897571","0.9887230358897571","698","698","698","","","","","","","0.9698399388823672","0.9698399388823672","0.9698399388823672","3609","3609","3609","0.9855216570742282","0.9855216570742282","0.9855216570742282","2133","2133","2133","0.9773914806669475","0.9773914806669475","0.9773914806669475","698","698","698","","","","","","","0.9798441813672734","0.9798441813672734","0.9798441813672734","2133","2133","2133","","","","","",""
"41","0.8661573530599188","0.8661573530599188","0.8661573530599188","3697","3697","3697","0.9025860589895964","0.9025860589895964","0.9025860589895964","715","715","715","0.8959103457957045","0.8959103457957045","0.8959103457957045","2185","2185","2185","0.7987130514717301","0.7987130514717301","0.7987130514717301","2227","2227","2227","0.9759840000993784","0.9759840000993784","0.9759840000993784","2227","2227","2227","0.9389281424984013","0.9389281424984013","0.9389281424984013","2185","2185","2185","0.9885764684691399","0.9885764684691399","0.9885764684691399","3697","3697","3697","0.9307082806919033","0.9307082806919033","0.9307082806919033","715","715","715","0.8177762871038068","0.8177762871038068","0.8177762871038068","3697","3697","3697","0.91229157893095","0.91229157893095","0.91229157893095","715","715","715","0.8913870100185712","0.8913870100185712","0.8913870100185712","2227","2227","2227","0.9157386177530298","0.9157386177530298","0.9157386177530298","2185","2185","2185","","","","","","","0.991834729306069","0.991834729306069","0.991834729306069","715","715","715","","","","","","","0.9916631572380017","0.9916631572380017","0.9916631572380017","2185","2185","2185","","","","","","","","","","","","","","","","","","","","","","","","","0.9894171228923931","0.9894171228923931","0.9894171228923931","715","715","715","","","","","","","0.9717566971633717","0.9717566971633717","0.9717566971633717","3697","3697","3697","0.9889258028792912","0.9889258028792912","0.9889258028792912","2185","2185","2185","0.9737260773946003","0.9737260773946003","0.9737260773946003","715","715","715","","","","","","","0.9758551307847083","0.9758551307847083","0.9758551307847083","2185","2185","2185","","","","","",""
"42","0.8594754069850498","0.8594754069850498","0.8594754069850498","3785","3785","3785","0.9045786345982874","0.9045786345982874","0.9045786345982874","732","732","732","0.8855848267901987","0.8855848267901987","0.8855848267901987","2237","2237","2237","0.8286470270370989","0.8286470270370989","0.8286470270370989","2280","2280","2280","0.9866758591561543","0.9866758591561543","0.9866758591561543","2280","2280","2280","0.9524238453979692","0.9524238453979692","0.9524238453979692","2237","2237","2237","0.9724759473543643","0.9724759473543643","0.9724759473543643","3785","3785","3785","0.9466956779436309","0.9466956779436309","0.9466956779436309","732","732","732","0.7987950385401332","0.7987950385401332","0.7987950385401332","3785","3785","3785","0.900542791633522","0.900542791633522","0.900542791633522","732","732","732","0.8854504009291867","0.8854504009291867","0.8854504009291867","2280","2280","2280","0.9203398686693807","0.9203398686693807","0.9203398686693807","2237","2237","2237","","","","","","","0.9936089404644923","0.9936089404644923","0.9936089404644923","732","732","732","","","","","","","0.9933905760142249","0.9933905760142249","0.9933905760142249","2237","2237","2237","","","","","","","","","","","","","","","","","","","","","","","","","0.990614228003681","0.990614228003681","0.990614228003681","732","732","732","","","","","","","0.9731430239563729","0.9731430239563729","0.9731430239563729","3785","3785","3785","0.9896666822641274","0.9896666822641274","0.9896666822641274","2237","2237","2237","0.984051596400106","0.984051596400106","0.984051596400106","732","732","732","","","","","","","0.9858453043844462","0.9858453043844462","0.9858453043844462","2237","2237","2237","","","","","",""
"43","0.8624362581598871","0.8624362581598871","0.8624362581598871","3873","3873","3873","0.9054053000171574","0.9054053000171574","0.9054053000171574","749","749","749","0.8765850919470309","0.8765850919470309","0.8765850919470309","2289","2289","2289","0.8155961764212644","0.8155961764212644","0.8155961764212644","2333","2333","2333","0.9834584878354793","0.9834584878354793","0.9834584878354793","2333","2333","2333","0.9550793130878293","0.9550793130878293","0.9550793130878293","2289","2289","2289","0.9822125328414109","0.9822125328414109","0.9822125328414109","3873","3873","3873","0.9542838425904263","0.9542838425904263","0.9542838425904263","749","749","749","0.7902944702206818","0.7902944702206818","0.7902944702206818","3873","3873","3873","0.9062826571834105","0.9062826571834105","0.9062826571834105","749","749","749","0.8900143477369705","0.8900143477369705","0.8900143477369705","2333","2333","2333","0.9231006192191911","0.9231006192191911","0.9231006192191911","2289","2289","2289","","","","","","","0.9946071779514295","0.9946071779514295","0.9946071779514295","749","749","749","","","","","","","0.9945174925522124","0.9945174925522124","0.9945174925522124","2289","2289","2289","","","","","","","","","","","","","","","","","","","","","","","","","0.9875844212562195","0.9875844212562195","0.9875844212562195","749","749","749","","","","","","","0.9683592027378712","0.9683592027378712","0.9683592027378712","3873","3873","3873","0.9872256796593515","0.9872256796593515","0.9872256796593515","2289","2289","2289","0.9904738508570805","0.9904738508570805","0.9904738508570805","749","749","749","","","","","","","0.9896666822641274","0.9896666822641274","0.9896666822641274","2289","2289","2289","","","","","",""
"44","0.8643635753815194","0.8643635753815194","0.8643635753815194","3961","3961","3961","0.9139176142124062","0.9139176142124062","0.9139176142124062","766","766","766","0.8974973874253273","0.8974973874253273","0.8974973874253273","2341","2341","2341","0.8258507711132229","0.8258507711132229","0.8258507711132229","2386","2386","2386","0.9830883037993552","0.9830883037993552","0.9830883037993552","2386","2386","2386","0.9627064713864583","0.9627064713864583","0.9627064713864583","2341","2341","2341","0.9874982142968056","0.9874982142968056","0.9874982142968056","3961","3961","3961","0.96142747960632","0.96142747960632","0.96142747960632","766","766","766","0.8221762597747839","0.8221762597747839","0.8221762597747839","3961","3961","3961","0.9087509553444699","0.9087509553444699","0.9087509553444699","766","766","766","0.8951335705989404","0.8951335705989404","0.8951335705989404","2386","2386","2386","0.9266100478842045","0.9266100478842045","0.9266100478842045","2341","2341","2341","","","","","","","0.9952193782852151","0.9952193782852151","0.9952193782852151","766","766","766","","","","","","","0.9953168624147989","0.9953168624147989","0.9953168624147989","2341","2341","2341","","","","","","","","","","","","","","","","","","","","","","","","","0.9905557375259308","0.9905557375259308","0.9905557375259308","766","766","766","","","","","","","0.9682039241992286","0.9682039241992286","0.9682039241992286","3961","3961","3961","0.9893157393976261","0.9893157393976261","0.9893157393976261","2341","2341","2341","0.9941119585731443","0.9941119585731443","0.9941119585731443","766","766","766","","","","","","","0.9913512080233338","0.9913512080233338","0.9913512080233338","2341","2341","2341","","","","","",""
"45","0.8624083080229316","0.8624083080229316","0.8624083080229316","4049","4049","4049","0.8964328607302732","0.8964328607302732","0.8964328607302732","783","783","783","0.8948380203702837","0.8948380203702837","0.8948380203702837","2393","2393","2393","0.8331687380823722","0.8331687380823722","0.8331687380823722","2439","2439","2439","0.980123104825436","0.980123104825436","0.980123104825436","2439","2439","2439","0.885389858531031","0.885389858531031","0.885389858531031","2393","2393","2393","0.9905801827317843","0.9905801827317843","0.9905801827317843","4049","4049","4049","0.897910720134762","0.897910720134762","0.897910720134762","783","783","783","0.8350718318519762","0.8350718318519762","0.8350718318519762","4049","4049","4049","0.8952279568886187","0.8952279568886187","0.8952279568886187","783","783","783","0.8943795380152918","0.8943795380152918","0.8943795380152918","2439","2439","2439","0.9287079063528457","0.9287079063528457","0.9287079063528457","2393","2393","2393","","","","","","","0.9954221452747493","0.9954221452747493","0.9954221452747493","783","783","783","","","","","","","0.9952037808244818","0.9952037808244818","0.9952037808244818","2393","2393","2393","","","","","","","","","","","","","","","","","","","","","","","","","0.9872568745808183","0.9872568745808183","0.9872568745808183","783","783","783","","","","","","","0.9669430624654505","0.9669430624654505","0.9669430624654505","4049","4049","4049","0.98067864551651","0.98067864551651","0.98067864551651","2393","2393","2393","0.9943147255626783","0.9943147255626783","0.9943147255626783","783","783","783","","","","","","","0.9928290674278227","0.9928290674278227","0.9928290674278227","2393","2393","2393","","","","","",""
"46","0.8644318979385222","0.8644318979385222","0.8644318979385222","4137","4137","4137","0.908708062327453","0.908708062327453","0.908708062327453","800","800","800","0.9010809040288241","0.9010809040288241","0.9010809040288241","2445","2445","2445","0.8033863143707182","0.8033863143707182","0.8033863143707182","2492","2492","2492","0.9795566487164676","0.9795566487164676","0.9795566487164676","2492","2492","2492","0.944356058833622","0.944356058833622","0.944356058833622","2445","2445","2445","0.9844063080353539","0.9844063080353539","0.9844063080353539","4137","4137","4137","0.9224299284076553","0.9224299284076553","0.9224299284076553","800","800","800","0.7956273563518239","0.7956273563518239","0.7956273563518239","4137","4137","4137","0.9138903186561228","0.9138903186561228","0.9138903186561228","800","800","800","0.8891820547698461","0.8891820547698461","0.8891820547698461","2492","2492","2492","0.9380117916803145","0.9380117916803145","0.9380117916803145","2445","2445","2445","","","","","","","0.9957262957590505","0.9957262957590505","0.9957262957590505","800","800","800","","","","","","","0.9955118306739663","0.9955118306739663","0.9955118306739663","2445","2445","2445","","","","","","","","","","","","","","","","","","","","","","","","","0.9902320902157129","0.9902320902157129","0.9902320902157129","800","800","800","","","","","","","0.9732386755361768","0.9732386755361768","0.9732386755361768","4137","4137","4137","0.9863483224930981","0.9863483224930981","0.9863483224930981","2445","2445","2445","0.9858414050192629","0.9858414050192629","0.9858414050192629","800","800","800","","","","","","","0.9914252959618174","0.9914252959618174","0.9914252959618174","2445","2445","2445","","","","","",""
"47","0.8499524847671754","0.8499524847671754","0.8499524847671754","4225","4225","4225","0.9199772277073293","0.9199772277073293","0.9199772277073293","817","817","817","0.9139761046901564","0.9139761046901564","0.9139761046901564","2497","2497","2497","0.813177557903367","0.813177557903367","0.813177557903367","2545","2545","2545","0.9887131135831454","0.9887131135831454","0.9887131135831454","2545","2545","2545","0.9553171743640135","0.9553171743640135","0.9553171743640135","2497","2497","2497","0.9854149974223763","0.9854149974223763","0.9854149974223763","4225","4225","4225","0.931398468329356","0.931398468329356","0.931398468329356","817","817","817","0.816367600201241","0.816367600201241","0.816367600201241","4225","4225","4225","0.9099909534727747","0.9099909534727747","0.9099909534727747","817","817","817","0.8772442407190018","0.8772442407190018","0.8772442407190018","2545","2545","2545","0.9211821315489839","0.9211821315489839","0.9211821315489839","2497","2497","2497","","","","","","","0.994119757303511","0.994119757303511","0.994119757303511","817","817","817","","","","","","","0.9943966122315286","0.9943966122315286","0.9943966122315286","2497","2497","2497","","","","","","","","","","","","","","","","","","","","","","","","","0.9907078127680814","0.9907078127680814","0.9907078127680814","817","817","817","","","","","","","0.9764063577244861","0.9764063577244861","0.9764063577244861","4225","4225","4225","0.9883876904839892","0.9883876904839892","0.9883876904839892","2497","2497","2497","0.9856035437430787","0.9856035437430787","0.9856035437430787","817","817","817","","","","","","","0.9928758598100229","0.9928758598100229","0.9928758598100229","2497","2497","2497","","","","","",""
"48","0.866034372457314","0.866034372457314","0.866034372457314","4313","4313","4313","0.9207493020136321","0.9207493020136321","0.9207493020136321","834","834","834","0.9058654251087923","0.9058654251087923","0.9058654251087923","2549","2549","2549","0.8349848758703361","0.8349848758703361","0.8349848758703361","2598","2598","2598","0.9919354538170571","0.9919354538170571","0.9919354538170571","2598","2598","2598","0.9597078595604636","0.9597078595604636","0.9597078595604636","2549","2549","2549","0.9810094347240079","0.9810094347240079","0.9810094347240079","4313","4313","4313","0.9435020978584686","0.9435020978584686","0.9435020978584686","834","834","834","0.8222495512450234","0.8222495512450234","0.8222495512450234","4313","4313","4313","0.914330946921841","0.914330946921841","0.914330946921841","834","834","834","0.893235445742573","0.893235445742573","0.893235445742573","2598","2598","2598","0.9284934412677616","0.9284934412677616","0.9284934412677616","2549","2549","2549","","","","","","","0.9960811379907352","0.9960811379907352","0.9960811379907352","834","834","834","","","","","","","0.9964905713349866","0.9964905713349866","0.9964905713349866","2549","2549","2549","","","","","","","","","","","","","","","","","","","","","","","","","0.9902710838675464","0.9902710838675464","0.9902710838675464","834","834","834","","","","","","","0.9820373786498221","0.9820373786498221","0.9820373786498221","4313","4313","4313","0.9863834167797482","0.9863834167797482","0.9863834167797482","2549","2549","2549","0.9825230452482336","0.9825230452482336","0.9825230452482336","834","834","834","","","","","","","0.9944044109618955","0.9944044109618955","0.9944044109618955","2549","2549","2549","","","","","",""
"49","0.8771131856323873","0.8771131856323873","0.8771131856323873","4401","4401","4401","0.917196980331602","0.917196980331602","0.917196980331602","851","851","851","0.9126464211626347","0.9126464211626347","0.9126464211626347","2601","2601","2601","0.824343948174235","0.824343948174235","0.824343948174235","2651","2651","2651","0.9937640138881125","0.9937640138881125","0.9937640138881125","2651","2651","2651","0.9020206510380111","0.9020206510380111","0.9020206510380111","2601","2601","2601","0.9896323625319098","0.9896323625319098","0.9896323625319098","4401","4401","4401","0.9110359833419119","0.9110359833419119","0.9110359833419119","851","851","851","0.8165427543928299","0.8165427543928299","0.8165427543928299","4401","4401","4401","0.91842917972954","0.91842917972954","0.91842917972954","851","851","851","0.9042130173104516","0.9042130173104516","0.9042130173104516","2651","2651","2651","0.9379688986632977","0.9379688986632977","0.9379688986632977","2601","2601","2601","","","","","","","0.9965490618127368","0.9965490618127368","0.9965490618127368","851","851","851","","","","","","","0.996662143403054","0.996662143403054","0.996662143403054","2601","2601","2601","","","","","","","","","","","","","","","","","","","","","","","","","0.989573097499727","0.989573097499727","0.989573097499727","851","851","851","","","","","","","0.9801578872180917","0.9801578872180917","0.9801578872180917","4401","4401","4401","0.9815560026827632","0.9815560026827632","0.9815560026827632","2601","2601","2601","0.9882941057195889","0.9882941057195889","0.9882941057195889","851","851","851","","","","","","","0.985642537394912","0.985642537394912","0.985642537394912","2601","2601","2601","","","","","",""
"50","0.8696467723802958","0.8696467723802958","0.8696467723802958","4489","4489","4489","0.9167758488918005","0.9167758488918005","0.9167758488918005","868","868","868","0.9046800180930545","0.9046800180930545","0.9046800180930545","2653","2653","2653","0.8124583077123745","0.8124583077123745","0.8124583077123745","2704","2704","2704","","","","","","","0.9427846146647325","0.9427846146647325","0.9427846146647325","2653","2653","2653","","","","","","","0.9366626113268761","0.9366626113268761","0.9366626113268761","868","868","868","0.8479835528971869","0.8479835528971869","0.8479835528971869","4489","4489","4489","0.925350552929983","0.925350552929983","0.925350552929983","868","868","868","0.9000826081825578","0.9000826081825578","0.9000826081825578","2704","2704","2704","0.9434007143637017","0.9434007143637017","0.9434007143637017","2653","2653","2653","","","","","","","0.9967206338808042","0.9967206338808042","0.9967206338808042","868","868","868","","","","","","","0.9970676773821222","0.9970676773821222","0.9970676773821222","2653","2653","2653","","","","","","","","","","","","","","","","","","","","","","","","","0.9866563723425826","0.9866563723425826","0.9866563723425826","868","868","868","","","","","","","","","","","","","","","","","","","0.9906376241947811","0.9906376241947811","0.9906376241947811","868","868","868","","","","","","","0.9856269399341788","0.9856269399341788","0.9856269399341788","2653","2653","2653","","","","","",""
"51","0.8584077117533431","0.8584077117533431","0.8584077117533431","4577","4577","4577","0.925810678021618","0.925810678021618","0.925810678021618","885","885","885","0.9125723332241511","0.9125723332241511","0.9125723332241511","2705","2705","2705","0.816737784237365","0.816737784237365","0.816737784237365","2757","2757","2757","","","","","","","0.9486180649790215","0.9486180649790215","0.9486180649790215","2705","2705","2705","","","","","","","0.9408154352471417","0.9408154352471417","0.9408154352471417","885","885","885","0.8259352426382444","0.8259352426382444","0.8259352426382444","4577","4577","4577","0.917633709232137","0.917633709232137","0.917633709232137","885","885","885","0.8970441177383992","0.8970441177383992","0.8970441177383992","2757","2757","2757","0.9402539266607396","0.9402539266607396","0.9402539266607396","2705","2705","2705","","","","","","","0.997691575811458","0.997691575811458","0.997691575811458","885","885","885","","","","","","","0.9975083056478405","0.9975083056478405","0.9975083056478405","2705","2705","2705","","","","","","","","","","","","","","","","","","","","","","","","","0.9873270631541186","0.9873270631541186","0.9873270631541186","885","885","885","","","","","","","","","","","","","","","","","","","0.9910938499212328","0.9910938499212328","0.9910938499212328","885","885","885","","","","","","","0.989920141001045","0.989920141001045","0.989920141001045","2705","2705","2705","","","","","",""
"52","0.8581002602468307","0.8581002602468307","0.8581002602468307","4665","4665","4665","0.9231474116013914","0.9231474116013914","0.9231474116013914","902","902","902","0.9150367320200272","0.9150367320200272","0.9150367320200272","2757","2757","2757","0.8272370979062242","0.8272370979062242","0.8272370979062242","2810","2810","2810","","","","","","","0.9566741534478186","0.9566741534478186","0.9566741534478186","2757","2757","2757","","","","","","","0.9500530313664936","0.9500530313664936","0.9500530313664936","902","902","902","0.8477537406599959","0.8477537406599959","0.8477537406599959","4665","4665","4665","0.920792195030649","0.920792195030649","0.920792195030649","902","902","902","0.9033993577679642","0.9033993577679642","0.9033993577679642","2810","2810","2810","0.9480097640104193","0.9480097640104193","0.9480097640104193","2757","2757","2757","","","","","","","0.997547299299674","0.997547299299674","0.997547299299674","902","902","902","","","","","","","0.9976915758114578","0.9976915758114578","0.9976915758114578","2757","2757","2757","","","","","","","","","","","","","","","","","","","","","","","","","0.9903880648230468","0.9903880648230468","0.9903880648230468","902","902","902","","","","","","","","","","","","","","","","","","","0.9929850420351567","0.9929850420351567","0.9929850420351567","902","902","902","","","","","","","0.99208038931262","0.99208038931262","0.99208038931262","2757","2757","2757","","","","","",""
"53","0.8658058024484319","0.8658058024484319","0.8658058024484319","4753","4753","4753","0.9365144354499086","0.9365144354499086","0.9365144354499086","919","919","919","0.9174972314507199","0.9174972314507199","0.9174972314507199","2809","2809","2809","0.8030869373482151","0.8030869373482151","0.8030869373482151","2863","2863","2863","","","","","","","0.9550559168967292","0.9550559168967292","0.9550559168967292","2809","2809","2809","","","","","","","0.9496942897696254","0.9496942897696254","0.9496942897696254","919","919","919","0.854937546971758","0.854937546971758","0.854937546971758","4753","4753","4753","0.9215720680673186","0.9215720680673186","0.9215720680673186","919","919","919","0.9057012068248023","0.9057012068248023","0.9057012068248023","2863","2863","2863","0.9418292701948123","0.9418292701948123","0.9418292701948123","2809","2809","2809","","","","","","","0.9937142233244428","0.9937142233244428","0.9937142233244428","919","919","919","","","","","","","0.9952232776503985","0.9952232776503985","0.9952232776503985","2809","2809","2809","","","","","","","","","","","","","","","","","","","","","","","","","0.9928602623492896","0.9928602623492896","0.9928602623492896","919","919","919","","","","","","","","","","","","","","","","","","","0.9953324598755322","0.9953324598755322","0.9953324598755322","919","919","919","","","","","","","0.9955703211517165","0.9955703211517165","0.9955703211517165","2809","2809","2809","","","","","",""
"54","0.8781572785262203","0.8781572785262203","0.8781572785262203","4841","4841","4841","0.9228003681000732","0.9228003681000732","0.9228003681000732","936","936","936","0.9027420335969304","0.9027420335969304","0.9027420335969304","2861","2861","2861","0.8272470357326973","0.8272470357326973","0.8272470357326973","2916","2916","2916","","","","","","","0.9412560635128602","0.9412560635128602","0.9412560635128602","2861","2861","2861","","","","","","","0.9256703008750176","0.9256703008750176","0.9256703008750176","936","936","936","0.8061974770343042","0.8061974770343042","0.8061974770343042","4841","4841","4841","0.9230499274718076","0.9230499274718076","0.9230499274718076","936","936","936","0.8986192632343899","0.8986192632343899","0.8986192632343899","2916","2916","2916","0.932966013133062","0.932966013133062","0.932966013133062","2861","2861","2861","","","","","","","0.9944707001700124","0.9944707001700124","0.9944707001700124","936","936","936","","","","","","","0.9952544725718653","0.9952544725718653","0.9952544725718653","2861","2861","2861","","","","","","","","","","","","","","","","","","","","","","","","","0.9892299533635923","0.9892299533635923","0.9892299533635923","936","936","936","","","","","","","","","","","","","","","","","","","0.996829816105938","0.996829816105938","0.996829816105938","936","936","936","","","","","","","0.9959407608441346","0.9959407608441346","0.9959407608441346","2861","2861","2861","","","","","",""
"55","0.867577220017267","0.867577220017267","0.867577220017267","4929","4929","4929","0.9321822407312089","0.9321822407312089","0.9321822407312089","953","953","953","0.9144362297817915","0.9144362297817915","0.9144362297817915","2913","2913","2913","0.8114359538139515","0.8114359538139515","0.8114359538139515","2969","2969","2969","","","","","","","0.9506535336047292","0.9506535336047292","0.9506535336047292","2913","2913","2913","","","","","","","0.9413925412942773","0.9413925412942773","0.9413925412942773","953","953","953","0.847199706834119","0.847199706834119","0.847199706834119","4929","4929","4929","0.9313126822953224","0.9313126822953224","0.9313126822953224","953","953","953","0.900215526611636","0.900215526611636","0.900215526611636","2969","2969","2969","0.951324224416265","0.951324224416265","0.951324224416265","2913","2913","2913","","","","","","","0.9973601297708733","0.9973601297708733","0.9973601297708733","953","953","953","","","","","","","0.9980074243913091","0.9980074243913091","0.9980074243913091","2913","2913","2913","","","","","","","","","","","","","","","","","","","","","","","","","0.9890583812955251","0.9890583812955251","0.9890583812955251","953","953","953","","","","","","","","","","","","","","","","","","","0.9971534634161558","0.9971534634161558","0.9971534634161558","953","953","953","","","","","","","0.996997488808822","0.996997488808822","0.996997488808822","2913","2913","2913","","","","","",""
"56","0.8795050962416382","0.8795050962416382","0.8795050962416382","5017","5017","5017","0.9246798621184471","0.9246798621184471","0.9246798621184471","970","970","970","0.915594341241246","0.915594341241246","0.915594341241246","2965","2965","2965","0.8288594480779622","0.8288594480779622","0.8288594480779622","3022","3022","3022","","","","","","","0.9577776737947062","0.9577776737947062","0.9577776737947062","2965","2965","2965","","","","","","","0.9442780715299549","0.9442780715299549","0.9442780715299549","970","970","970","0.8581151669865404","0.8581151669865404","0.8581151669865404","5017","5017","5017","0.9313477765819724","0.9313477765819724","0.9313477765819724","970","970","970","0.8704206806168905","0.8704206806168905","0.8704206806168905","3022","3022","3022","0.9467853633428478","0.9467853633428478","0.9467853633428478","2965","2965","2965","","","","","","","0.9980386193127758","0.9980386193127758","0.9980386193127758","970","970","970","","","","","","","0.9982686818585934","0.9982686818585934","0.9982686818585934","2965","2965","2965","","","","","","","","","","","","","","","","","","","","","","","","","0.9902164927549795","0.9902164927549795","0.9902164927549795","970","970","970","","","","","","","","","","","","","","","","","","","0.9973757272316066","0.9973757272316066","0.9973757272316066","970","970","970","","","","","","","0.9972236519894562","0.9972236519894562","0.9972236519894562","2965","2965","2965","","","","","",""
"57","0.8721299867702685","0.8721299867702685","0.8721299867702685","5105","5105","5105","0.9362765741737246","0.9362765741737246","0.9362765741737246","987","987","987","0.9101586261756586","0.9101586261756586","0.9101586261756586","3017","3017","3017","0.8304159601493158","0.8304159601493158","0.8304159601493158","3075","3075","3075","","","","","","","0.9642311231731474","0.9642311231731474","0.9642311231731474","3017","3017","3017","","","","","","","0.9502908926426777","0.9502908926426777","0.9502908926426777","987","987","987","0.861241855640648","0.861241855640648","0.861241855640648","5105","5105","5105","0.9286747617487874","0.9286747617487874","0.9286747617487874","987","987","987","0.8953758051192228","0.8953758051192228","0.8953758051192228","3075","3075","3075","0.95087579742018","0.95087579742018","0.95087579742018","3017","3017","3017","","","","","","","0.9976759783507245","0.9976759783507245","0.9976759783507245","987","987","987","","","","","","","0.9981945939201098","0.9981945939201098","0.9981945939201098","3017","3017","3017","","","","","","","","","","","","","","","","","","","","","","","","","0.9895769968649104","0.9895769968649104","0.9895769968649104","987","987","987","","","","","","","","","","","","","","","","","","","0.9982764805889601","0.9982764805889601","0.9982764805889601","987","987","987","","","","","","","0.9973835259619733","0.9973835259619733","0.9973835259619733","3017","3017","3017","","","","","",""
"58","0.8772591474587114","0.8772591474587114","0.8772591474587114","5193","5193","5193","0.9377232386567467","0.9377232386567467","0.9377232386567467","1004","1004","1004","0.9215603699717687","0.9215603699717687","0.9215603699717687","3069","3069","3069","0.8137800386333005","0.8137800386333005","0.8137800386333005","3128","3128","3128","","","","","","","0.9638528847503626","0.9638528847503626","0.9638528847503626","3069","3069","3069","","","","","","","0.9522951663469188","0.9522951663469188","0.9522951663469188","1004","1004","1004","0.8722231538934541","0.8722231538934541","0.8722231538934541","5193","5193","5193","0.934748023021852","0.934748023021852","0.934748023021852","1004","1004","1004","0.8791349122055142","0.8791349122055142","0.8791349122055142","3128","3128","3128","0.9427261241869823","0.9427261241869823","0.9427261241869823","3069","3069","3069","","","","","","","0.9980308205824091","0.9980308205824091","0.9980308205824091","1004","1004","1004","","","","","","","0.9983934615444605","0.9983934615444605","0.9983934615444605","3069","3069","3069","","","","","","","","","","","","","","","","","","","","","","","","","0.9900020276698953","0.9900020276698953","0.9900020276698953","1004","1004","1004","","","","","","","","","","","","","","","","","","","0.9984597507525774","0.9984597507525774","0.9984597507525774","1004","1004","1004","","","","","","","0.9978085567669583","0.9978085567669583","0.9978085567669583","3069","3069","3069","","","","","",""
"59","0.8684492642902839","0.8684492642902839","0.8684492642902839","5281","5281","5281","0.9357267636828723","0.9357267636828723","0.9357267636828723","1021","1021","1021","0.9158672968040803","0.9158672968040803","0.9158672968040803","3121","3121","3121","0.8152278557276043","0.8152278557276043","0.8152278557276043","3181","3181","3181","","","","","","","0.9593257217724954","0.9593257217724954","0.9593257217724954","3121","3121","3121","","","","","","","0.9525837193704864","0.9525837193704864","0.9525837193704864","1021","1021","1021","0.86979956646232","0.86979956646232","0.86979956646232","5281","5281","5281","0.9258301748475347","0.9258301748475347","0.9258301748475347","1021","1021","1021","0.900532294830467","0.900532294830467","0.900532294830467","3181","3181","3181","0.9464656153978132","0.9464656153978132","0.9464656153978132","3121","3121","3121","","","","","","","0.9971339665902391","0.9971339665902391","0.9971339665902391","1021","1021","1021","","","","","","","0.9976954751766413","0.9976954751766413","0.9976954751766413","3121","3121","3121","","","","","","","","","","","","","","","","","","","","","","","","","0.9871242961645845","0.9871242961645845","0.9871242961645845","1021","1021","1021","","","","","","","","","","","","","","","","","","","0.9980269212172258","0.9980269212172258","0.9980269212172258","1021","1021","1021","","","","","","","0.9979255377224587","0.9979255377224587","0.9979255377224587","3121","3121","3121","","","","","",""
"60","0.8650790988875846","0.8650790988875846","0.8650790988875846","5369","5369","5369","0.9185578587805904","0.9185578587805904","0.9185578587805904","1038","1038","1038","0.9119055417777986","0.9119055417777986","0.9119055417777986","3173","3173","3173","0.8139862485326178","0.8139862485326178","0.8139862485326178","3234","3234","3234","","","","","","","0.9690936315567825","0.9690936315567825","0.9690936315567825","3173","3173","3173","","","","","","","0.9596298722567966","0.9596298722567966","0.9596298722567966","1038","1038","1038","0.8404196247228277","0.8404196247228277","0.8404196247228277","5369","5369","5369","0.9383724829597742","0.9383724829597742","0.9383724829597742","1038","1038","1038","0.8633064390904405","0.8633064390904405","0.8633064390904405","3234","3234","3234","0.9469413379501816","0.9469413379501816","0.9469413379501816","3173","3173","3173","","","","","","","0.9963189992669194","0.9963189992669194","0.9963189992669194","1038","1038","1038","","","","","","","0.9958315786190008","0.9958315786190008","0.9958315786190008","3173","3173","3173","","","","","","","","","","","","","","","","","","","","","","","","","0.9919985026437697","0.9919985026437697","0.9919985026437697","1038","1038","1038","","","","","","","","","","","","","","","","","","","0.9978631478795252","0.9978631478795252","0.9978631478795252","1038","1038","1038","","","","","","","0.9971573627813392","0.9971573627813392","0.9971573627813392","3173","3173","3173","","","","","",""
"61","0.8766243687927404","0.8766243687927404","0.8766243687927404","5457","5457","5457","0.941950150515496","0.941950150515496","0.941950150515496","1055","1055","1055","0.919482008329044","0.919482008329044","0.919482008329044","3225","3225","3225","0.8187849764908293","0.8187849764908293","0.8187849764908293","3287","3287","3287","","","","","","","0.9541161698875422","0.9541161698875422","0.9541161698875422","3225","3225","3225","","","","","","","0.9507510177343129","0.9507510177343129","0.9507510177343129","1055","1055","1055","0.8379600126707288","0.8379600126707288","0.8379600126707288","5457","5457","5457","0.9343931807901674","0.9343931807901674","0.9343931807901674","1055","1055","1055","0.8794827361320736","0.8794827361320736","0.8794827361320736","3287","3287","3287","0.9538822079765414","0.9538822079765414","0.9538822079765414","3225","3225","3225","","","","","","","0.998163398998643","0.998163398998643","0.998163398998643","1055","1055","1055","","","","","","","0.9974888088219238","0.9974888088219238","0.9974888088219238","3225","3225","3225","","","","","","","","","","","","","","","","","","","","","","","","","0.9918269305757024","0.9918269305757024","0.9918269305757024","1055","1055","1055","","","","","","","","","","","","","","","","","","","0.9955469249606164","0.9955469249606164","0.9955469249606164","1055","1055","1055","","","","","","","0.9973172367538565","0.9973172367538565","0.9973172367538565","3225","3225","3225","","","","","",""
"62","0.8705411767628772","0.8705411767628772","0.8705411767628772","5545","5545","5545","0.9291446352533808","0.9291446352533808","0.9291446352533808","1072","1072","1072","0.9124085598864505","0.9124085598864505","0.9124085598864505","3277","3277","3277","0.8151141918373177","0.8151141918373177","0.8151141918373177","3340","3340","3340","","","","","","","0.9611740208694025","0.9611740208694025","0.9611740208694025","3277","3277","3277","","","","","","","0.9601289910002652","0.9601289910002652","0.9601289910002652","1072","1072","1072","0.8710604281960982","0.8710604281960982","0.8710604281960982","5545","5545","5545","0.9411234850966262","0.9411234850966262","0.9411234850966262","1072","1072","1072","0.8735833938919634","0.8735833938919634","0.8735833938919634","3340","3340","3340","0.9537964219425077","0.9537964219425077","0.9537964219425077","3277","3277","3277","","","","","","","0.9987093101243117","0.9987093101243117","0.9987093101243117","1072","1072","1072","","","","","","","0.998342769797077","0.998342769797077","0.998342769797077","3277","3277","3277","","","","","","","","","","","","","","","","","","","","","","","","","0.9913902016751673","0.9913902016751673","0.9913902016751673","1072","1072","1072","","","","","","","","","","","","","","","","","","","0.998354467892627","0.998354467892627","0.998354467892627","1072","1072","1072","","","","","","","0.9960382449737183","0.9960382449737183","0.9960382449737183","3277","3277","3277","","","","","",""
"63","0.8659362364208917","0.8659362364208917","0.8659362364208917","5633","5633","5633","0.9295774647887325","0.9295774647887325","0.9295774647887325","1089","1089","1089","0.9231162166799245","0.9231162166799245","0.9231162166799245","3329","3329","3329","0.8138620257017037","0.8138620257017037","0.8138620257017037","3393","3393","3393","","","","","","","0.968953254410182","0.968953254410182","0.968953254410182","3329","3329","3329","","","","","","","0.9660755229048711","0.9660755229048711","0.9660755229048711","1089","1089","1089","0.8324693635443258","0.8324693635443258","0.8324693635443258","5633","5633","5633","0.9369160700637936","0.9369160700637936","0.9369160700637936","1089","1089","1089","0.8759324476245488","0.8759324476245488","0.8759324476245488","3393","3393","3393","0.9539406984542915","0.9539406984542915","0.9539406984542915","3329","3329","3329","","","","","","","0.9992084288677803","0.9992084288677803","0.9992084288677803","1089","1089","1089","","","","","","","0.9993254098232808","0.9993254098232808","0.9993254098232808","3329","3329","3329","","","","","","","","","","","","","","","","","","","","","","","","","0.9933554817275747","0.9933554817275747","0.9933554817275747","1089","1089","1089","","","","","","","","","","","","","","","","","","","0.9989666682264127","0.9989666682264127","0.9989666682264127","1089","1089","1089","","","","","","","0.9966621434030539","0.9966621434030539","0.9966621434030539","3329","3329","3329","","","","","",""
"64","0.8717548338209079","0.8717548338209079","0.8717548338209079","5721","5721","5721","0.9411741768440098","0.9411741768440098","0.9411741768440098","1106","1106","1106","0.8923853196699578","0.8923853196699578","0.8923853196699578","3381","3381","3381","0.8179352923273768","0.8179352923273768","0.8179352923273768","3446","3446","3446","","","","","","","0.9730202922964142","0.9730202922964142","0.9730202922964142","3381","3381","3381","","","","","","","0.9688986632976151","0.9688986632976151","0.9688986632976151","1106","1106","1106","0.8380656020770056","0.8380656020770056","0.8380656020770056","5721","5721","5721","0.9313243803908723","0.9313243803908723","0.9313243803908723","1106","1106","1106","0.8632132719672548","0.8632132719672548","0.8632132719672548","3446","3446","3446","0.9534727746322899","0.9534727746322899","0.9534727746322899","3381","3381","3381","","","","","","","0.9993137117277306","0.9993137117277306","0.9993137117277306","1106","1106","1106","","","","","","","0.9992630199803472","0.9992630199803472","0.9992630199803472","3381","3381","3381","","","","","","","","","","","","","","","","","","","","","","","","","0.9938974934880602","0.9938974934880602","0.9938974934880602","1106","1106","1106","","","","","","","","","","","","","","","","","","","0.9984870463088609","0.9984870463088609","0.9984870463088609","1106","1106","1106","","","","","","","0.9969234008703383","0.9969234008703383","0.9969234008703383","3381","3381","3381","","","","","",""
"65","0.8769150502170794","0.8769150502170794","0.8769150502170794","5809","5809","5809","0.9371266357836944","0.9371266357836944","0.9371266357836944","1123","1123","1123","0.9237401151092601","0.9237401151092601","0.9237401151092601","3433","3433","3433","0.8129899814286868","0.8129899814286868","0.8129899814286868","3499","3499","3499","","","","","","","0.976030602217959","0.976030602217959","0.976030602217959","3433","3433","3433","","","","","","","0.971226584312074","0.971226584312074","0.971226584312074","1123","1123","1123","0.8516667598337899","0.8516667598337899","0.8516667598337899","5809","5809","5809","0.9352822360519708","0.9352822360519708","0.9352822360519708","1123","1123","1123","0.8908863920099874","0.8908863920099874","0.8908863920099874","3499","3499","3499","0.9570211969491368","0.9570211969491368","0.9570211969491368","3433","3433","3433","","","","","","","0.9993761015706643","0.9993761015706643","0.9993761015706643","1123","1123","1123","","","","","","","0.9993994977617644","0.9993994977617644","0.9993994977617644","3433","3433","3433","","","","","","","","","","","","","","","","","","","","","","","","","0.9939715814265437","0.9939715814265437","0.9939715814265437","1123","1123","1123","","","","","","","","","","","","","","","","","","","0.9985728323428945","0.9985728323428945","0.9985728323428945","1123","1123","1123","","","","","","","0.9971690608768893","0.9971690608768893","0.9971690608768893","3433","3433","3433","","","","","",""
"66","0.8787535481146079","0.8787535481146079","0.8787535481146079","5897","5897","5897","0.9398483926816714","0.9398483926816714","0.9398483926816714","1140","1140","1140","0.9269648901158892","0.9269648901158892","0.9269648901158892","3485","3485","3485","0.8156483500102484","0.8156483500102484","0.8156483500102484","3552","3552","3552","","","","","","","0.9769235568449457","0.9769235568449457","0.9769235568449457","3485","3485","3485","","","","","","","0.9718231871851263","0.9718231871851263","0.9718231871851263","1140","1140","1140","0.829579940497264","0.829579940497264","0.829579940497264","5897","5897","5897","0.9411156863662596","0.9411156863662596","0.9411156863662596","1140","1140","1140","0.8953522027813492","0.8953522027813492","0.8953522027813492","3552","3552","3552","0.9543735279896433","0.9543735279896433","0.9543735279896433","3485","3485","3485","","","","","","","0.999551573003915","0.999551573003915","0.999551573003915","1140","1140","1140","","","","","","","0.9994384914135979","0.9994384914135979","0.9994384914135979","3485","3485","3485","","","","","","","","","","","","","","","","","","","","","","","","","0.9946539703336297","0.9946539703336297","0.9946539703336297","1140","1140","1140","","","","","","","","","","","","","","","","","","","0.9989081777486625","0.9989081777486625","0.9989081777486625","1140","1140","1140","","","","","","","0.9977617643847582","0.9977617643847582","0.9977617643847582","3485","3485","3485","","","","","",""
"67","0.8647672995819903","0.8647672995819903","0.8647672995819903","5985","5985","5985","0.9316168327796235","0.9316168327796235","0.9316168327796235","1157","1157","1157","0.9168772323865675","0.9168772323865675","0.9168772323865675","3537","3537","3537","0.8192383898236657","0.8192383898236657","0.8192383898236657","3605","3605","3605","","","","","","","0.9784014162494346","0.9784014162494346","0.9784014162494346","3537","3537","3537","","","","","","","0.9750713583828554","0.9750713583828554","0.9750713583828554","1157","1157","1157","0.7990434842019616","0.7990434842019616","0.7990434842019616","5985","5985","5985","0.9359607255938733","0.9359607255938733","0.9359607255938733","1157","1157","1157","0.8910466394618667","0.8910466394618667","0.8910466394618667","3605","3605","3605","0.9466371874658805","0.9466371874658805","0.9466371874658805","3537","3537","3537","","","","","","","0.9995944660209318","0.9995944660209318","0.9995944660209318","1157","1157","1157","","","","","","","0.9995905666557484","0.9995905666557484","0.9995905666557484","3537","3537","3537","","","","","","","","","","","","","","","","","","","","","","","","","0.9943342223885951","0.9943342223885951","0.9943342223885951","1157","1157","1157","","","","","","","","","","","","","","","","","","","0.99911484410338","0.99911484410338","0.99911484410338","1157","1157","1157","","","","","","","0.9982491850326767","0.9982491850326767","0.9982491850326767","3537","3537","3537","","","","","",""
"68","0.8698480133663765","0.8698480133663765","0.8698480133663765","6073","6073","6073","0.924352315443046","0.924352315443046","0.924352315443046","1174","1174","1174","0.9141164818367571","0.9141164818367571","0.9141164818367571","3589","3589","3589","0.8160744343202836","0.8160744343202836","0.8160744343202836","3658","3658","3658","","","","","","","0.9770717327219129","0.9770717327219129","0.9770717327219129","3589","3589","3589","","","","","","","0.9704545100057711","0.9704545100057711","0.9704545100057711","1174","1174","1174","0.8643648176098285","0.8643648176098285","0.8643648176098285","6073","6073","6073","0.9324162026422098","0.9324162026422098","0.9324162026422098","1174","1174","1174","0.8876429338948205","0.8876429338948205","0.8876429338948205","3658","3658","3658","0.9504741628062952","0.9504741628062952","0.9504741628062952","3589","3589","3589","","","","","","","0.9996139628468486","0.9996139628468486","0.9996139628468486","1174","1174","1174","","","","","","","0.9996256609423987","0.9996256609423987","0.9996256609423987","3589","3589","3589","","","","","","","","","","","","","","","","","","","","","","","","","0.9943264236582284","0.9943264236582284","0.9943264236582284","1174","1174","1174","","","","","","","","","","","","","","","","","","","0.9987989955235288","0.9987989955235288","0.9987989955235288","1174","1174","1174","","","","","","","0.9982998767800603","0.9982998767800603","0.9982998767800603","3589","3589","3589","","","","","",""
"69","0.8619735281147322","0.8619735281147322","0.8619735281147322","6161","6161","6161","0.9338394709341319","0.9338394709341319","0.9338394709341319","1191","1191","1191","0.9258574704038184","0.9258574704038184","0.9258574704038184","3641","3641","3641","0.8216371326886168","0.8216371326886168","0.8216371326886168","3711","3711","3711","","","","","","","0.9759604136446587","0.9759604136446587","0.9759604136446587","3641","3641","3641","","","","","","","0.9676859607255938","0.9676859607255938","0.9676859607255938","1191","1191","1191","0.8537946969273482","0.8537946969273482","0.8537946969273482","6161","6161","6161","0.9415836101882613","0.9415836101882613","0.9415836101882613","1191","1191","1191","0.8903634138918393","0.8903634138918393","0.8903634138918393","3711","3711","3711","0.954751766412428","0.954751766412428","0.954751766412428","3641","3641","3641","","","","","","","0.9995047806217148","0.9995047806217148","0.9995047806217148","1191","1191","1191","","","","","","","0.9996178622120319","0.9996178622120319","0.9996178622120319","3641","3641","3641","","","","","","","","","","","","","","","","","","","","","","","","","0.9945330900129459","0.9945330900129459","0.9945330900129459","1191","1191","1191","","","","","","","","","","","","","","","","","","","0.9930357337825402","0.9930357337825402","0.9930357337825402","1191","1191","1191","","","","","","","0.9983895621792772","0.9983895621792772","0.9983895621792772","3641","3641","3641","","","","","",""
"70","0.8657461754895931","0.8657461754895931","0.8657461754895931","6249","6249","6249","0.9242431332179121","0.9242431332179121","0.9242431332179121","1208","1208","1208","0.9234515620856925","0.9234515620856925","0.9234515620856925","3693","3693","3693","0.8196918031565021","0.8196918031565021","0.8196918031565021","3764","3764","3764","","","","","","","0.9812791477547456","0.9812791477547456","0.9812791477547456","3693","3693","3693","","","","","","","0.974845195202221","0.974845195202221","0.974845195202221","1208","1208","1208","0.8671598313053956","0.8671598313053956","0.8671598313053956","6249","6249","6249","0.9461965592001623","0.9461965592001623","0.9461965592001623","1208","1208","1208","0.8615350215216054","0.8615350215216054","0.8615350215216054","3764","3764","3764","0.9455375664841763","0.9455375664841763","0.9455375664841763","3693","3693","3693","","","","","","","0.9997738368193658","0.9997738368193658","0.9997738368193658","1208","1208","1208","","","","","","","0.9997426418978991","0.9997426418978991","0.9997426418978991","3693","3693","3693","","","","","","","","","","","","","","","","","","","","","","","","","0.9958354779841841","0.9958354779841841","0.9958354779841841","1208","1208","1208","","","","","","","","","","","","","","","","","","","0.986761655202533","0.986761655202533","0.986761655202533","1208","1208","1208","","","","","","","0.996763526897821","0.996763526897821","0.996763526897821","3693","3693","3693","","","","","",""
"71","0.8676107601816139","0.8676107601816139","0.8676107601816139","6337","6337","6337","0.9299089108293169","0.9299089108293169","0.9299089108293169","1225","1225","1225","0.9294526851028654","0.9294526851028654","0.9294526851028654","3745","3745","3745","0.8227365047422066","0.8227365047422066","0.8227365047422066","3817","3817","3817","","","","","","","0.9450267496451576","0.9450267496451576","0.9450267496451576","3745","3745","3745","","","","","","","0.9244030071904293","0.9244030071904293","0.9244030071904293","1225","1225","1225","0.8313985627418463","0.8313985627418463","0.8313985627418463","6337","6337","6337","0.9518974310982172","0.9518974310982172","0.9518974310982172","1225","1225","1225","0.8684020596145364","0.8684020596145364","0.8684020596145364","3817","3817","3817","0.9535000701885733","0.9535000701885733","0.9535000701885733","3745","3745","3745","","","","","","","0.9997465412630824","0.9997465412630824","0.9997465412630824","1225","1225","1225","","","","","","","0.9997855349149158","0.9997855349149158","0.9997855349149158","3745","3745","3745","","","","","","","","","","","","","","","","","","","","","","","","","0.987915867296804","0.987915867296804","0.987915867296804","1225","1225","1225","","","","","","","","","","","","","","","","","","","0.9783858187887012","0.9783858187887012","0.9783858187887012","1225","1225","1225","","","","","","","0.9978787453402586","0.9978787453402586","0.9978787453402586","3745","3745","3745","","","","","",""
"72","0.8730802914267614","0.8730802914267614","0.8730802914267614","6425","6425","6425","0.9379143075507308","0.9379143075507308","0.9379143075507308","1242","1242","1242","0.9341904138006334","0.9341904138006334","0.9341904138006334","3797","3797","3797","0.8201060862976006","0.8201060862976006","0.8201060862976006","3870","3870","3870","","","","","","","0.9641531358694805","0.9641531358694805","0.9641531358694805","3797","3797","3797","","","","","","","0.9570562912357868","0.9570562912357868","0.9570562912357868","1242","1242","1242","0.8494382022471909","0.8494382022471909","0.8494382022471909","6425","6425","6425","0.952915165411071","0.952915165411071","0.952915165411071","1242","1242","1242","0.8382171539307208","0.8382171539307208","0.8382171539307208","3870","3870","3870","0.9547790619687115","0.9547790619687115","0.9547790619687115","3797","3797","3797","","","","","","","0.9987483037761452","0.9987483037761452","0.9987483037761452","1242","1242","1242","","","","","","","0.998958869496046","0.998958869496046","0.998958869496046","3797","3797","3797","","","","","","","","","","","","","","","","","","","","","","","","","0.9911016486515994","0.9911016486515994","0.9911016486515994","1242","1242","1242","","","","","","","","","","","","","","","","","","","0.9894210222575766","0.9894210222575766","0.9894210222575766","1242","1242","1242","","","","","","","0.9917079999376102","0.9917079999376102","0.9917079999376102","3797","3797","3797","","","","","",""
"73","0.8749622673151098","0.8749622673151098","0.8749622673151098","6513","6513","6513","0.9448980705941072","0.9448980705941072","0.9448980705941072","1259","1259","1259","0.9315115499196732","0.9315115499196732","0.9315115499196732","3849","3849","3849","0.8270743659977267","0.8270743659977267","0.8270743659977267","3923","3923","3923","","","","","","","0.9627064713864583","0.9627064713864583","0.9627064713864583","3849","3849","3849","","","","","","","0.9583508804766584","0.9583508804766584","0.9583508804766584","1259","1259","1259","0.8488729883665318","0.8488729883665318","0.8488729883665318","6513","6513","6513","0.9413496482772604","0.9413496482772604","0.9413496482772604","1259","1259","1259","0.8401165210153972","0.8401165210153972","0.8401165210153972","3923","3923","3923","0.951916927924134","0.951916927924134","0.951916927924134","3849","3849","3849","","","","","","","0.9990914479122799","0.9990914479122799","0.9990914479122799","1259","1259","1259","","","","","","","0.9992201269633304","0.9992201269633304","0.9992201269633304","3849","3849","3849","","","","","","","","","","","","","","","","","","","","","","","","","0.9950673030430646","0.9950673030430646","0.9950673030430646","1259","1259","1259","","","","","","","","","","","","","","","","","","","0.9931488153728573","0.9931488153728573","0.9931488153728573","1259","1259","1259","","","","","","","0.9960031506870681","0.9960031506870681","0.9960031506870681","3849","3849","3849","","","","","",""
"74","0.8640666828156347","0.8640666828156347","0.8640666828156347","6601","6601","6601","0.9301194765492179","0.9301194765492179","0.9301194765492179","1276","1276","1276","0.9298192254301001","0.9298192254301001","0.9298192254301001","3901","3901","3901","0.8211129123421593","0.8211129123421593","0.8211129123421593","3976","3976","3976","","","","","","","0.9717685960725594","0.9717685960725594","0.9717685960725594","3901","3901","3901","","","","","","","0.963599426013445","0.963599426013445","0.963599426013445","1276","1276","1276","0.8615971329370625","0.8615971329370625","0.8615971329370625","6601","6601","6601","0.948333411320637","0.948333411320637","0.948333411320637","1276","1276","1276","0.7779330563164203","0.7779330563164203","0.7779330563164203","3976","3976","3976","0.9511643504437478","0.9511643504437478","0.9511643504437478","3901","3901","3901","","","","","","","0.999060252990813","0.999060252990813","0.999060252990813","1276","1276","1276","","","","","","","0.9991772339463135","0.9991772339463135","0.9991772339463135","3901","3901","3901","","","","","","","","","","","","","","","","","","","","","","","","","0.9939481852354437","0.9939481852354437","0.9939481852354437","1276","1276","1276","","","","","","","","","","","","","","","","","","","0.9949659195482975","0.9949659195482975","0.9949659195482975","1276","1276","1276","","","","","","","0.9960616411648183","0.9960616411648183","0.9960616411648183","3901","3901","3901","","","","","",""
"75","0.8845398475785864","0.8845398475785864","0.8845398475785864","6689","6689","6689","0.9227184814312229","0.9227184814312229","0.9227184814312229","1293","1293","1293","0.9347246268307521","0.9347246268307521","0.9347246268307521","3953","3953","3953","0.8343140725834001","0.8343140725834001","0.8343140725834001","4029","4029","4029","","","","","","","0.9746229313867703","0.9746229313867703","0.9746229313867703","3953","3953","3953","","","","","","","0.9701503595214699","0.9701503595214699","0.9701503595214699","1293","1293","1293","0.8820516642753771","0.8820516642753771","0.8820516642753771","6689","6689","6689","0.9565610718575016","0.9565610718575016","0.9565610718575016","1293","1293","1293","0.8389264662952403","0.8389264662952403","0.8389264662952403","4029","4029","4029","0.9554029603980473","0.9554029603980473","0.9554029603980473","3953","3953","3953","","","","","","","","","","","","","","","","","","","","","","","","","","","","","","","","","","","","","","","","","","","","","","","","","0.9958354779841843","0.9958354779841843","0.9958354779841843","1293","1293","1293","","","","","","","","","","","","","","","","","","","","","","","","","","","","","","","","","","","","","","","","","",""
"76","0.8743100974528107","0.8743100974528107","0.8743100974528107","6777","6777","6777","0.927635580927425","0.927635580927425","0.927635580927425","1310","1310","1310","0.9263526897821034","0.9263526897821034","0.9263526897821034","4005","4005","4005","0.824661958621375","0.824661958621375","0.824661958621375","4082","4082","4082","","","","","","","0.9778750019496827","0.9778750019496827","0.9778750019496827","4005","4005","4005","","","","","","","0.9727863303854133","0.9727863303854133","0.9727863303854133","1310","1310","1310","0.8756454928851373","0.8756454928851373","0.8756454928851373","6777","6777","6777","0.9552742813469968","0.9552742813469968","0.9552742813469968","1310","1310","1310","0.8518245228290506","0.8518245228290506","0.8518245228290506","4082","4082","4082","0.9547244708561446","0.9547244708561446","0.9547244708561446","4005","4005","4005","","","","","","","","","","","","","","","","","","","","","","","","","","","","","","","","","","","","","","","","","","","","","","","","","0.9945057944566624","0.9945057944566624","0.9945057944566624","1310","1310","1310","","","","","","","","","","","","","","","","","","","","","","","","","","","","","","","","","","","","","","","","","",""
"77","0.8786268408270757","0.8786268408270757","0.8786268408270757","6865","6865","6865","0.9332272706003463","0.9332272706003463","0.9332272706003463","1327","1327","1327","0.9376725469093631","0.9376725469093631","0.9376725469093631","4057","4057","4057","0.8290842914019166","0.8290842914019166","0.8290842914019166","4135","4135","4135","","","","","","","0.9807995258371937","0.9807995258371937","0.9807995258371937","4057","4057","4057","","","","","","","0.9747516104378207","0.9747516104378207","0.9747516104378207","1327","1327","1327","0.8762864826926542","0.8762864826926542","0.8762864826926542","6865","6865","6865","0.956666354717452","0.956666354717452","0.956666354717452","1327","1327","1327","0.8673859168576592","0.8673859168576592","0.8673859168576592","4135","4135","4135","0.9539679940105752","0.9539679940105752","0.9539679940105752","4057","4057","4057","","","","","","","","","","","","","","","","","","","","","","","","","","","","","","","","","","","","","","","","","","","","","","","","","0.9964593764135199","0.9964593764135199","0.9964593764135199","1327","1327","1327","","","","","","","","","","","","","","","","","","","","","","","","","","","","","","","","","","","","","","","","","",""
"78","0.8758740628940194","0.8758740628940194","0.8758740628940194","6953","6953","6953","0.9424336717982313","0.9424336717982313","0.9424336717982313","1344","1344","1344","0.9363038697300079","0.9363038697300079","0.9363038697300079","4109","4109","4109","0.827174986490767","0.827174986490767","0.827174986490767","4188","4188","4188","","","","","","","0.9848704630886091","0.9848704630886091","0.9848704630886091","4109","4109","4109","","","","","","","0.9742914853461857","0.9742914853461857","0.9742914853461857","1344","1344","1344","0.8647548772988988","0.8647548772988988","0.8647548772988988","6953","6953","6953","0.9536911390825574","0.9536911390825574","0.9536911390825574","1344","1344","1344","0.8489301308687524","0.8489301308687524","0.8489301308687524","4188","4188","4188","0.957294152511971","0.957294152511971","0.957294152511971","4109","4109","4109","","","","","","","","","","","","","","","","","","","","","","","","","","","","","","","","","","","","","","","","","","","","","","","","","0.9967947218192879","0.9967947218192879","0.9967947218192879","1344","1344","1344","","","","","","","","","","","","","","","","","","","","","","","","","","","","","","","","","","","","","","","","","",""
"79","0.880490183290787","0.880490183290787","0.880490183290787","7041","7041","7041","0.9369706611763605","0.9369706611763605","0.9369706611763605","1361","1361","1361","0.9325721772495437","0.9325721772495437","0.9325721772495437","4161","4161","4161","0.8347848771125645","0.8347848771125645","0.8347848771125645","4241","4241","4241","","","","","","","0.9876117168125029","0.9876117168125029","0.9876117168125029","4161","4161","4161","","","","","","","0.9807332366290769","0.9807332366290769","0.9807332366290769","1361","1361","1361","0.8688517462624457","0.8688517462624457","0.8688517462624457","7041","7041","7041","0.9484308954502207","0.9484308954502207","0.9484308954502207","1361","1361","1361","0.8678554791585145","0.8678554791585145","0.8678554791585145","4241","4241","4241","0.9610999329309188","0.9610999329309188","0.9610999329309188","4161","4161","4161","","","","","","","","","","","","","","","","","","","","","","","","","","","","","","","","","","","","","","","","","","","","","","","","","0.9963852884750363","0.9963852884750363","0.9963852884750363","1361","1361","1361","","","","","","","","","","","","","","","","","","","","","","","","","","","","","","","","","","","","","","","","","",""
"80","0.8815622263215757","0.8815622263215757","0.8815622263215757","7129","7129","7129","0.9339486531592657","0.9339486531592657","0.9339486531592657","1378","1378","1378","0.9274406126682577","0.9274406126682577","0.9274406126682577","4213","4213","4213","0.8251998434792331","0.8251998434792331","0.8251998434792331","4294","4294","4294","","","","","","","0.9907624038806482","0.9907624038806482","0.9907624038806482","4213","4213","4213","","","","","","","0.9821876998424656","0.9821876998424656","0.9821876998424656","1378","1378","1378","0.8736864988416222","0.8736864988416222","0.8736864988416222","7129","7129","7129","0.9523926504765023","0.9523926504765023","0.9523926504765023","1378","1378","1378","0.852963646188533","0.852963646188533","0.852963646188533","4294","4294","4294","0.9577386801428728","0.9577386801428728","0.9577386801428728","4213","4213","4213","","","","","","","","","","","","","","","","","","","","","","","","","","","","","","","","","","","","","","","","","","","","","","","","","0.996662143403054","0.996662143403054","0.996662143403054","1378","1378","1378","","","","","","","","","","","","","","","","","","","","","","","","","","","","","","","","","","","","","","","","","",""
"81","0.8836181141732039","0.8836181141732039","0.8836181141732039","7217","7217","7217","0.9375750627797795","0.9375750627797795","0.9375750627797795","1395","1395","1395","0.9400940526882223","0.9400940526882223","0.9400940526882223","4265","4265","4265","0.8169837454425748","0.8169837454425748","0.8169837454425748","4347","4347","4347","","","","","","","0.9699787874534026","0.9699787874534026","0.9699787874534026","4265","4265","4265","","","","","","","0.944032411523404","0.944032411523404","0.944032411523404","1395","1395","1395","0.8520692418059514","0.8520692418059514","0.8520692418059514","7217","7217","7217","0.9583430817462917","0.9583430817462917","0.9583430817462917","1395","1395","1395","0.8541338252557437","0.8541338252557437","0.8541338252557437","4347","4347","4347","0.9623399310592236","0.9623399310592236","0.9623399310592236","4265","4265","4265","","","","","","","","","","","","","","","","","","","","","","","","","","","","","","","","","","","","","","","","","","","","","","","","","0.9942874300063949","0.9942874300063949","0.9942874300063949","1395","1395","1395","","","","","","","","","","","","","","","","","","","","","","","","","","","","","","","","","","","","","","","","","",""
"82","0.869093980782728","0.869093980782728","0.869093980782728","7305","7305","7305","0.9339447537940823","0.9339447537940823","0.9339447537940823","1412","1412","1412","0.9414822266934944","0.9414822266934944","0.9414822266934944","4317","4317","4317","0.8407500574530593","0.8407500574530593","0.8407500574530593","4400","4400","4400","","","","","","","0.9639698657058632","0.9639698657058632","0.9639698657058632","4317","4317","4317","","","","","","","0.9473507712944332","0.9473507712944332","0.9473507712944332","1412","1412","1412","0.8480655399655902","0.8480655399655902","0.8480655399655902","7305","7305","7305","0.9483880024332039","0.9483880024332039","0.9483880024332039","1412","1412","1412","0.8726523437742624","0.8726523437742624","0.8726523437742624","4400","4400","4400","0.9631003072699763","0.9631003072699763","0.9631003072699763","4317","4317","4317","","","","","","","","","","","","","","","","","","","","","","","","","","","","","","","","","","","","","","","","","","","","","","","","","0.9950049132001311","0.9950049132001311","0.9950049132001311","1412","1412","1412","","","","","","","","","","","","","","","","","","","","","","","","","","","","","","","","","","","","","","","","","",""
"83","0.8827075608226034","0.8827075608226034","0.8827075608226034","7393","7393","7393","0.9439856191412039","0.9439856191412039","0.9439856191412039","1429","1429","1429","0.9428119102210161","0.9428119102210161","0.9428119102210161","4369","4369","4369","0.8166694616803623","0.8166694616803623","0.8166694616803623","4453","4453","4453","","","","","","","0.9760734952349757","0.9760734952349757","0.9760734952349757","4369","4369","4369","","","","","","","0.9589903763667275","0.9589903763667275","0.9589903763667275","1429","1429","1429","0.8713945876112571","0.8713945876112571","0.8713945876112571","7393","7393","7393","0.9549701308626956","0.9549701308626956","0.9549701308626956","1429","1429","1429","0.867276600766455","0.867276600766455","0.867276600766455","4453","4453","4453","0.9640439536443467","0.9640439536443467","0.9640439536443467","4369","4369","4369","","","","","","","","","","","","","","","","","","","","","","","","","","","","","","","","","","","","","","","","","","","","","","","","","0.9928524636189229","0.9928524636189229","0.9928524636189229","1429","1429","1429","","","","","","","","","","","","","","","","","","","","","","","","","","","","","","","","","","","","","","","","","",""
"84","0.8795510586890765","0.8795510586890765","0.8795510586890765","7481","7481","7481","0.9281385990360769","0.9281385990360769","0.9281385990360769","1446","1446","1446","0.9266997332834215","0.9266997332834215","0.9266997332834215","4421","4421","4421","0.8303314886242942","0.8303314886242942","0.8303314886242942","4506","4506","4506","","","","","","","0.9763503501629934","0.9763503501629934","0.9763503501629934","4421","4421","4421","","","","","","","0.9630301186966762","0.9630301186966762","0.9630301186966762","1446","1446","1446","0.8516046484183327","0.8516046484183327","0.8516046484183327","7481","7481","7481","0.9564635877279178","0.9564635877279178","0.9564635877279178","1446","1446","1446","0.8719175657294054","0.8719175657294054","0.8719175657294054","4506","4506","4506","0.9573448442593546","0.9573448442593546","0.9573448442593546","4421","4421","4421","","","","","","","","","","","","","","","","","","","","","","","","","","","","","","","","","","","","","","","","","","","","","","","","","0.9941821471464446","0.9941821471464446","0.9941821471464446","1446","1446","1446","","","","","","","","","","","","","","","","","","","","","","","","","","","","","","","","","","","","","","","","","",""
"85","0.8755411457071696","0.8755411457071696","0.8755411457071696","7569","7569","7569","0.948746744030072","0.948746744030072","0.948746744030072","1463","1463","1463","0.938893048211751","0.938893048211751","0.938893048211751","4473","4473","4473","0.8281439245718969","0.8281439245718969","0.8281439245718969","4559","4559","4559","","","","","","","0.9832834214589865","0.9832834214589865","0.9832834214589865","4473","4473","4473","","","","","","","0.9683332553460297","0.9683332553460297","0.9683332553460297","1463","1463","1463","0.8674244259352426","0.8674244259352426","0.8674244259352426","7569","7569","7569","0.9604721351364","0.9604721351364","0.9604721351364","1463","1463","1463","0.8765585306923559","0.8765585306923559","0.8765585306923559","4559","4559","4559","0.9575242150577886","0.9575242150577886","0.9575242150577886","4473","4473","4473","","","","","","","","","","","","","","","","","","","","","","","","","","","","","","","","","","","","","","","","","","","","","","","","","0.9954026484488325","0.9954026484488325","0.9954026484488325","1463","1463","1463","","","","","","","","","","","","","","","","","","","","","","","","","","","","","","","","","","","","","","","","","",""
"86","0.876303873888982","0.876303873888982","0.876303873888982","7657","7657","7657","0.9515035952146991","0.9515035952146991","0.9515035952146991","1480","1480","1480","0.9401291469748725","0.9401291469748725","0.9401291469748725","4525","4525","4525","0.8159154290967138","0.8159154290967138","0.8159154290967138","4612","4612","4612","","","","","","","0.9497488808821924","0.9497488808821924","0.9497488808821924","4525","4525","4525","","","","","","","0.9317065181788405","0.9317065181788405","0.9317065181788405","1480","1480","1480","0.8200595027360078","0.8200595027360078","0.8200595027360078","7657","7657","7657","0.9586082385787593","0.9586082385787593","0.9586082385787593","1480","1480","1480","0.8748541934522146","0.8748541934522146","0.8748541934522146","4612","4612","4612","0.9631977913995601","0.9631977913995601","0.9631977913995601","4525","4525","4525","","","","","","","","","","","","","","","","","","","","","","","","","","","","","","","","","","","","","","","","","","","","","","","","","0.9948723347838971","0.9948723347838971","0.9948723347838971","1480","1480","1480","","","","","","","","","","","","","","","","","","","","","","","","","","","","","","","","","","","","","","","","","",""
"87","0.8884926180582728","0.8884926180582728","0.8884926180582728","7745","7745","7745","0.9408349320730586","0.9408349320730586","0.9408349320730586","1497","1497","1497","0.9203320699390141","0.9203320699390141","0.9203320699390141","4577","4577","4577","0.8361227570015093","0.8361227570015093","0.8361227570015093","4665","4665","4665","","","","","","","0.9394506574329698","0.9394506574329698","0.9394506574329698","4577","4577","4577","","","","","","","0.9312580911827554","0.9312580911827554","0.9312580911827554","1497","1497","1497","0.8273103893764634","0.8273103893764634","0.8273103893764634","7745","7745","7745","0.9554185578587806","0.9554185578587806","0.9554185578587806","1497","1497","1497","0.8709349631368749","0.8709349631368749","0.8709349631368749","4665","4665","4665","0.9676274702478437","0.9676274702478437","0.9676274702478437","4577","4577","4577","","","","","","","","","","","","","","","","","","","","","","","","","","","","","","","","","","","","","","","","","","","","","","","","","0.9961786221203188","0.9961786221203188","0.9961786221203188","1497","1497","1497","","","","","","","","","","","","","","","","","","","","","","","","","","","","","","","","","","","","","","","","","",""
"88","0.8861994645995989","0.8861994645995989","0.8861994645995989","7833","7833","7833","0.9425155584670816","0.9425155584670816","0.9425155584670816","1514","1514","1514","0.9322485299393258","0.9322485299393258","0.9322485299393258","4629","4629","4629","0.830223414761399","0.830223414761399","0.830223414761399","4718","4718","4718","","","","","","","0.9548882441938453","0.9548882441938453","0.9548882441938453","4629","4629","4629","","","","","","","0.9421373200442968","0.9421373200442968","0.9421373200442968","1514","1514","1514","0.8441438251936323","0.8441438251936323","0.8441438251936323","7833","7833","7833","0.9499672453324599","0.9499672453324599","0.9499672453324599","1514","1514","1514","0.8888541064962329","0.8888541064962329","0.8888541064962329","4718","4718","4718","0.9532895044686726","0.9532895044686726","0.9532895044686726","4629","4629","4629","","","","","","","","","","","","","","","","","","","","","","","","","","","","","","","","","","","","","","","","","","","","","","","","","0.9956795033768503","0.9956795033768503","0.9956795033768503","1514","1514","1514","","","","","","","","","","","","","","","","","","","","","","","","","","","","","","","","","","","","","","","","","",""
"89","0.8897087595729218","0.8897087595729218","0.8897087595729218","7921","7921","7921","0.9490703913402897","0.9490703913402897","0.9490703913402897","1531","1531","1531","0.9470427214449488","0.9470427214449488","0.9470427214449488","4681","4681","4681","0.8375065993378923","0.8375065993378923","0.8375065993378923","4771","4771","4771","","","","","","","0.9411156863662595","0.9411156863662595","0.9411156863662595","4681","4681","4681","","","","","","","0.9520612044359178","0.9520612044359178","0.9520612044359178","1531","1531","1531","0.8359066092757188","0.8359066092757188","0.8359066092757188","7921","7921","7921","0.9634083571194609","0.9634083571194609","0.9634083571194609","1531","1531","1531","0.8719622859485345","0.8719622859485345","0.8719622859485345","4771","4771","4771","0.964574267309282","0.964574267309282","0.964574267309282","4681","4681","4681","","","","","","","","","","","","","","","","","","","","","","","","","","","","","","","","","","","","","","","","","","","","","","","","","0.9923572442406376","0.9923572442406376","0.9923572442406376","1531","1531","1531","","","","","","","","","","","","","","","","","","","","","","","","","","","","","","","","","","","","","","","","","",""
"90","0.8779759131930858","0.8779759131930858","0.8779759131930858","8009","8009","8009","0.9477758020994181","0.9477758020994181","0.9477758020994181","1548","1548","1548","0.9450423471058912","0.9450423471058912","0.9450423471058912","4733","4733","4733","0.8291252849361185","0.8291252849361185","0.8291252849361185","4824","4824","4824","","","","","","","0.9531998190694555","0.9531998190694555","0.9531998190694555","4733","4733","4733","","","","","","","0.9526227130223199","0.9526227130223199","0.9526227130223199","1548","1548","1548","0.8556977906969521","0.8556977906969521","0.8556977906969521","8009","8009","8009","0.9612871024597195","0.9612871024597195","0.9612871024597195","1548","1548","1548","0.8730256333811591","0.8730256333811591","0.8730256333811591","4824","4824","4824","0.960117292904715","0.960117292904715","0.960117292904715","4733","4733","4733","","","","","","","","","","","","","","","","","","","","","","","","","","","","","","","","","","","","","","","","","","","","","","","","","0.9955781198820832","0.9955781198820832","0.9955781198820832","1548","1548","1548","","","","","","","","","","","","","","","","","","","","","","","","","","","","","","","","","","","","","","","","","",""
"91","0.8765473506375737","0.8765473506375737","0.8765473506375737","8097","8097","8097","0.9458963080810444","0.9458963080810444","0.9458963080810444","1565","1565","1565","0.9373372015035952","0.9373372015035952","0.9373372015035952","4785","4785","4785","0.8253986000086956","0.8253986000086956","0.8253986000086956","4877","4877","4877","","","","","","","0.9645937641351987","0.9645937641351987","0.9645937641351987","4785","4785","4785","","","","","","","0.959992513218848","0.959992513218848","0.959992513218848","1565","1565","1565","0.8299836646977348","0.8299836646977348","0.8299836646977348","8097","8097","8097","0.9670893578525417","0.9670893578525417","0.9670893578525417","1565","1565","1565","0.880234284259104","0.880234284259104","0.880234284259104","4877","4877","4877","0.9533947873286229","0.9533947873286229","0.9533947873286229","4785","4785","4785","","","","","","","","","","","","","","","","","","","","","","","","","","","","","","","","","","","","","","","","","","","","","","","","","0.9949620201831142","0.9949620201831142","0.9949620201831142","1565","1565","1565","","","","","","","","","","","","","","","","","","","","","","","","","","","","","","","","","","","","","","","","","",""
"92","0.8764280967198961","0.8764280967198961","0.8764280967198961","8185","8185","8185","0.9556408216742314","0.9556408216742314","0.9556408216742314","1582","1582","1582","0.9471636017656324","0.9471636017656324","0.9471636017656324","4837","4837","4837","0.834842019614785","0.834842019614785","0.834842019614785","4930","4930","4930","","","","","","","0.9752078361642724","0.9752078361642724","0.9752078361642724","4837","4837","4837","","","","","","","0.9669099870541076","0.9669099870541076","0.9669099870541076","1582","1582","1582","0.834700405587543","0.834700405587543","0.834700405587543","8185","8185","8185","0.9610999329309189","0.9610999329309189","0.9610999329309189","1582","1582","1582","0.8668691498810566","0.8668691498810566","0.8668691498810566","4930","4930","4930","0.9659897368708374","0.9659897368708374","0.9659897368708374","4837","4837","4837","","","","","","","","","","","","","","","","","","","","","","","","","","","","","","","","","","","","","","","","","","","","","","","","","0.9963073011713693","0.9963073011713693","0.9963073011713693","1582","1582","1582","","","","","","","","","","","","","","","","","","","","","","","","","","","","","","","","","","","","","","","","","",""
"93","0.8810243414637176","0.8810243414637176","0.8810243414637176","8273","8273","8273","0.9509537847238471","0.9509537847238471","0.9509537847238471","1599","1599","1599","0.9486726560915882","0.9486726560915882","0.9486726560915882","4889","4889","4889","0.8290196955298414","0.8290196955298414","0.8290196955298414","4983","4983","4983","","","","","","","0.9762528660334098","0.9762528660334098","0.9762528660334098","4889","4889","4889","","","","","","","0.9719089732191599","0.9719089732191599","0.9719089732191599","1599","1599","1599","0.8583822460730058","0.8583822460730058","0.8583822460730058","8273","8273","8273","0.9616185485003041","0.9616185485003041","0.9616185485003041","1599","1599","1599","0.8940515897416785","0.8940515897416785","0.8940515897416785","4983","4983","4983","0.9699904855489526","0.9699904855489526","0.9699904855489526","4889","4889","4889","","","","","","","","","","","","","","","","","","","","","","","","","","","","","","","","","","","","","","","","","","","","","","","","","0.9969857907132719","0.9969857907132719","0.9969857907132719","1599","1599","1599","","","","","","","","","","","","","","","","","","","","","","","","","","","","","","","","","","","","","","","","","",""
"94","0.8826814740281116","0.8826814740281116","0.8826814740281116","8361","8361","8361","0.953710635908474","0.953710635908474","0.953710635908474","1616","1616","1616","0.9410337996974091","0.9410337996974091","0.9410337996974091","4941","4941","4941","0.8457997155297172","0.8457997155297172","0.8457997155297172","5036","5036","5036","","","","","","","0.9593140236769453","0.9593140236769453","0.9593140236769453","4941","4941","4941","","","","","","","0.9703726233369206","0.9703726233369206","0.9703726233369206","1616","1616","1616","0.8587151632598555","0.8587151632598555","0.8587151632598555","8361","8361","8361","0.9674987911967932","0.9674987911967932","0.9674987911967932","1616","1616","1616","0.8858951186638592","0.8858951186638592","0.8858951186638592","5036","5036","5036","0.9709926224010731","0.9709926224010731","0.9709926224010731","4941","4941","4941","","","","","","","","","","","","","","","","","","","","","","","","","","","","","","","","","","","","","","","","","","","","","","","","","0.9942406376241948","0.9942406376241948","0.9942406376241948","1616","1616","1616","","","","","","","","","","","","","","","","","","","","","","","","","","","","","","","","","","","","","","","","","",""
"95","0.8954279787082069","0.8954279787082069","0.8954279787082069","8449","8449","8449","0.9442039835914713","0.9442039835914713","0.9442039835914713","1633","1633","1633","0.946340835711946","0.946340835711946","0.946340835711946","4993","4993","4993","0.8399450935087358","0.8399450935087358","0.8399450935087358","5089","5089","5089","","","","","","","0.9586355341350429","0.9586355341350429","0.9586355341350429","4993","4993","4993","","","","","","","0.976927456210129","0.976927456210129","0.976927456210129","1633","1633","1633","0.8649399693169608","0.8649399693169608","0.8649399693169608","8449","8449","8449","0.9608269773680845","0.9608269773680845","0.9608269773680845","1633","1633","1633","0.8718865100216768","0.8718865100216768","0.8718865100216768","5089","5089","5089","0.971405955110508","0.971405955110508","0.971405955110508","4993","4993","4993","","","","","","","","","","","","","","","","","","","","","","","","","","","","","","","","","","","","","","","","","","","","","","","","","0.9940456693650274","0.9940456693650274","0.9940456693650274","1633","1633","1633","","","","","","","","","","","","","","","","","","","","","","","","","","","","","","","","","","","","","","","","","",""
"96","0.8900975770336831","0.8900975770336831","0.8900975770336831","8537","8537","8537","0.9544827102147772","0.9544827102147772","0.9544827102147772","1650","1650","1650","0.9502908926426777","0.9502908926426777","0.9502908926426777","5045","5045","5045","0.8308376966602692","0.8308376966602692","0.8308376966602692","5142","5142","5142","","","","","","","0.9648238266810164","0.9648238266810164","0.9648238266810164","5045","5045","5045","","","","","","","0.978405315614618","0.978405315614618","0.978405315614618","1650","1650","1650","0.8234669349879815","0.8234669349879815","0.8234669349879815","8537","8537","8537","0.9664342645017391","0.9664342645017391","0.9664342645017391","1650","1650","1650","0.8680393289482674","0.8680393289482674","0.8680393289482674","5142","5142","5142","0.9691716188604496","0.9691716188604496","0.9691716188604496","5045","5045","5045","","","","","","","","","","","","","","","","","","","","","","","","","","","","","","","","","","","","","","","","","","","","","","","","","0.9962215151373357","0.9962215151373357","0.9962215151373357","1650","1650","1650","","","","","","","","","","","","","","","","","","","","","","","","","","","","","","","","","","","","","","","","","",""
"97","0.8841746324556989","0.8841746324556989","0.8841746324556989","8625","8625","8625","0.9568184299596025","0.9568184299596025","0.9568184299596025","1667","1667","1667","0.9468282563598647","0.9468282563598647","0.9468282563598647","5097","5097","5097","0.8345476115055186","0.8345476115055186","0.8345476115055186","5195","5195","5195","","","","","","","0.9689805499664654","0.9689805499664654","0.9689805499664654","5097","5097","5097","","","","","","","0.9783858187887011","0.9783858187887011","0.9783858187887011","1667","1667","1667","0.8647002192532965","0.8647002192532965","0.8647002192532965","8625","8625","8625","0.97193236941026","0.97193236941026","0.97193236941026","1667","1667","1667","0.8681088937335791","0.8681088937335791","0.8681088937335791","5195","5195","5195","0.9688128772635816","0.9688128772635816","0.9688128772635816","5097","5097","5097","","","","","","","","","","","","","","","","","","","","","","","","","","","","","","","","","","","","","","","","","","","","","","","","","0.9959797544959681","0.9959797544959681","0.9959797544959681","1667","1667","1667","","","","","","","","","","","","","","","","","","","","","","","","","","","","","","","","","","","","","","","","","",""
"98","0.878639263110167","0.878639263110167","0.878639263110167","8713","8713","8713","0.9530984355746884","0.9530984355746884","0.9530984355746884","1684","1684","1684","0.9419423517851293","0.9419423517851293","0.9419423517851293","5149","5149","5149","0.8239128949509631","0.8239128949509631","0.8239128949509631","5248","5248","5248","","","","","","","0.9751181507650554","0.9751181507650554","0.9751181507650554","5149","5149","5149","","","","","","","0.9808034252023771","0.9808034252023771","0.9808034252023771","1684","1684","1684","0.8719386836106608","0.8719386836106608","0.8719386836106608","8713","8713","8713","0.9671595464258419","0.9671595464258419","0.9671595464258419","1684","1684","1684","0.874778417525357","0.874778417525357","0.874778417525357","5248","5248","5248","0.9673311184939091","0.9673311184939091","0.9673311184939091","5149","5149","5149","","","","","","","","","","","","","","","","","","","","","","","","","","","","","","","","","","","","","","","","","","","","","","","","","0.9974693119960071","0.9974693119960071","0.9974693119960071","1684","1684","1684","","","","","","","","","","","","","","","","","","","","","","","","","","","","","","","","","","","","","","","","","",""
"99","0.8859062987186416","0.8859062987186416","0.8859062987186416","8801","8801","8801","0.9457559309344439","0.9457559309344439","0.9457559309344439","1701","1701","1701","0.9504429678848283","0.9504429678848283","0.9504429678848283","5201","5201","5201","0.8328619076900144","0.8328619076900144","0.8328619076900144","5301","5301","5301","","","","","","","0.9717101055948092","0.9717101055948092","0.9717101055948092","5201","5201","5201","","","","","","","0.9789882707095284","0.9789882707095284","0.9789882707095284","1701","1701","1701","0.8708231625890522","0.8708231625890522","0.8708231625890522","8801","8801","8801","0.9616731396128709","0.9616731396128709","0.9616731396128709","1701","1701","1701","0.8618232184893262","0.8618232184893262","0.8618232184893262","5301","5301","5301","0.961840812315755","0.961840812315755","0.961840812315755","5201","5201","5201","","","","","","","","","","","","","","","","","","","","","","","","","","","","","","","","","","","","","","","","","","","","","","","","","0.9964008859357696","0.9964008859357696","0.9964008859357696","1701","1701","1701","","","","","","","","","","","","","","","","","","","","","","","","","","","","","","","","","","","","","","","","","",""
"100","0.8851236948838828","0.8851236948838828","0.8851236948838828","8889","8889","8889","0.9540888743312588","0.9540888743312588","0.9540888743312588","1718","1718","1718","0.9318585934209911","0.9318585934209911","0.9318585934209911","5253","5253","5253","0.837953801529183","0.837953801529183","0.837953801529183","5354","5354","5354","","","","","","","","","","","","","","","","","","","","","","","","","0.8716256420767574","0.8716256420767574","0.8716256420767574","8889","8889","8889","0.964652254612949","0.964652254612949","0.964652254612949","1718","1718","1718","0.8771361668561064","0.8771361668561064","0.8771361668561064","5354","5354","5354","0.9619265983497886","0.9619265983497886","0.9619265983497886","5253","5253","5253","","","","","","","","","","","","","","","","","","","","","","","","","","","","","","","","","","","","","","","","","","","","","","","","","0.9973445323101399","0.9973445323101399","0.9973445323101399","1718","1718","1718","","","","","","","","","","","","","","","","","","","","","","","","","","","","","","","","","","","","","","","","","",""
"101","0.8842802218619759","0.8842802218619759","0.8842802218619759","8977","8977","8977","0.9519364247500507","0.9519364247500507","0.9519364247500507","1735","1735","1735","0.9433968149985182","0.9433968149985182","0.9433968149985182","5305","5305","5305","0.8405599965217607","0.8405599965217607","0.8405599965217607","5407","5407","5407","","","","","","","","","","","","","","","","","","","","","","","","","0.8700666455487853","0.8700666455487853","0.8700666455487853","8977","8977","8977","0.9721702306864443","0.9721702306864443","0.9721702306864443","1735","1735","1735","0.8668393364016371","0.8668393364016371","0.8668393364016371","5407","5407","5407","0.9723729976759783","0.9723729976759783","0.9723729976759783","5305","5305","5305","","","","","","","","","","","","","","","","","","","","","","","","","","","","","","","","","","","","","","","","","","","","","","","","","0.9958237798886341","0.9958237798886341","0.9958237798886341","1735","1735","1735","","","","","","","","","","","","","","","","","","","","","","","","","","","","","","","","","","","","","","","","","",""
"102","0.8862677871566016","0.8862677871566016","0.8862677871566016","9065","9065","9065","0.941041598427776","0.941041598427776","0.941041598427776","1752","1752","1752","0.9349468906462028","0.9349468906462028","0.9349468906462028","5357","5357","5357","0.8286880205713008","0.8286880205713008","0.8286880205713008","5460","5460","5460","","","","","","","","","","","","","","","","","","","","","","","","","0.874276557288464","0.874276557288464","0.874276557288464","9065","9065","9065","0.9707352642989721","0.9707352642989721","0.9707352642989721","1752","1752","1752","0.8726492382034895","0.8726492382034895","0.8726492382034895","5460","5460","5460","0.9773095939980971","0.9773095939980971","0.9773095939980971","5357","5357","5357","","","","","","","","","","","","","","","","","","","","","","","","","","","","","","","","","","","","","","","","","","","","","","","","","0.9953909503532825","0.9953909503532825","0.9953909503532825","1752","1752","1752","","","","","","","","","","","","","","","","","","","","","","","","","","","","","","","","","","","","","","","","","",""
"103","0.8892168371625021","0.8892168371625021","0.8892168371625021","9153","9153","9153","0.935442110024488","0.935442110024488","0.935442110024488","1769","1769","1769","0.9324785924851434","0.9324785924851434","0.9324785924851434","5409","5409","5409","0.8424469413233459","0.8424469413233459","0.8424469413233459","5513","5513","5513","","","","","","","","","","","","","","","","","","","","","","","","","0.8555449966149279","0.8555449966149279","0.8555449966149279","9153","9153","9153","0.9713552633631245","0.9713552633631245","0.9713552633631245","1769","1769","1769","0.8766442444456867","0.8766442444456867","0.8766442444456867","5513","5513","5513","0.9742134980425187","0.9742134980425187","0.9742134980425187","5409","5409","5409","","","","","","","","","","","","","","","","","","","","","","","","","","","","","","","","","","","","","","","","","","","","","","","","","0.9965997535601203","0.9965997535601203","0.9965997535601203","1769","1769","1769","","","","","","","","","","","","","","","","","","","","","","","","","","","","","","","","","","","","","","","","","",""
"104","0.8850354966739337","0.8850354966739337","0.8850354966739337","9241","9241","9241","0.9535039695537567","0.9535039695537567","0.9535039695537567","1786","1786","1786","0.9458378176032942","0.9458378176032942","0.9458378176032942","5461","5461","5461","0.8391537940758131","0.8391537940758131","0.8391537940758131","5566","5566","5566","","","","","","","","","","","","","","","","","","","","","","","","","0.8693337308463923","0.8693337308463923","0.8693337308463923","9241","9241","9241","0.9706845725515886","0.9706845725515886","0.9706845725515886","1786","1786","1786","0.8800367699579505","0.8800367699579505","0.8800367699579505","5566","5566","5566","0.9766116076302778","0.9766116076302778","0.9766116076302778","5461","5461","5461","","","","","","","","","","","","","","","","","","","","","","","","","","","","","","","","","","","","","","","","","","","","","","","","","0.9968181180103879","0.9968181180103879","0.9968181180103879","1786","1786","1786","","","","","","","","","","","","","","","","","","","","","","","","","","","","","","","","","","","","","","","","","",""
"105","0.8808467028155105","0.8808467028155105","0.8808467028155105","9329","9329","9329","0.9459859934802614","0.9459859934802614","0.9459859934802614","1803","1803","1803","0.9511799479044812","0.9511799479044812","0.9511799479044812","5513","5513","5513","0.8375910708629138","0.8375910708629138","0.8375910708629138","5619","5619","5619","","","","","","","","","","","","","","","","","","","","","","","","","0.857767343059981","0.857767343059981","0.857767343059981","9329","9329","9329","0.970275139207337","0.970275139207337","0.970275139207337","1803","1803","1803","0.8870603288178335","0.8870603288178335","0.8870603288178335","5619","5619","5619","0.9702166487295869","0.9702166487295869","0.9702166487295869","5513","5513","5513","","","","","","","","","","","","","","","","","","","","","","","","","","","","","","","","","","","","","","","","","","","","","","","","","0.9973328342145898","0.9973328342145898","0.9973328342145898","1803","1803","1803","","","","","","","","","","","","","","","","","","","","","","","","","","","","","","","","","","","","","","","","","",""
"106","0.8823112899919875","0.8823112899919875","0.8823112899919875","9417","9417","9417","0.9545567981532607","0.9545567981532607","0.9545567981532607","1820","1820","1820","0.9423790806856643","0.9423790806856643","0.9423790806856643","5565","5565","5565","0.846084806926665","0.846084806926665","0.846084806926665","5672","5672","5672","","","","","","","","","","","","","","","","","","","","","","","","","0.8779473419419755","0.8779473419419755","0.8779473419419755","9417","9417","9417","0.9699553912623026","0.9699553912623026","0.9699553912623026","1820","1820","1820","0.8797920509810497","0.8797920509810497","0.8797920509810497","5672","5672","5672","0.9756679612559075","0.9756679612559075","0.9756679612559075","5565","5565","5565","","","","","","","","","","","","","","","","","","","","","","","","","","","","","","","","","","","","","","","","","","","","","","","","","0.996763526897821","0.996763526897821","0.996763526897821","1820","1820","1820","","","","","","","","","","","","","","","","","","","","","","","","","","","","","","","","","","","","","","","","","",""
"107","0.8870106396854678","0.8870106396854678","0.8870106396854678","9505","9505","9505","0.9512735326688815","0.9512735326688815","0.9512735326688815","1837","1837","1837","0.9474092617721834","0.9474092617721834","0.9474092617721834","5617","5617","5617","0.8498878888951","0.8498878888951","0.8498878888951","5725","5725","5725","","","","","","","","","","","","","","","","","","","","","","","","","0.8883696374556679","0.8883696374556679","0.8883696374556679","9505","9505","9505","0.9714761436838082","0.9714761436838082","0.9714761436838082","1837","1837","1837","0.8851410860802107","0.8851410860802107","0.8851410860802107","5725","5725","5725","0.9699358944363857","0.9699358944363857","0.9699358944363857","5617","5617","5617","","","","","","","","","","","","","","","","","","","","","","","","","","","","","","","","","","","","","","","","","","","","","","","","","0.9967440300719044","0.9967440300719044","0.9967440300719044","1837","1837","1837","","","","","","","","","","","","","","","","","","","","","","","","","","","","","","","","","","","","","","","","","",""
"108","0.8978341749430128","0.8978341749430128","0.8978341749430128","9593","9593","9593","0.9447070017001231","0.9447070017001231","0.9447070017001231","1854","1854","1854","0.9456584468048601","0.9456584468048601","0.9456584468048601","5669","5669","5669","0.8436283004453389","0.8436283004453389","0.8436283004453389","5778","5778","5778","","","","","","","","","","","","","","","","","","","","","","","","","0.8764082210669499","0.8764082210669499","0.8764082210669499","9593","9593","9593","0.9768533682716454","0.9768533682716454","0.9768533682716454","1854","1854","1854","0.8847510263911404","0.8847510263911404","0.8847510263911404","5778","5778","5778","0.9753755088671564","0.9753755088671564","0.9753755088671564","5669","5669","5669","","","","","","","","","","","","","","","","","","","","","","","","","","","","","","","","","","","","","","","","","","","","","","","","","0.9965295649868201","0.9965295649868201","0.9965295649868201","1854","1854","1854","","","","","","","","","","","","","","","","","","","","","","","","","","","","","","","","","","","","","","","","","",""
"109","0.8928354482270295","0.8928354482270295","0.8928354482270295","9681","9681","9681","0.9452100198087751","0.9452100198087751","0.9452100198087751","1871","1871","1871","0.9418097733688955","0.9418097733688955","0.9418097733688955","5721","5721","5721","0.8388805038478022","0.8388805038478022","0.8388805038478022","5831","5831","5831","","","","","","","","","","","","","","","","","","","","","","","","","0.8775398910565774","0.8775398910565774","0.8775398910565774","9681","9681","9681","0.9767558841420617","0.9767558841420617","0.9767558841420617","1871","1871","1871","0.8930950739436402","0.8930950739436402","0.8930950739436402","5831","5831","5831","0.9770444371656295","0.9770444371656295","0.9770444371656295","5721","5721","5721","","","","","","","","","","","","","","","","","","","","","","","","","","","","","","","","","","","","","","","","","","","","","","","","","0.9972236519894562","0.9972236519894562","0.9972236519894562","1871","1871","1871","","","","","","","","","","","","","","","","","","","","","","","","","","","","","","","","","","","","","","","","","",""
"110","0.8821734026496729","0.8821734026496729","0.8821734026496729","9769","9769","9769","0.946251150312729","0.946251150312729","0.946251150312729","1888","1888","1888","0.9535624600315069","0.9535624600315069","0.9535624600315069","5773","5773","5773","0.8483419357643741","0.8483419357643741","0.8483419357643741","5884","5884","5884","","","","","","","","","","","","","","","","","","","","","","","","","0.8779336774305749","0.8779336774305749","0.8779336774305749","9769","9769","9769","0.976007206026859","0.976007206026859","0.976007206026859","1888","1888","1888","0.8936640145092266","0.8936640145092266","0.8936640145092266","5884","5884","5884","0.9762684634941432","0.9762684634941432","0.9762684634941432","5773","5773","5773","","","","","","","","","","","","","","","","","","","","","","","","","","","","","","","","","","","","","","","","","","","","","","","","","0.9979801288350256","0.9979801288350256","0.9979801288350256","1888","1888","1888","","","","","","","","","","","","","","","","","","","","","","","","","","","","","","","","","","","","","","","","","",""
"111","0.8915832820914156","0.8915832820914156","0.8915832820914156","9857","9857","9857","0.9408271333426919","0.9408271333426919","0.9408271333426919","1905","1905","1905","0.9505833450314289","0.9505833450314289","0.9505833450314289","5825","5825","5825","0.8362221352662407","0.8362221352662407","0.8362221352662407","5937","5937","5937","","","","","","","","","","","","","","","","","","","","","","","","","0.8987956596542879","0.8987956596542879","0.8987956596542879","9857","9857","9857","0.9703180322243538","0.9703180322243538","0.9703180322243538","1905","1905","1905","0.8939050068012","0.8939050068012","0.8939050068012","5937","5937","5937","0.9737611716812502","0.9737611716812502","0.9737611716812502","5825","5825","5825","","","","","","","","","","","","","","","","","","","","","","","","","","","","","","","","","","","","","","","","","","","","","","","","","0.9977305694632914","0.9977305694632914","0.9977305694632914","1905","1905","1905","","","","","","","","","","","","","","","","","","","","","","","","","","","","","","","","","","","","","","","","","",""
"112","0.8898814293078926","0.8898814293078926","0.8898814293078926","9945","9945","9945","0.9519520222107841","0.9519520222107841","0.9519520222107841","1922","1922","1922","0.948735045934522","0.948735045934522","0.948735045934522","5877","5877","5877","0.8405562698368333","0.8405562698368333","0.8405562698368333","5990","5990","5990","","","","","","","","","","","","","","","","","","","","","","","","","0.8733225259470437","0.8733225259470437","0.8733225259470437","9945","9945","9945","0.9714605462230749","0.9714605462230749","0.9714605462230749","1922","1922","1922","0.898338519636524","0.898338519636524","0.898338519636524","5990","5990","5990","0.9827375103333178","0.9827375103333178","0.9827375103333178","5877","5877","5877","","","","","","","","","","","","","","","","","","","","","","","","","","","","","","","","","","","","","","","","","","","","","","","","","0.9974186202486235","0.9974186202486235","0.9974186202486235","1922","1922","1922","","","","","","","","","","","","","","","","","","","","","","","","","","","","","","","","","","","","","","","","","",""
"113","0.8837808460817013","0.8837808460817013","0.8837808460817013","10033","10033","10033","0.9582845912685414","0.9582845912685414","0.9582845912685414","1939","1939","1939","0.9561711353391669","0.9561711353391669","0.9561711353391669","5929","5929","5929","0.8356780392668369","0.8356780392668369","0.8356780392668369","6043","6043","6043","","","","","","","","","","","","","","","","","","","","","","","","","0.8969683418115415","0.8969683418115415","0.8969683418115415","10033","10033","10033","0.9779763854444496","0.9779763854444496","0.9779763854444496","1939","1939","1939","0.9074676554804008","0.9074676554804008","0.9074676554804008","6043","6043","6043","0.9786743718122689","0.9786743718122689","0.9786743718122689","5929","5929","5929","","","","","","","","","","","","","","","","","","","","","","","","","","","","","","","","","","","","","","","","","","","","","","","","","0.9971690608768893","0.9971690608768893","0.9971690608768893","1939","1939","1939","","","","","","","","","","","","","","","","","","","","","","","","","","","","","","","","","","","","","","","","","",""
"114","0.8997894423016006","0.8997894423016006","0.8997894423016006","10121","10121","10121","0.95438132672001","0.95438132672001","0.95438132672001","1956","1956","1956","0.9406477625442579","0.9406477625442579","0.9406477625442579","5981","5981","5981","0.8350594095688848","0.8350594095688848","0.8350594095688848","6096","6096","6096","","","","","","","","","","","","","","","","","","","","","","","","","0.8921137135794188","0.8921137135794188","0.8921137135794188","10121","10121","10121","0.9753092196590395","0.9753092196590395","0.9753092196590395","1956","1956","1956","0.8976043627058217","0.8976043627058217","0.8976043627058217","6096","6096","6096","0.9786704724470856","0.9786704724470856","0.9786704724470856","5981","5981","5981","","","","","","","","","","","","","","","","","","","","","","","","","","","","","","","","","","","","","","","","","","","","","","","","","0.9979099402617254","0.9979099402617254","0.9979099402617254","1956","1956","1956","","","","","","","","","","","","","","","","","","","","","","","","","","","","","","","","","","","","","","","","","",""
"115","0.897191942907187","0.897191942907187","0.897191942907187","10209","10209","10209","0.9500413332709434","0.9500413332709434","0.9500413332709434","1973","1973","1973","0.9449019699592905","0.9449019699592905","0.9449019699592905","6033","6033","6033","0.8483015633443272","0.8483015633443272","0.8483015633443272","6149","6149","6149","","","","","","","","","","","","","","","","","","","","","","","","","0.9018316656418283","0.9018316656418283","0.9018316656418283","10209","10209","10209","0.976670098108028","0.976670098108028","0.976670098108028","1973","1973","1973","0.9004130409127894","0.9004130409127894","0.9004130409127894","6149","6149","6149","0.9743967682061361","0.9743967682061361","0.9743967682061361","6033","6033","6033","","","","","","","","","","","","","","","","","","","","","","","","","","","","","","","","","","","","","","","","","","","","","","","","","0.9984246564659274","0.9984246564659274","0.9984246564659274","1973","1973","1973","","","","","","","","","","","","","","","","","","","","","","","","","","","","","","","","","","","","","","","","","",""
"116","0.8983757864857982","0.8983757864857982","0.8983757864857982","10297","10297","10297","0.9514762996584156","0.9514762996584156","0.9514762996584156","1990","1990","1990","0.936931667524527","0.936931667524527","0.936931667524527","6085","6085","6085","0.8518332184272148","0.8518332184272148","0.8518332184272148","6202","6202","6202","","","","","","","","","","","","","","","","","","","","","","","","","0.8833820907944671","0.8833820907944671","0.8833820907944671","10297","10297","10297","0.9753521126760564","0.9753521126760564","0.9753521126760564","1990","1990","1990","0.9026093005633505","0.9026093005633505","0.9026093005633505","6202","6202","6202","0.9799260680361238","0.9799260680361238","0.9799260680361238","6085","6085","6085","","","","","","","","","","","","","","","","","","","","","","","","","","","","","","","","","","","","","","","","","","","","","","","","","0.9980074243913091","0.9980074243913091","0.9980074243913091","1990","1990","1990","","","","","","","","","","","","","","","","","","","","","","","","","","","","","","","","","","","","","","","","","",""
"117","0.8859212054583512","0.8859212054583512","0.8859212054583512","10385","10385","10385","0.9332779623477298","0.9332779623477298","0.9332779623477298","2007","2007","2007","0.9429873816542667","0.9429873816542667","0.9429873816542667","6137","6137","6137","0.8290296333563145","0.8290296333563145","0.8290296333563145","6255","6255","6255","","","","","","","","","","","","","","","","","","","","","","","","","0.8713088738579263","0.8713088738579263","0.8713088738579263","10385","10385","10385","0.9741238126433016","0.9741238126433016","0.9741238126433016","2007","2007","2007","0.8987819951428873","0.8987819951428873","0.8987819951428873","6255","6255","6255","0.9776176438475817","0.9776176438475817","0.9776176438475817","6137","6137","6137","","","","","","","","","","","","","","","","","","","","","","","","","","","","","","","","","","","","","","","","","","","","","","","","","0.9979294370876421","0.9979294370876421","0.9979294370876421","2007","2007","2007","","","","","","","","","","","","","","","","","","","","","","","","","","","","","","","","","","","","","","","","","",""
"118","0.9096974552953087","0.9096974552953087","0.9096974552953087","10473","10473","10473","0.9557656013600986","0.9557656013600986","0.9557656013600986","2024","2024","2024","0.951390513624382","0.951390513624382","0.951390513624382","6189","6189","6189","0.832876814429724","0.832876814429724","0.832876814429724","6308","6308","6308","","","","","","","","","","","","","","","","","","","","","","","","","0.8928056347476102","0.8928056347476102","0.8928056347476102","10473","10473","10473","0.9808112239327438","0.9808112239327438","0.9808112239327438","2024","2024","2024","0.9054577300762107","0.9054577300762107","0.9054577300762107","6308","6308","6308","0.9790136165832202","0.9790136165832202","0.9790136165832202","6189","6189","6189","","","","","","","","","","","","","","","","","","","","","","","","","","","","","","","","","","","","","","","","","","","","","","","","","0.9984012602748272","0.9984012602748272","0.9984012602748272","2024","2024","2024","","","","","","","","","","","","","","","","","","","","","","","","","","","","","","","","","","","","","","","","","",""
"119","0.8919770684654132","0.8919770684654132","0.8919770684654132","10561","10561","10561","0.9562257264517336","0.9562257264517336","0.9562257264517336","2041","2041","2041","0.954237050208226","0.954237050208226","0.954237050208226","6241","6241","6241","0.843276749833852","0.843276749833852","0.843276749833852","6361","6361","6361","","","","","","","","","","","","","","","","","","","","","","","","","0.876708840317762","0.876708840317762","0.876708840317762","10561","10561","10561","0.9799221686709404","0.9799221686709404","0.9799221686709404","2041","2041","2041","0.9050453102775758","0.9050453102775758","0.9050453102775758","6361","6361","6361","0.9805031740832593","0.9805031740832593","0.9805031740832593","6241","6241","6241","","","","","","","","","","","","","","","","","","","","","","","","","","","","","","","","","","","","","","","","","","","","","","","","","0.99739132469234","0.99739132469234","0.99739132469234","2041","2041","2041","","","","","","","","","","","","","","","","","","","","","","","","","","","","","","","","","","","","","","","","","",""
"120","0.8964503326066297","0.8964503326066297","0.8964503326066297","10649","10649","10649","0.9553444699202969","0.9553444699202969","0.9553444699202969","2058","2058","2058","0.9520923993573845","0.9520923993573845","0.9520923993573845","6293","6293","6293","0.8375662262967312","0.8375662262967312","0.8375662262967312","6414","6414","6414","","","","","","","","","","","","","","","","","","","","","","","","","0.8990714343389171","0.8990714343389171","0.8990714343389171","10649","10649","10649","0.9774031787624975","0.9774031787624975","0.9774031787624975","2058","2058","2058","0.905231644523947","0.905231644523947","0.905231644523947","6414","6414","6414","0.9832717233634365","0.9832717233634365","0.9832717233634365","6293","6293","6293","","","","","","","","","","","","","","","","","","","","","","","","","","","","","","","","","","","","","","","","","","","","","","","","","0.9983661659881772","0.9983661659881772","0.9983661659881772","2058","2058","2058","","","","","","","","","","","","","","","","","","","","","","","","","","","","","","","","","","","","","","","","","",""
"121","0.8997906845299098","0.8997906845299098","0.8997906845299098","10737","10737","10737","0.95438132672001","0.95438132672001","0.95438132672001","2075","2075","2075","0.9421217225835634","0.9421217225835634","0.9421217225835634","6345","6345","6345","0.8557387842311539","0.8557387842311539","0.8557387842311539","6467","6467","6467","","","","","","","","","","","","","","","","","","","","","","","","","0.8842653151222664","0.8842653151222664","0.8842653151222664","10737","10737","10737","0.9776293419431317","0.9776293419431317","0.9776293419431317","2075","2075","2075","0.8895646610890614","0.8895646610890614","0.8895646610890614","6467","6467","6467","0.982179901112099","0.982179901112099","0.982179901112099","6345","6345","6345","","","","","","","","","","","","","","","","","","","","","","","","","","","","","","","","","","","","","","","","","","","","","","","","","0.998420757100744","0.998420757100744","0.998420757100744","2075","2075","2075","","","","","","","","","","","","","","","","","","","","","","","","","","","","","","","","","","","","","","","","","",""
"122","0.9032366258594667","0.9032366258594667","0.9032366258594667","10825","10825","10825","0.9590566655748444","0.9590566655748444","0.9590566655748444","2092","2092","2092","0.9442585747040382","0.9442585747040382","0.9442585747040382","6397","6397","6397","0.8517313557058651","0.8517313557058651","0.8517313557058651","6520","6520","6520","","","","","","","","","","","","","","","","","","","","","","","","","0.8969521928435227","0.8969521928435227","0.8969521928435227","10825","10825","10825","0.9773836819365808","0.9773836819365808","0.9773836819365808","2092","2092","2092","0.910061428189887","0.910061428189887","0.910061428189887","6520","6520","6520","0.9774070781276808","0.9774070781276808","0.9774070781276808","6397","6397","6397","","","","","","","","","","","","","","","","","","","","","","","","","","","","","","","","","","","","","","","","","","","","","","","","","0.9982998767800602","0.9982998767800602","0.9982998767800602","2092","2092","2092","","","","","","","","","","","","","","","","","","","","","","","","","","","","","","","","","","","","","","","","","",""
"123","0.893490102545947","0.893490102545947","0.893490102545947","10913","10913","10913","0.9539796921061252","0.9539796921061252","0.9539796921061252","2109","2109","2109","0.95877201191646","0.95877201191646","0.95877201191646","6449","6449","6449","0.8537089831740176","0.8537089831740176","0.8537089831740176","6573","6573","6573","","","","","","","","","","","","","","","","","","","","","","","","","0.8992962776628717","0.8992962776628717","0.8992962776628717","10913","10913","10913","0.9836772573425047","0.9836772573425047","0.9836772573425047","2109","2109","2109","0.9081148564294632","0.9081148564294632","0.9081148564294632","6573","6573","6573","0.9804134886840423","0.9804134886840423","0.9804134886840423","6449","6449","6449","","","","","","","","","","","","","","","","","","","","","","","","","","","","","","","","","","","","","","","","","","","","","","","","","0.998857486001279","0.998857486001279","0.998857486001279","2109","2109","2109","","","","","","","","","","","","","","","","","","","","","","","","","","","","","","","","","","","","","","","","","",""
"124","0.8909907391879553","0.8909907391879553","0.8909907391879553","11001","11001","11001","0.9614898694492537","0.9614898694492537","0.9614898694492537","2126","2126","2126","0.942800212125466","0.942800212125466","0.942800212125466","6501","6501","6501","0.8455947478587089","0.8455947478587089","0.8455947478587089","6626","6626","6626","","","","","","","","","","","","","","","","","","","","","","","","","0.8893547245048168","0.8893547245048168","0.8893547245048168","11001","11001","11001","0.9783741206931511","0.9783741206931511","0.9783741206931511","2126","2126","2126","0.9000950304656492","0.9000950304656492","0.9000950304656492","6626","6626","6626","0.9815754995086801","0.9815754995086801","0.9815754995086801","6501","6501","6501","","","","","","","","","","","","","","","","","","","","","","","","","","","","","","","","","","","","","","","","","","","","","","","","","0.9986859139332116","0.9986859139332116","0.9986859139332116","2126","2126","2126","","","","","","","","","","","","","","","","","","","","","","","","","","","","","","","","","","","","","","","","","",""
"125","0.8913137185483321","0.8913137185483321","0.8913137185483321","11089","11089","11089","0.9586004398483927","0.9586004398483927","0.9586004398483927","2143","2143","2143","0.9447031023349399","0.9447031023349399","0.9447031023349399","6553","6553","6553","0.8423848299078888","0.8423848299078888","0.8423848299078888","6679","6679","6679","","","","","","","","","","","","","","","","","","","","","","","","","0.8991211234712828","0.8991211234712828","0.8991211234712828","11089","11089","11089","0.9852857454806357","0.9852857454806357","0.9852857454806357","2143","2143","2143","0.8969844907795604","0.8969844907795604","0.8969844907795604","6679","6679","6679","0.9814468204576294","0.9814468204576294","0.9814468204576294","6553","6553","6553","","","","","","","","","","","","","","","","","","","","","","","","","","","","","","","","","","","","","","","","","","","","","","","","","0.9985572348821612","0.9985572348821612","0.9985572348821612","2143","2143","2143","","","","","","","","","","","","","","","","","","","","","","","","","","","","","","","","","","","","","","","","","",""
"126","0.8899162117005486","0.8899162117005486","0.8899162117005486","11177","11177","11177","0.9558669848548655","0.9558669848548655","0.9558669848548655","2160","2160","2160","0.946161464913512","0.946161464913512","0.946161464913512","6605","6605","6605","0.8503413022279366","0.8503413022279366","0.8503413022279366","6732","6732","6732","","","","","","","","","","","","","","","","","","","","","","","","","0.9061782224955124","0.9061782224955124","0.9061782224955124","11177","11177","11177","0.9765609158828943","0.9765609158828943","0.9765609158828943","2160","2160","2160","0.9068204545313382","0.9068204545313382","0.9068204545313382","6732","6732","6732","0.9818055620544975","0.9818055620544975","0.9818055620544975","6605","6605","6605","","","","","","","","","","","","","","","","","","","","","","","","","","","","","","","","","","","","","","","","","","","","","","","","","0.9977968586714083","0.9977968586714083","0.9977968586714083","2160","2160","2160","","","","","","","","","","","","","","","","","","","","","","","","","","","","","","","","","","","","","","","","","",""
"127","0.8907870137452563","0.8907870137452563","0.8907870137452563","11265","11265","11265","0.9635019418838613","0.9635019418838613","0.9635019418838613","2177","2177","2177","0.9448434794815403","0.9448434794815403","0.9448434794815403","6657","6657","6657","0.8458941248812119","0.8458941248812119","0.8458941248812119","6785","6785","6785","","","","","","","","","","","","","","","","","","","","","","","","","0.8994441028316594","0.8994441028316594","0.8994441028316594","11265","11265","11265","0.9837552446461717","0.9837552446461717","0.9837552446461717","2177","2177","2177","0.9049968633735194","0.9049968633735194","0.9049968633735194","6785","6785","6785","0.9819693353921981","0.9819693353921981","0.9819693353921981","6657","6657","6657","","","","","","","","","","","","","","","","","","","","","","","","","","","","","","","","","","","","","","","","","","","","","","","","","0.9966972376897041","0.9966972376897041","0.9966972376897041","2177","2177","2177","","","","","","","","","","","","","","","","","","","","","","","","","","","","","","","","","","","","","","","","","",""
"128","0.8920478754790343","0.8920478754790343","0.8920478754790343","11353","11353","11353","0.957563208709622","0.957563208709622","0.957563208709622","2194","2194","2194","0.9552157908692466","0.9552157908692466","0.9552157908692466","6709","6709","6709","0.8499822982465948","0.8499822982465948","0.8499822982465948","6838","6838","6838","","","","","","","","","","","","","","","","","","","","","","","","","0.9116005490649126","0.9116005490649126","0.9116005490649126","11353","11353","11353","0.9868045482195499","0.9868045482195499","0.9868045482195499","2194","2194","2194","0.9055571083409419","0.9055571083409419","0.9055571083409419","6838","6838","6838","0.9835836725781043","0.9835836725781043","0.9835836725781043","6709","6709","6709","","","","","","","","","","","","","","","","","","","","","","","","","","","","","","","","","","","","","","","","","","","","","","","","","0.9962137164069689","0.9962137164069689","0.9962137164069689","2194","2194","2194","","","","","","","","","","","","","","","","","","","","","","","","","","","","","","","","","","","","","","","","","",""
"129","0.8900329811616077","0.8900329811616077","0.8900329811616077","11441","11441","11441","0.9532115171650055","0.9532115171650055","0.9532115171650055","2211","2211","2211","0.9510707656793475","0.9510707656793475","0.9510707656793475","6761","6761","6761","0.8635834560033788","0.8635834560033788","0.8635834560033788","6891","6891","6891","","","","","","","","","","","","","","","","","","","","","","","","","0.9051061794647238","0.9051061794647238","0.9051061794647238","11441","11441","11441","0.9855489526305118","0.9855489526305118","0.9855489526305118","2211","2211","2211","0.9102316134682393","0.9102316134682393","0.9102316134682393","6891","6891","6891","0.9860246751828803","0.9860246751828803","0.9860246751828803","6761","6761","6761","","","","","","","","","","","","","","","","","","","","","","","","","","","","","","","","","","","","","","","","","","","","","","","","","0.9963073011713692","0.9963073011713692","0.9963073011713692","2211","2211","2211","","","","","","","","","","","","","","","","","","","","","","","","","","","","","","","","","","","","","","","","","",""
"130","0.8955522015391209","0.8955522015391209","0.8955522015391209","11529","11529","11529","0.9588149049334768","0.9588149049334768","0.9588149049334768","2228","2228","2228","0.9473351738336999","0.9473351738336999","0.9473351738336999","6813","6813","6813","0.8495996919273794","0.8495996919273794","0.8495996919273794","6944","6944","6944","","","","","","","","","","","","","","","","","","","","","","","","","0.9042266818218521","0.9042266818218521","0.9042266818218521","11529","11529","11529","0.9857478202548625","0.9857478202548625","0.9857478202548625","2228","2228","2228","0.9004937857528835","0.9004937857528835","0.9004937857528835","6944","6944","6944","0.9876624085598865","0.9876624085598865","0.9876624085598865","6813","6813","6813","","","","","","","","","","","","","","","","","","","","","","","","","","","","","","","","","","","","","","","","","","","","","","","","","0.9974966075522904","0.9974966075522904","0.9974966075522904","2228","2228","2228","","","","","","","","","","","","","","","","","","","","","","","","","","","","","","","","","","","","","","","","","",""
"131","0.8966080956018907","0.8966080956018907","0.8966080956018907","11617","11617","11617","0.9564323928064512","0.9564323928064512","0.9564323928064512","2245","2245","2245","0.9317806061173242","0.9317806061173242","0.9317806061173242","6865","6865","6865","0.8594033577431195","0.8594033577431195","0.8594033577431195","6997","6997","6997","","","","","","","","","","","","","","","","","","","","","","","","","0.9003074515065125","0.9003074515065125","0.9003074515065125","11617","11617","11617","0.9834315973359538","0.9834315973359538","0.9834315973359538","2245","2245","2245","0.8986167787777715","0.8986167787777715","0.8986167787777715","6997","6997","6997","0.9837513452809882","0.9837513452809882","0.9837513452809882","6865","6865","6865","","","","","","","","","","","","","","","","","","","","","","","","","","","","","","","","","","","","","","","","","","","","","","","","","0.9981283047119929","0.9981283047119929","0.9981283047119929","2245","2245","2245","","","","","","","","","","","","","","","","","","","","","","","","","","","","","","","","","","","","","","","","","",""
"132","0.8991621170054845","0.8991621170054845","0.8991621170054845","11705","11705","11705","0.9544905089451438","0.9544905089451438","0.9544905089451438","2262","2262","2262","0.951425607911032","0.951425607911032","0.951425607911032","6917","6917","6917","0.8481711293718672","0.8481711293718672","0.8481711293718672","7050","7050","7050","","","","","","","","","","","","","","","","","","","","","","","","","0.9031807255855554","0.9031807255855554","0.9031807255855554","11705","11705","11705","0.9862040459813142","0.9862040459813142","0.9862040459813142","2262","2262","2262","0.9080974652331352","0.9080974652331352","0.9080974652331352","7050","7050","7050","0.9853773805624444","0.9853773805624444","0.9853773805624444","6917","6917","6917","","","","","","","","","","","","","","","","","","","","","","","","","","","","","","","","","","","","","","","","","","","","","","","","","0.9979684307394756","0.9979684307394756","0.9979684307394756","2262","2262","2262","","","","","","","","","","","","","","","","","","","","","","","","","","","","","","","","","","","","","","","","","",""
"133","0.8950540679871554","0.8950540679871554","0.8950540679871554","11793","11793","11793","0.9558162931074821","0.9558162931074821","0.9558162931074821","2279","2279","2279","0.9494837240497247","0.9494837240497247","0.9494837240497247","6969","6969","6969","0.862218247091633","0.862218247091633","0.862218247091633","7103","7103","7103","","","","","","","","","","","","","","","","","","","","","","","","","0.9117297408090632","0.9117297408090632","0.9117297408090632","11793","11793","11793","0.9897992606803613","0.9897992606803613","0.9897992606803613","2279","2279","2279","0.9080279004478232","0.9080279004478232","0.9080279004478232","7103","7103","7103","0.988340898101789","0.988340898101789","0.988340898101789","6969","6969","6969","","","","","","","","","","","","","","","","","","","","","","","","","","","","","","","","","","","","","","","","","","","","","","","","","0.9973640291360567","0.9973640291360567","0.9973640291360567","2279","2279","2279","","","","","","","","","","","","","","","","","","","","","","","","","","","","","","","","","","","","","","","","","",""
"134","0.8895919901118626","0.8895919901118626","0.8895919901118626","11881","11881","11881","0.9538276168639745","0.9538276168639745","0.9538276168639745","2296","2296","2296","0.9453270007642756","0.9453270007642756","0.9453270007642756","7021","7021","7021","0.8473847988521811","0.8473847988521811","0.8473847988521811","7156","7156","7156","","","","","","","","","","","","","","","","","","","","","","","","","0.9128353240041986","0.9128353240041986","0.9128353240041986","11881","11881","11881","0.9845624132391246","0.9845624132391246","0.9845624132391246","2296","2296","2296","0.90440307824175","0.90440307824175","0.90440307824175","7156","7156","7156","0.9901813984683294","0.9901813984683294","0.9901813984683294","7021","7021","7021","","","","","","","","","","","","","","","","","","","","","","","","","","","","","","","","","","","","","","","","","","","","","","","","","0.9970286837302887","0.9970286837302887","0.9970286837302887","2296","2296","2296","","","","","","","","","","","","","","","","","","","","","","","","","","","","","","","","","","","","","","","","","",""
"135","0.893721157011447","0.893721157011447","0.893721157011447","11969","11969","11969","0.9465241058755636","0.9465241058755636","0.9465241058755636","2313","2313","2313","0.9527435933430037","0.9527435933430037","0.9527435933430037","7073","7073","7073","0.8431202290669002","0.8431202290669002","0.8431202290669002","7209","7209","7209","","","","","","","","","","","","","","","","","","","","","","","","","0.898082620604841","0.898082620604841","0.898082620604841","11969","11969","11969","0.9875142326829192","0.9875142326829192","0.9875142326829192","2313","2313","2313","0.9098365848659324","0.9098365848659324","0.9098365848659324","7209","7209","7209","0.9868591393321168","0.9868591393321168","0.9868591393321168","7073","7073","7073","","","","","","","","","","","","","","","","","","","","","","","","","","","","","","","","","","","","","","","","","","","","","","","","","0.998140002807543","0.998140002807543","0.998140002807543","2313","2313","2313","","","","","","","","","","","","","","","","","","","","","","","","","","","","","","","","","","","","","","","","","",""
"136","0.890133601654648","0.890133601654648","0.890133601654648","12057","12057","12057","0.9468906462027982","0.9468906462027982","0.9468906462027982","2330","2330","2330","0.9390997145664683","0.9390997145664683","0.9390997145664683","7125","7125","7125","0.8541425208539076","0.8541425208539076","0.8541425208539076","7262","7262","7262","","","","","","","","","","","","","","","","","","","","","","","","","0.9097483866559836","0.9097483866559836","0.9097483866559836","12057","12057","12057","0.9876819053858031","0.9876819053858031","0.9876819053858031","2330","2330","2330","0.9093794448481687","0.9093794448481687","0.9093794448481687","7262","7262","7262","0.9875727231606694","0.9875727231606694","0.9875727231606694","7125","7125","7125","","","","","","","","","","","","","","","","","","","","","","","","","","","","","","","","","","","","","","","","","","","","","","","","","0.9983466691622603","0.9983466691622603","0.9983466691622603","2330","2330","2330","","","","","","","","","","","","","","","","","","","","","","","","","","","","","","","","","","","","","","","","","",""
"137","0.9033161284712516","0.9033161284712516","0.9033161284712516","12145","12145","12145","0.9591463509740614","0.9591463509740614","0.9591463509740614","2347","2347","2347","0.9568106312292359","0.9568106312292359","0.9568106312292359","7177","7177","7177","0.8470084036745114","0.8470084036745114","0.8470084036745114","7315","7315","7315","","","","","","","","","","","","","","","","","","","","","","","","","0.8990391364028796","0.8990391364028796","0.8990391364028796","12145","12145","12145","0.9872724720415516","0.9872724720415516","0.9872724720415516","2347","2347","2347","0.9080042981099496","0.9080042981099496","0.9080042981099496","7315","7315","7315","0.9849484503922761","0.9849484503922761","0.9849484503922761","7177","7177","7177","","","","","","","","","","","","","","","","","","","","","","","","","","","","","","","","","","","","","","","","","","","","","","","","","0.9991382402944801","0.9991382402944801","0.9991382402944801","2347","2347","2347","","","","","","","","","","","","","","","","","","","","","","","","","","","","","","","","","","","","","","","","","",""
"138","0.8996093191967753","0.8996093191967753","0.8996093191967753","12233","12233","12233","0.9609751532450517","0.9609751532450517","0.9609751532450517","2364","2364","2364","0.9507510177343129","0.9507510177343129","0.9507510177343129","7229","7229","7229","0.8431345146924553","0.8431345146924553","0.8431345146924553","7368","7368","7368","","","","","","","","","","","","","","","","","","","","","","","","","0.9020999869566028","0.9020999869566028","0.9020999869566028","12233","12233","12233","0.9840243008438226","0.9840243008438226","0.9840243008438226","2364","2364","2364","0.911631604772641","0.911631604772641","0.911631604772641","7368","7368","7368","0.9849289535663595","0.9849289535663595","0.9849289535663595","7229","7229","7229","","","","","","","","","","","","","","","","","","","","","","","","","","","","","","","","","","","","","","","","","","","","","","","","","0.9987716999672454","0.9987716999672454","0.9987716999672454","2364","2364","2364","","","","","","","","","","","","","","","","","","","","","","","","","","","","","","","","","","","","","","","","","",""
"139","0.8930019068204545","0.8930019068204545","0.8930019068204545","12321","12321","12321","0.9660248311574876","0.9660248311574876","0.9660248311574876","2381","2381","2381","0.9526851028652534","0.9526851028652534","0.9526851028652534","7281","7281","7281","0.8442506568282185","0.8442506568282185","0.8442506568282185","7421","7421","7421","","","","","","","","","","","","","","","","","","","","","","","","","0.9091421792411227","0.9091421792411227","0.9091421792411227","12321","12321","12321","0.9859583859747634","0.9859583859747634","0.9859583859747634","2381","2381","2381","0.9129769380314409","0.9129769380314409","0.9129769380314409","7421","7421","7421","0.9902944800586465","0.9902944800586465","0.9902944800586465","7281","7281","7281","","","","","","","","","","","","","","","","","","","","","","","","","","","","","","","","","","","","","","","","","","","","","","","","","0.9991070453730132","0.9991070453730132","0.9991070453730132","2381","2381","2381","","","","","","","","","","","","","","","","","","","","","","","","","","","","","","","","","","","","","","","","","",""
"140","0.8928578083365942","0.8928578083365942","0.8928578083365942","12409","12409","12409","0.9657947686116701","0.9657947686116701","0.9657947686116701","2398","2398","2398","0.9577893718902563","0.9577893718902563","0.9577893718902563","7333","7333","7333","0.858481624337737","0.858481624337737","0.858481624337737","7474","7474","7474","","","","","","","","","","","","","","","","","","","","","","","","","0.9062689051620797","0.9062689051620797","0.9062689051620797","12409","12409","12409","0.9897329714722443","0.9897329714722443","0.9897329714722443","2398","2398","2398","0.915958285973379","0.915958285973379","0.915958285973379","7474","7474","7474","0.9892845444761592","0.9892845444761592","0.9892845444761592","7333","7333","7333","","","","","","","","","","","","","","","","","","","","","","","","","","","","","","","","","","","","","","","","","","","","","","","","","0.9990563536256297","0.9990563536256297","0.9990563536256297","2398","2398","2398","","","","","","","","","","","","","","","","","","","","","","","","","","","","","","","","","","","","","","","","","",""
"141","0.9012540294780779","0.9012540294780779","0.9012540294780779","12497","12497","12497","0.9624062202673404","0.9624062202673404","0.9624062202673404","2415","2415","2415","0.9510941618704475","0.9510941618704475","0.9510941618704475","7385","7385","7385","0.8406879460376022","0.8406879460376022","0.8406879460376022","7527","7527","7527","","","","","","","","","","","","","","","","","","","","","","","","","0.9055720150806517","0.9055720150806517","0.9055720150806517","12497","12497","12497","0.9849562491226429","0.9849562491226429","0.9849562491226429","2415","2415","2415","0.9144676120024099","0.9144676120024099","0.9144676120024099","7527","7527","7527","0.9895575000389937","0.9895575000389937","0.9895575000389937","7385","7385","7385","","","","","","","","","","","","","","","","","","","","","","","","","","","","","","","","","","","","","","","","","","","","","","","","","0.9989549701308627","0.9989549701308627","0.9989549701308627","2415","2415","2415","","","","","","","","","","","","","","","","","","","","","","","","","","","","","","","","","","","","","","","","","",""
"142","0.8835746361823839","0.8835746361823839","0.8835746361823839","12585","12585","12585","0.9595635830486796","0.9595635830486796","0.9595635830486796","2432","2432","2432","0.9460171884017283","0.9460171884017283","0.9460171884017283","7437","7437","7437","0.8419972546754367","0.8419972546754367","0.8419972546754367","7580","7580","7580","","","","","","","","","","","","","","","","","","","","","","","","","0.8983360351799057","0.8983360351799057","0.8983360351799057","12585","12585","12585","0.9868708374276668","0.9868708374276668","0.9868708374276668","2432","2432","2432","0.9079086465301456","0.9079086465301456","0.9079086465301456","7580","7580","7580","0.9829675728791354","0.9829675728791354","0.9829675728791354","7437","7437","7437","","","","","","","","","","","","","","","","","","","","","","","","","","","","","","","","","","","","","","","","","","","","","","","","","0.9986391215510115","0.9986391215510115","0.9986391215510115","2432","2432","2432","","","","","","","","","","","","","","","","","","","","","","","","","","","","","","","","","","","","","","","","","",""
"143","0.8912938428953857","0.8912938428953857","0.8912938428953857","12673","12673","12673","0.9582183020604245","0.9582183020604245","0.9582183020604245","2449","2449","2449","0.9505794456662455","0.9505794456662455","0.9505794456662455","7489","7489","7489","0.848504046558717","0.848504046558717","0.848504046558717","7633","7633","7633","","","","","","","","","","","","","","","","","","","","","","","","","0.9062962341848808","0.9062962341848808","0.9062962341848808","12673","12673","12673","0.9840944894171229","0.9840944894171229","0.9840944894171229","2449","2449","2449","0.9138489823044578","0.9138489823044578","0.9138489823044578","7633","7633","7633","0.9886684447771903","0.9886684447771903","0.9886684447771903","7489","7489","7489","","","","","","","","","","","","","","","","","","","","","","","","","","","","","","","","","","","","","","","","","","","","","","","","","0.9992084288677803","0.9992084288677803","0.9992084288677803","2449","2449","2449","","","","","","","","","","","","","","","","","","","","","","","","","","","","","","","","","","","","","","","","","",""
"144","0.9022416009838449","0.9022416009838449","0.9022416009838449","12761","12761","12761","0.963677413317112","0.963677413317112","0.963677413317112","2466","2466","2466","0.9552703819818134","0.9552703819818134","0.9552703819818134","7541","7541","7541","0.851615828473115","0.851615828473115","0.851615828473115","7686","7686","7686","","","","","","","","","","","","","","","","","","","","","","","","","0.9053645629530251","0.9053645629530251","0.9053645629530251","12761","12761","12761","0.9884032879447227","0.9884032879447227","0.9884032879447227","2466","2466","2466","0.9116676293936062","0.9116676293936062","0.9116676293936062","7686","7686","7686","0.987802785706487","0.987802785706487","0.987802785706487","7541","7541","7541","","","","","","","","","","","","","","","","","","","","","","","","","","","","","","","","","","","","","","","","","","","","","","","","","0.9987405050457785","0.9987405050457785","0.9987405050457785","2466","2466","2466","","","","","","","","","","","","","","","","","","","","","","","","","","","","","","","","","","","","","","","","","",""
"145","0.8940441363718238","0.8940441363718238","0.8940441363718238","12849","12849","12849","0.9567326439255689","0.9567326439255689","0.9567326439255689","2483","2483","2483","0.9454907741019764","0.9454907741019764","0.9454907741019764","7593","7593","7593","0.8485177110701175","0.8485177110701175","0.8485177110701175","7739","7739","7739","","","","","","","","","","","","","","","","","","","","","","","","","0.9087260327575605","0.9087260327575605","0.9087260327575605","12849","12849","12849","0.9888751111319077","0.9888751111319077","0.9888751111319077","2483","2483","2483","0.9211060800864591","0.9211060800864591","0.9211060800864591","7739","7739","7739","0.9847495827679253","0.9847495827679253","0.9847495827679253","7593","7593","7593","","","","","","","","","","","","","","","","","","","","","","","","","","","","","","","","","","","","","","","","","","","","","","","","","0.9985026437695943","0.9985026437695943","0.9985026437695943","2483","2483","2483","","","","","","","","","","","","","","","","","","","","","","","","","","","","","","","","","","","","","","","","","",""
"146","0.891050366146794","0.891050366146794","0.891050366146794","12937","12937","12937","0.9614079827804034","0.9614079827804034","0.9614079827804034","2500","2500","2500","0.9415368178060611","0.9415368178060611","0.9415368178060611","7645","7645","7645","0.8370184036124","0.8370184036124","0.8370184036124","7792","7792","7792","","","","","","","","","","","","","","","","","","","","","","","","","0.9079446711511108","0.9079446711511108","0.9079446711511108","12937","12937","12937","0.9879626596790043","0.9879626596790043","0.9879626596790043","2500","2500","2500","0.9188688269016964","0.9188688269016964","0.9188688269016964","7792","7792","7792","0.989058381295525","0.989058381295525","0.989058381295525","7645","7645","7645","","","","","","","","","","","","","","","","","","","","","","","","","","","","","","","","","","","","","","","","","","","","","","","","","0.9989744669567794","0.9989744669567794","0.9989744669567794","2500","2500","2500","","","","","","","","","","","","","","","","","","","","","","","","","","","","","","","","","","","","","","","","","",""
"147","0.9046378593921777","0.9046378593921777","0.9046378593921777","13025","13025","13025","0.9519637203063342","0.9519637203063342","0.9519637203063342","2517","2517","2517","0.9469959290627484","0.9469959290627484","0.9469959290627484","7697","7697","7697","0.8715324749535717","0.8715324749535717","0.8715324749535717","7845","7845","7845","","","","","","","","","","","","","","","","","","","","","","","","","0.9083421842100359","0.9083421842100359","0.9083421842100359","13025","13025","13025","0.987533729508836","0.987533729508836","0.987533729508836","2517","2517","2517","0.9206153999043484","0.9206153999043484","0.9206153999043484","7845","7845","7845","0.9912381264330168","0.9912381264330168","0.9912381264330168","7697","7697","7697","","","","","","","","","","","","","","","","","","","","","","","","","","","","","","","","","","","","","","","","","","","","","","","","","0.9985689329777112","0.9985689329777112","0.9985689329777112","2517","2517","2517","","","","","","","","","","","","","","","","","","","","","","","","","","","","","","","","","","","","","","","","","",""
"148","0.9071384649784784","0.9071384649784784","0.9071384649784784","13113","13113","13113","0.9457598302996272","0.9457598302996272","0.9457598302996272","2534","2534","2534","0.9474248592329169","0.9474248592329169","0.9474248592329169","7749","7749","7749","0.8511686262818244","0.8511686262818244","0.8511686262818244","7898","7898","7898","","","","","","","","","","","","","","","","","","","","","","","","","0.9103061471667877","0.9103061471667877","0.9103061471667877","13113","13113","13113","0.9906415235599645","0.9906415235599645","0.9906415235599645","2534","2534","2534","0.9220365090900057","0.9220365090900057","0.9220365090900057","7898","7898","7898","0.9883720930232558","0.9883720930232558","0.9883720930232558","7749","7749","7749","","","","","","","","","","","","","","","","","","","","","","","","","","","","","","","","","","","","","","","","","","","","","","","","","0.9992357244240637","0.9992357244240637","0.9992357244240637","2534","2534","2534","","","","","","","","","","","","","","","","","","","","","","","","","","","","","","","","","","","","","","","","","",""
"149","0.8961608934105999","0.8961608934105999","0.8961608934105999","13201","13201","13201","0.9527396939778204","0.9527396939778204","0.9527396939778204","2551","2551","2551","0.9478147957512516","0.9478147957512516","0.9478147957512516","7801","7801","7801","0.857749951863653","0.857749951863653","0.857749951863653","7951","7951","7951","","","","","","","","","","","","","","","","","","","","","","","","","0.9125359469816957","0.9125359469816957","0.9125359469816957","13201","13201","13201","0.9914408934225509","0.9914408934225509","0.9914408934225509","2551","2551","2551","0.9165620089316214","0.9165620089316214","0.9165620089316214","7951","7951","7951","0.9906766178466145","0.9906766178466145","0.9906766178466145","7801","7801","7801","","","","","","","","","","","","","","","","","","","","","","","","","","","","","","","","","","","","","","","","","","","","","","","","","0.999204529502597","0.999204529502597","0.999204529502597","2551","2551","2551","","","","","","","","","","","","","","","","","","","","","","","","","","","","","","","","","","","","","","","","","",""
"150","","","","","","","","","","","","","","","","","","","","","","","","","","","","","","","","","","","","","","","","","","","","","","","","","","","","","","","0.9895224057523435","0.9895224057523435","0.9895224057523435","2568","2568","2568","","","","","","","0.9904192597445136","0.9904192597445136","0.9904192597445136","7853","7853","7853","","","","","","","","","","","","","","","","","","","","","","","","","","","","","","","","","","","","","","","","","","","","","","","","","0.9992630199803472","0.9992630199803472","0.9992630199803472","2568","2568","2568","","","","","","","","","","","","","","","","","","","","","","","","","","","","","","","","","","","","","","","","","",""
"151","","","","","","","","","","","","","","","","","","","","","","","","","","","","","","","","","","","","","","","","","","","","","","","","","","","","","","","0.9914369940573674","0.9914369940573674","0.9914369940573674","2585","2585","2585","","","","","","","0.990423159109697","0.990423159109697","0.990423159109697","7905","7905","7905","","","","","","","","","","","","","","","","","","","","","","","","","","","","","","","","","","","","","","","","","","","","","","","","","0.9990173599737963","0.9990173599737963","0.9990173599737963","2585","2585","2585","","","","","","","","","","","","","","","","","","","","","","","","","","","","","","","","","","","","","","","","","",""
"152","","","","","","","","","","","","","","","","","","","","","","","","","","","","","","","","","","","","","","","","","","","","","","","","","","","","","","","0.9882980050847722","0.9882980050847722","0.9882980050847722","2602","2602","2602","","","","","","","0.9933164880757412","0.9933164880757412","0.9933164880757412","7957","7957","7957","","","","","","","","","","","","","","","","","","","","","","","","","","","","","","","","","","","","","","","","","","","","","","","","","0.9991070453730132","0.9991070453730132","0.9991070453730132","2602","2602","2602","","","","","","","","","","","","","","","","","","","","","","","","","","","","","","","","","","","","","","","","","",""
"153","","","","","","","","","","","","","","","","","","","","","","","","","","","","","","","","","","","","","","","","","","","","","","","","","","","","","","","0.9890544819303417","0.9890544819303417","0.9890544819303417","2619","2619","2619","","","","","","","0.988407187309906","0.988407187309906","0.988407187309906","8009","8009","8009","","","","","","","","","","","","","","","","","","","","","","","","","","","","","","","","","","","","","","","","","","","","","","","","","0.9989081777486626","0.9989081777486626","0.9989081777486626","2619","2619","2619","","","","","","","","","","","","","","","","","","","","","","","","","","","","","","","","","","","","","","","","","",""
"154","","","","","","","","","","","","","","","","","","","","","","","","","","","","","","","","","","","","","","","","","","","","","","","","","","","","","","","0.9929226521922231","0.9929226521922231","0.9929226521922231","2636","2636","2636","","","","","","","0.9920296975652364","0.9920296975652364","0.9920296975652364","8061","8061","8061","","","","","","","","","","","","","","","","","","","","","","","","","","","","","","","","","","","","","","","","","","","","","","","","","0.9990992466426466","0.9990992466426466","0.9990992466426466","2636","2636","2636","","","","","","","","","","","","","","","","","","","","","","","","","","","","","","","","","","","","","","","","","",""
"155","","","","","","","","","","","","","","","","","","","","","","","","","","","","","","","","","","","","","","","","","","","","","","","","","","","","","","","0.9925795080560885","0.9925795080560885","0.9925795080560885","2653","2653","2653","","","","","","","0.9921505778859201","0.9921505778859201","0.9921505778859201","8113","8113","8113","","","","","","","","","","","","","","","","","","","","","","","","","","","","","","","","","","","","","","","","","","","","","","","","","0.9989627688612294","0.9989627688612294","0.9989627688612294","2653","2653","2653","","","","","","","","","","","","","","","","","","","","","","","","","","","","","","","","","","","","","","","","","",""
"156","","","","","","","","","","","","","","","","","","","","","","","","","","","","","","","","","","","","","","","","","","","","","","","","","","","","","","","0.9927432813937891","0.9927432813937891","0.9927432813937891","2670","2670","2670","","","","","","","0.9893313368583595","0.9893313368583595","0.9893313368583595","8165","8165","8165","","","","","","","","","","","","","","","","","","","","","","","","","","","","","","","","","","","","","","","","","","","","","","","","","0.9989549701308627","0.9989549701308627","0.9989549701308627","2670","2670","2670","","","","","","","","","","","","","","","","","","","","","","","","","","","","","","","","","","","","","","","","","",""
"157","","","","","","","","","","","","","","","","","","","","","","","","","","","","","","","","","","","","","","","","","","","","","","","","","","","","","","","0.9907351083243647","0.9907351083243647","0.9907351083243647","2687","2687","2687","","","","","","","0.9905323413348307","0.9905323413348307","0.9905323413348307","8217","8217","8217","","","","","","","","","","","","","","","","","","","","","","","","","","","","","","","","","","","","","","","","","","","","","","","","","0.9988847815575624","0.9988847815575624","0.9988847815575624","2687","2687","2687","","","","","","","","","","","","","","","","","","","","","","","","","","","","","","","","","","","","","","","","","",""
"158","","","","","","","","","","","","","","","","","","","","","","","","","","","","","","","","","","","","","","","","","","","","","","","","","","","","","","","0.9940144744435606","0.9940144744435606","0.9940144744435606","2704","2704","2704","","","","","","","0.9915656731084179","0.9915656731084179","0.9915656731084179","8269","8269","8269","","","","","","","","","","","","","","","","","","","","","","","","","","","","","","","","","","","","","","","","","","","","","","","","","0.9992396237892471","0.9992396237892471","0.9992396237892471","2704","2704","2704","","","","","","","","","","","","","","","","","","","","","","","","","","","","","","","","","","","","","","","","","",""
"159","","","","","","","","","","","","","","","","","","","","","","","","","","","","","","","","","","","","","","","","","","","","","","","","","","","","","","","0.9893742298753763","0.9893742298753763","0.9893742298753763","2721","2721","2721","","","","","","","0.9927939731411726","0.9927939731411726","0.9927939731411726","8321","8321","8321","","","","","","","","","","","","","","","","","","","","","","","","","","","","","","","","","","","","","","","","","","","","","","","","","0.9991889320418635","0.9991889320418635","0.9991889320418635","2721","2721","2721","","","","","","","","","","","","","","","","","","","","","","","","","","","","","","","","","","","","","","","","","",""
"160","","","","","","","","","","","","","","","","","","","","","","","","","","","","","","","","","","","","","","","","","","","","","","","","","","","","","","","0.9921310810600034","0.9921310810600034","0.9921310810600034","2738","2738","2738","","","","","","","0.9929850420351567","0.9929850420351567","0.9929850420351567","8373","8373","8373","","","","","","","","","","","","","","","","","","","","","","","","","","","","","","","","","","","","","","","","","","","","","","","","","0.9988496872709123","0.9988496872709123","0.9988496872709123","2738","2738","2738","","","","","","","","","","","","","","","","","","","","","","","","","","","","","","","","","","","","","","","","","",""
"161","","","","","","","","","","","","","","","","","","","","","","","","","","","","","","","","","","","","","","","","","","","","","","","","","","","","","","","0.9905206432392807","0.9905206432392807","0.9905206432392807","2755","2755","2755","","","","","","","0.9929499477485066","0.9929499477485066","0.9929499477485066","8425","8425","8425","","","","","","","","","","","","","","","","","","","","","","","","","","","","","","","","","","","","","","","","","","","","","","","","","0.999216227598147","0.999216227598147","0.999216227598147","2755","2755","2755","","","","","","","","","","","","","","","","","","","","","","","","","","","","","","","","","","","","","","","","","",""
"162","","","","","","","","","","","","","","","","","","","","","","","","","","","","","","","","","","","","","","","","","","","","","","","","","","","","","","","0.9928914572707563","0.9928914572707563","0.9928914572707563","2772","2772","2772","","","","","","","0.9924547283702213","0.9924547283702213","0.9924547283702213","8477","8477","8477","","","","","","","","","","","","","","","","","","","","","","","","","","","","","","","","","","","","","","","","","","","","","","","","","0.9990407561648963","0.9990407561648963","0.9990407561648963","2772","2772","2772","","","","","","","","","","","","","","","","","","","","","","","","","","","","","","","","","","","","","","","","","",""
"163","","","","","","","","","","","","","","","","","","","","","","","","","","","","","","","","","","","","","","","","","","","","","","","","","","","","","","","0.9938390030103099","0.9938390030103099","0.9938390030103099","2789","2789","2789","","","","","","","0.9925951055168218","0.9925951055168218","0.9925951055168218","8529","8529","8529","","","","","","","","","","","","","","","","","","","","","","","","","","","","","","","","","","","","","","","","","","","","","","","","","0.9989861650523295","0.9989861650523295","0.9989861650523295","2789","2789","2789","","","","","","","","","","","","","","","","","","","","","","","","","","","","","","","","","","","","","","","","","",""
"164","","","","","","","","","","","","","","","","","","","","","","","","","","","","","","","","","","","","","","","","","","","","","","","","","","","","","","","0.9932229033113409","0.9932229033113409","0.9932229033113409","2806","2806","2806","","","","","","","0.993168312198774","0.993168312198774","0.993168312198774","8581","8581","8581","","","","","","","","","","","","","","","","","","","","","","","","","","","","","","","","","","","","","","","","","","","","","","","","","0.9991928314070468","0.9991928314070468","0.9991928314070468","2806","2806","2806","","","","","","","","","","","","","","","","","","","","","","","","","","","","","","","","","","","","","","","","","",""
"165","","","","","","","","","","","","","","","","","","","","","","","","","","","","","","","","","","","","","","","","","","","","","","","","","","","","","","","0.9954962332132329","0.9954962332132329","0.9954962332132329","2823","2823","2823","","","","","","","0.9933086893453745","0.9933086893453745","0.9933086893453745","8633","8633","8633","","","","","","","","","","","","","","","","","","","","","","","","","","","","","","","","","","","","","","","","","","","","","","","","","0.9989783663219628","0.9989783663219628","0.9989783663219628","2823","2823","2823","","","","","","","","","","","","","","","","","","","","","","","","","","","","","","","","","","","","","","","","","",""
"166","","","","","","","","","","","","","","","","","","","","","","","","","","","","","","","","","","","","","","","","","","","","","","","","","","","","","","","0.995071202408248","0.995071202408248","0.995071202408248","2840","2840","2840","","","","","","","0.9947943474802302","0.9947943474802302","0.9947943474802302","8685","8685","8685","","","","","","","","","","","","","","","","","","","","","","","","","","","","","","","","","","","","","","","","","","","","","","","","","0.9991265421989299","0.9991265421989299","0.9991265421989299","2840","2840","2840","","","","","","","","","","","","","","","","","","","","","","","","","","","","","","","","","","","","","","","","","",""
"167","","","","","","","","","","","","","","","","","","","","","","","","","","","","","","","","","","","","","","","","","","","","","","","","","","","","","","","0.9945213919173959","0.9945213919173959","0.9945213919173959","2857","2857","2857","","","","","","","0.9938740972969601","0.9938740972969601","0.9938740972969601","8737","8737","8737","","","","","","","","","","","","","","","","","","","","","","","","","","","","","","","","","","","","","","","","","","","","","","","","","0.9992864161714473","0.9992864161714473","0.9992864161714473","2857","2857","2857","","","","","","","","","","","","","","","","","","","","","","","","","","","","","","","","","","","","","","","","","",""
"168","","","","","","","","","","","","","","","","","","","","","","","","","","","","","","","","","","","","","","","","","","","","","","","","","","","","","","","0.991643660412085","0.991643660412085","0.991643660412085","2874","2874","2874","","","","","","","0.9918074337497855","0.9918074337497855","0.9918074337497855","8789","8789","8789","","","","","","","","","","","","","","","","","","","","","","","","","","","","","","","","","","","","","","","","","","","","","","","","","0.9987405050457786","0.9987405050457786","0.9987405050457786","2874","2874","2874","","","","","","","","","","","","","","","","","","","","","","","","","","","","","","","","","","","","","","","","","",""
"169","","","","","","","","","","","","","","","","","","","","","","","","","","","","","","","","","","","","","","","","","","","","","","","","","","","","","","","0.9928875579055729","0.9928875579055729","0.9928875579055729","2891","2891","2891","","","","","","","0.9949815170090309","0.9949815170090309","0.9949815170090309","8841","8841","8841","","","","","","","","","","","","","","","","","","","","","","","","","","","","","","","","","","","","","","","","","","","","","","","","","0.9978202548625084","0.9978202548625084","0.9978202548625084","2891","2891","2891","","","","","","","","","","","","","","","","","","","","","","","","","","","","","","","","","","","","","","","","","",""
"170","","","","","","","","","","","","","","","","","","","","","","","","","","","","","","","","","","","","","","","","","","","","","","","","","","","","","","","0.9949230265312806","0.9949230265312806","0.9949230265312806","2908","2908","2908","","","","","","","0.9958315786190008","0.9958315786190008","0.9958315786190008","8893","8893","8893","","","","","","","","","","","","","","","","","","","","","","","","","","","","","","","","","","","","","","","","","","","","","","","","","0.9989276745745793","0.9989276745745793","0.9989276745745793","2908","2908","2908","","","","","","","","","","","","","","","","","","","","","","","","","","","","","","","","","","","","","","","","","",""
"171","","","","","","","","","","","","","","","","","","","","","","","","","","","","","","","","","","","","","","","","","","","","","","","","","","","","","","","0.9953714535273658","0.9953714535273658","0.9953714535273658","2925","2925","2925","","","","","","","0.9941236566686944","0.9941236566686944","0.9941236566686944","8945","8945","8945","","","","","","","","","","","","","","","","","","","","","","","","","","","","","","","","","","","","","","","","","","","","","","","","","0.9987405050457786","0.9987405050457786","0.9987405050457786","2925","2925","2925","","","","","","","","","","","","","","","","","","","","","","","","","","","","","","","","","","","","","","","","","",""
"172","","","","","","","","","","","","","","","","","","","","","","","","","","","","","","","","","","","","","","","","","","","","","","","","","","","","","","","0.9955703211517165","0.9955703211517165","0.9955703211517165","2942","2942","2942","","","","","","","0.9940456693650274","0.9940456693650274","0.9940456693650274","8997","8997","8997","","","","","","","","","","","","","","","","","","","","","","","","","","","","","","","","","","","","","","","","","","","","","","","","","0.9982998767800602","0.9982998767800602","0.9982998767800602","2942","2942","2942","","","","","","","","","","","","","","","","","","","","","","","","","","","","","","","","","","","","","","","","","",""
"173","","","","","","","","","","","","","","","","","","","","","","","","","","","","","","","","","","","","","","","","","","","","","","","","","","","","","","","0.9947163601765633","0.9947163601765633","0.9947163601765633","2959","2959","2959","","","","","","","0.9958471760797343","0.9958471760797343","0.9958471760797343","9049","9049","9049","","","","","","","","","","","","","","","","","","","","","","","","","","","","","","","","","","","","","","","","","","","","","","","","","0.9988925802879292","0.9988925802879292","0.9988925802879292","2959","2959","2959","","","","","","","","","","","","","","","","","","","","","","","","","","","","","","","","","","","","","","","","","",""
"174","","","","","","","","","","","","","","","","","","","","","","","","","","","","","","","","","","","","","","","","","","","","","","","","","","","","","","","0.992641897899022","0.992641897899022","0.992641897899022","2976","2976","2976","","","","","","","0.9941860465116279","0.9941860465116279","0.9941860465116279","9101","9101","9101","","","","","","","","","","","","","","","","","","","","","","","","","","","","","","","","","","","","","","","","","","","","","","","","","0.9991304415641133","0.9991304415641133","0.9991304415641133","2976","2976","2976","","","","","","","","","","","","","","","","","","","","","","","","","","","","","","","","","","","","","","","","","",""
"175","","","","","","","","","","","","","","","","","","","","","","","","","","","","","","","","","","","","","","","","","","","","","","","","","","","","","","","0.9945018950914791","0.9945018950914791","0.9945018950914791","2993","2993","2993","","","","","","","0.9963345967276528","0.9963345967276528","0.9963345967276528","9153","9153","9153","","","","","","","","","","","","","","","","","","","","","","","","","","","","","","","","","","","","","","","","","","","","","","","","","0.9996490571334987","0.9996490571334987","0.9996490571334987","2993","2993","2993","","","","","","","","","","","","","","","","","","","","","","","","","","","","","","","","","","","","","","","","","",""
"176","","","","","","","","","","","","","","","","","","","","","","","","","","","","","","","","","","","","","","","","","","","","","","","","","","","","","","","0.9950166112956811","0.9950166112956811","0.9950166112956811","3010","3010","3010","","","","","","","0.9960031506870681","0.9960031506870681","0.9960031506870681","9205","9205","9205","","","","","","","","","","","","","","","","","","","","","","","","","","","","","","","","","","","","","","","","","","","","","","","","","0.999227925693697","0.999227925693697","0.999227925693697","3010","3010","3010","","","","","","","","","","","","","","","","","","","","","","","","","","","","","","","","","","","","","","","","","",""
"177","","","","","","","","","","","","","","","","","","","","","","","","","","","","","","","","","","","","","","","","","","","","","","","","","","","","","","","0.9944434046137289","0.9944434046137289","0.9944434046137289","3027","3027","3027","","","","","","","0.9969350989658883","0.9969350989658883","0.9969350989658883","9257","9257","9257","","","","","","","","","","","","","","","","","","","","","","","","","","","","","","","","","","","","","","","","","","","","","","","","","0.999485283795798","0.999485283795798","0.999485283795798","3027","3027","3027","","","","","","","","","","","","","","","","","","","","","","","","","","","","","","","","","","","","","","","","","",""
"178","","","","","","","","","","","","","","","","","","","","","","","","","","","","","","","","","","","","","","","","","","","","","","","","","","","","","","","0.9962644081543526","0.9962644081543526","0.9962644081543526","3044","3044","3044","","","","","","","0.996225414502519","0.996225414502519","0.996225414502519","9309","9309","9309","","","","","","","","","","","","","","","","","","","","","","","","","","","","","","","","","","","","","","","","","","","","","","","","","0.9991733345811302","0.9991733345811302","0.9991733345811302","3044","3044","3044","","","","","","","","","","","","","","","","","","","","","","","","","","","","","","","","","","","","","","","","","",""
"179","","","","","","","","","","","","","","","","","","","","","","","","","","","","","","","","","","","","","","","","","","","","","","","","","","","","","","","0.9950322087564145","0.9950322087564145","0.9950322087564145","3061","3061","3061","","","","","","","0.9975667961255907","0.9975667961255907","0.9975667961255907","9361","9361","9361","","","","","","","","","","","","","","","","","","","","","","","","","","","","","","","","","","","","","","","","","","","","","","","","","0.9990641523559964","0.9990641523559964","0.9990641523559964","3061","3061","3061","","","","","","","","","","","","","","","","","","","","","","","","","","","","","","","","","","","","","","","","","",""
"180","","","","","","","","","","","","","","","","","","","","","","","","","","","","","","","","","","","","","","","","","","","","","","","","","","","","","","","0.9933983747445916","0.9933983747445916","0.9933983747445916","3078","3078","3078","","","","","","","0.9957340944894171","0.9957340944894171","0.9957340944894171","9413","9413","9413","","","","","","","","","","","","","","","","","","","","","","","","","","","","","","","","","","","","","","","","","","","","","","","","","0.9994540888743313","0.9994540888743313","0.9994540888743313","3078","3078","3078","","","","","","","","","","","","","","","","","","","","","","","","","","","","","","","","","","","","","","","","","",""
"181","","","","","","","","","","","","","","","","","","","","","","","","","","","","","","","","","","","","","","","","","","","","","","","","","","","","","","","0.9952934662236987","0.9952934662236987","0.9952934662236987","3095","3095","3095","","","","","","","0.9955235287695163","0.9955235287695163","0.9955235287695163","9465","9465","9465","","","","","","","","","","","","","","","","","","","","","","","","","","","","","","","","","","","","","","","","","","","","","","","","","0.999305912997364","0.999305912997364","0.999305912997364","3095","3095","3095","","","","","","","","","","","","","","","","","","","","","","","","","","","","","","","","","","","","","","","","","",""
"182","","","","","","","","","","","","","","","","","","","","","","","","","","","","","","","","","","","","","","","","","","","","","","","","","","","","","","","0.9959953519567014","0.9959953519567014","0.9959953519567014","3112","3112","3112","","","","","","","0.9960226475129849","0.9960226475129849","0.9960226475129849","9517","9517","9517","","","","","","","","","","","","","","","","","","","","","","","","","","","","","","","","","","","","","","","","","","","","","","","","","0.999372202205481","0.999372202205481","0.999372202205481","3112","3112","3112","","","","","","","","","","","","","","","","","","","","","","","","","","","","","","","","","","","","","","","","","",""
"183","","","","","","","","","","","","","","","","","","","","","","","","","","","","","","","","","","","","","","","","","","","","","","","","","","","","","","","0.9971846583376226","0.9971846583376226","0.9971846583376226","3129","3129","3129","","","","","","","0.9981633989986429","0.9981633989986429","0.9981633989986429","9569","9569","9569","","","","","","","","","","","","","","","","","","","","","","","","","","","","","","","","","","","","","","","","","","","","","","","","","0.9995905666557485","0.9995905666557485","0.9995905666557485","3129","3129","3129","","","","","","","","","","","","","","","","","","","","","","","","","","","","","","","","","","","","","","","","","",""
"184","","","","","","","","","","","","","","","","","","","","","","","","","","","","","","","","","","","","","","","","","","","","","","","","","","","","","","","0.9961435278336688","0.9961435278336688","0.9961435278336688","3146","3146","3146","","","","","","","0.9950049132001311","0.9950049132001311","0.9950049132001311","9621","9621","9621","","","","","","","","","","","","","","","","","","","","","","","","","","","","","","","","","","","","","","","","","","","","","","","","","0.9994423907787812","0.9994423907787812","0.9994423907787812","3146","3146","3146","","","","","","","","","","","","","","","","","","","","","","","","","","","","","","","","","","","","","","","","","",""
"185","","","","","","","","","","","","","","","","","","","","","","","","","","","","","","","","","","","","","","","","","","","","","","","","","","","","","","","0.9975589973952241","0.9975589973952241","0.9975589973952241","3163","3163","3163","","","","","","","0.997570695490774","0.997570695490774","0.997570695490774","9673","9673","9673","","","","","","","","","","","","","","","","","","","","","","","","","","","","","","","","","","","","","","","","","","","","","","","","","0.9997036482460656","0.9997036482460656","0.9997036482460656","3163","3163","3163","","","","","","","","","","","","","","","","","","","","","","","","","","","","","","","","","","","","","","","","","",""
"186","","","","","","","","","","","","","","","","","","","","","","","","","","","","","","","","","","","","","","","","","","","","","","","","","","","","","","","0.9960226475129849","0.9960226475129849","0.9960226475129849","3180","3180","3180","","","","","","","0.996439879587603","0.996439879587603","0.996439879587603","9725","9725","9725","","","","","","","","","","","","","","","","","","","","","","","","","","","","","","","","","","","","","","","","","","","","","","","","","0.9993176110929141","0.9993176110929141","0.9993176110929141","3180","3180","3180","","","","","","","","","","","","","","","","","","","","","","","","","","","","","","","","","","","","","","","","","",""
"187","","","","","","","","","","","","","","","","","","","","","","","","","","","","","","","","","","","","","","","","","","","","","","","","","","","","","","","0.9954260446399327","0.9954260446399327","0.9954260446399327","3197","3197","3197","","","","","","","0.9977266700981081","0.9977266700981081","0.9977266700981081","9777","9777","9777","","","","","","","","","","","","","","","","","","","","","","","","","","","","","","","","","","","","","","","","","","","","","","","","","0.9995866672905651","0.9995866672905651","0.9995866672905651","3197","3197","3197","","","","","","","","","","","","","","","","","","","","","","","","","","","","","","","","","","","","","","","","","",""
"188","","","","","","","","","","","","","","","","","","","","","","","","","","","","","","","","","","","","","","","","","","","","","","","","","","","","","","","0.9964515776831532","0.9964515776831532","0.9964515776831532","3214","3214","3214","","","","","","","0.9956912014724003","0.9956912014724003","0.9956912014724003","9829","9829","9829","","","","","","","","","","","","","","","","","","","","","","","","","","","","","","","","","","","","","","","","","","","","","","","","","0.9996022647512984","0.9996022647512984","0.9996022647512984","3214","3214","3214","","","","","","","","","","","","","","","","","","","","","","","","","","","","","","","","","","","","","","","","","",""
"189","","","","","","","","","","","","","","","","","","","","","","","","","","","","","","","","","","","","","","","","","","","","","","","","","","","","","","","0.9955547236909831","0.9955547236909831","0.9955547236909831","3231","3231","3231","","","","","","","0.9938740972969601","0.9938740972969601","0.9938740972969601","9881","9881","9881","","","","","","","","","","","","","","","","","","","","","","","","","","","","","","","","","","","","","","","","","","","","","","","","","0.9993176110929141","0.9993176110929141","0.9993176110929141","3231","3231","3231","","","","","","","","","","","","","","","","","","","","","","","","","","","","","","","","","","","","","","","","","",""
"190","","","","","","","","","","","","","","","","","","","","","","","","","","","","","","","","","","","","","","","","","","","","","","","","","","","","","","","0.9963618922839361","0.9963618922839361","0.9963618922839361","3248","3248","3248","","","","","","","0.9930981236254738","0.9930981236254738","0.9930981236254738","9933","9933","9933","","","","","","","","","","","","","","","","","","","","","","","","","","","","","","","","","","","","","","","","","","","","","","","","","0.9996022647512985","0.9996022647512985","0.9996022647512985","3248","3248","3248","","","","","","","","","","","","","","","","","","","","","","","","","","","","","","","","","","","","","","","","","",""
"191","","","","","","","","","","","","","","","","","","","","","","","","","","","","","","","","","","","","","","","","","","","","","","","","","","","","","","","0.9979957262957591","0.9979957262957591","0.9979957262957591","3265","3265","3265","","","","","","","0.9974186202486235","0.9974186202486235","0.9974186202486235","9985","9985","9985","","","","","","","","","","","","","","","","","","","","","","","","","","","","","","","","","","","","","","","","","","","","","","","","","0.9996295603075819","0.9996295603075819","0.9996295603075819","3265","3265","3265","","","","","","","","","","","","","","","","","","","","","","","","","","","","","","","","","","","","","","","","","",""
"192","","","","","","","","","","","","","","","","","","","","","","","","","","","","","","","","","","","","","","","","","","","","","","","","","","","","","","","0.9965880554645703","0.9965880554645703","0.9965880554645703","3282","3282","3282","","","","","","","0.9986274234554614","0.9986274234554614","0.9986274234554614","10037","10037","10037","","","","","","","","","","","","","","","","","","","","","","","","","","","","","","","","","","","","","","","","","","","","","","","","","0.9996724533245988","0.9996724533245988","0.9996724533245988","3282","3282","3282","","","","","","","","","","","","","","","","","","","","","","","","","","","","","","","","","","","","","","","","","",""
"193","","","","","","","","","","","","","","","","","","","","","","","","","","","","","","","","","","","","","","","","","","","","","","","","","","","","","","","0.9976525821596244","0.9976525821596244","0.9976525821596244","3299","3299","3299","","","","","","","0.9979411351831922","0.9979411351831922","0.9979411351831922","10089","10089","10089","","","","","","","","","","","","","","","","","","","","","","","","","","","","","","","","","","","","","","","","","","","","","","","","","0.9994540888743313","0.9994540888743313","0.9994540888743313","3299","3299","3299","","","","","","","","","","","","","","","","","","","","","","","","","","","","","","","","","","","","","","","","","",""
"194","","","","","","","","","","","","","","","","","","","","","","","","","","","","","","","","","","","","","","","","","","","","","","","","","","","","","","","0.9986118259947281","0.9986118259947281","0.9986118259947281","3316","3316","3316","","","","","","","0.9986820145680284","0.9986820145680284","0.9986820145680284","10141","10141","10141","","","","","","","","","","","","","","","","","","","","","","","","","","","","","","","","","","","","","","","","","","","","","","","","","0.9996724533245988","0.9996724533245988","0.9996724533245988","3316","3316","3316","","","","","","","","","","","","","","","","","","","","","","","","","","","","","","","","","","","","","","","","","",""
"195","","","","","","","","","","","","","","","","","","","","","","","","","","","","","","","","","","","","","","","","","","","","","","","","","","","","","","","0.9982491850326767","0.9982491850326767","0.9982491850326767","3333","3333","3333","","","","","","","0.998175097094193","0.998175097094193","0.998175097094193","10193","10193","10193","","","","","","","","","","","","","","","","","","","","","","","","","","","","","","","","","","","","","","","","","","","","","","","","","0.9992864161714473","0.9992864161714473","0.9992864161714473","3333","3333","3333","","","","","","","","","","","","","","","","","","","","","","","","","","","","","","","","","","","","","","","","","",""
"196","","","","","","","","","","","","","","","","","","","","","","","","","","","","","","","","","","","","","","","","","","","","","","","","","","","","","","","0.9983583672578105","0.9983583672578105","0.9983583672578105","3350","3350","3350","","","","","","","0.9979879275653923","0.9979879275653923","0.9979879275653923","10245","10245","10245","","","","","","","","","","","","","","","","","","","","","","","","","","","","","","","","","","","","","","","","","","","","","","","","","0.9996100634816653","0.9996100634816653","0.9996100634816653","3350","3350","3350","","","","","","","","","","","","","","","","","","","","","","","","","","","","","","","","","","","","","","","","","",""
"197","","","","","","","","","","","","","","","","","","","","","","","","","","","","","","","","","","","","","","","","","","","","","","","","","","","","","","","0.9981088078860761","0.9981088078860761","0.9981088078860761","3367","3367","3367","","","","","","","0.9983778640837272","0.9983778640837272","0.9983778640837272","10297","10297","10297","","","","","","","","","","","","","","","","","","","","","","","","","","","","","","","","","","","","","","","","","","","","","","","","","0.9995320761779982","0.9995320761779982","0.9995320761779982","3367","3367","3367","","","","","","","","","","","","","","","","","","","","","","","","","","","","","","","","","","","","","","","","","",""
"198","","","","","","","","","","","","","","","","","","","","","","","","","","","","","","","","","","","","","","","","","","","","","","","","","","","","","","","0.996673841498604","0.996673841498604","0.996673841498604","3384","3384","3384","","","","","","","0.996416483396503","0.996416483396503","0.996416483396503","10349","10349","10349","","","","","","","","","","","","","","","","","","","","","","","","","","","","","","","","","","","","","","","","","","","","","","","","","0.9994696863350646","0.9994696863350646","0.9994696863350646","3384","3384","3384","","","","","","","","","","","","","","","","","","","","","","","","","","","","","","","","","","","","","","","","","",""
"199","","","","","","","","","","","","","","","","","","","","","","","","","","","","","","","","","","","","","","","","","","","","","","","","","","","","","","","0.998935473304946","0.998935473304946","0.998935473304946","3401","3401","3401","","","","","","","0.9987171088546785","0.9987171088546785","0.9987171088546785","10401","10401","10401","","","","","","","","","","","","","","","","","","","","","","","","","","","","","","","","","","","","","","","","","","","","","","","","","0.9996256609423986","0.9996256609423986","0.9996256609423986","3401","3401","3401","","","","","","","","","","","","","","","","","","","","","","","","","","","","","","","","","","","","","","","","","",""
"200","","","","","","","","","","","","","","","","","","","","","","","","","","","","","","","","","","","","","","","","","","","","","","","","","","","","","","","0.998522140595511","0.998522140595511","0.998522140595511","3418","3418","3418","","","","","","","0.9978787453402587","0.9978787453402587","0.9978787453402587","10453","10453","10453","","","","","","","","","","","","","","","","","","","","","","","","","","","","","","","","","","","","","","","","","","","","","","","","","0.9994696863350646","0.9994696863350646","0.9994696863350646","3418","3418","3418","","","","","","","","","","","","","","","","","","","","","","","","","","","","","","","","","","","","","","","","","",""
"201","","","","","","","","","","","","","","","","","","","","","","","","","","","","","","","","","","","","","","","","","","","","","","","","","","","","","","","0.9962878043454526","0.9962878043454526","0.9962878043454526","3435","3435","3435","","","","","","","0.9987015113939451","0.9987015113939451","0.9987015113939451","10505","10505","10505","","","","","","","","","","","","","","","","","","","","","","","","","","","","","","","","","","","","","","","","","","","","","","","","","0.999048554895263","0.999048554895263","0.999048554895263","3435","3435","3435","","","","","","","","","","","","","","","","","","","","","","","","","","","","","","","","","","","","","","","","","",""
"202","","","","","","","","","","","","","","","","","","","","","","","","","","","","","","","","","","","","","","","","","","","","","","","","","","","","","","","0.9982374869371267","0.9982374869371267","0.9982374869371267","3452","3452","3452","","","","","","","0.9973835259619733","0.9973835259619733","0.9973835259619733","10557","10557","10557","","","","","","","","","","","","","","","","","","","","","","","","","","","","","","","","","","","","","","","","","","","","","","","","","0.9993761015706643","0.9993761015706643","0.9993761015706643","3452","3452","3452","","","","","","","","","","","","","","","","","","","","","","","","","","","","","","","","","","","","","","","","","",""
"203","","","","","","","","","","","","","","","","","","","","","","","","","","","","","","","","","","","","","","","","","","","","","","","","","","","","","","","0.9974420164397236","0.9974420164397236","0.9974420164397236","3469","3469","3469","","","","","","","0.9979450345483756","0.9979450345483756","0.9979450345483756","10609","10609","10609","","","","","","","","","","","","","","","","","","","","","","","","","","","","","","","","","","","","","","","","","","","","","","","","","0.9995359755431815","0.9995359755431815","0.9995359755431815","3469","3469","3469","","","","","","","","","","","","","","","","","","","","","","","","","","","","","","","","","","","","","","","","","",""
"204","","","","","","","","","","","","","","","","","","","","","","","","","","","","","","","","","","","","","","","","","","","","","","","","","","","","","","","0.9984870463088609","0.9984870463088609","0.9984870463088609","3486","3486","3486","","","","","","","0.9989588694960461","0.9989588694960461","0.9989588694960461","10661","10661","10661","","","","","","","","","","","","","","","","","","","","","","","","","","","","","","","","","","","","","","","","","","","","","","","","","0.9995749691950151","0.9995749691950151","0.9995749691950151","3486","3486","3486","","","","","","","","","","","","","","","","","","","","","","","","","","","","","","","","","","","","","","","","","",""
"205","","","","","","","","","","","","","","","","","","","","","","","","","","","","","","","","","","","","","","","","","","","","","","","","","","","","","","","0.9990836491819132","0.9990836491819132","0.9990836491819132","3503","3503","3503","","","","","","","0.9993020136321806","0.9993020136321806","0.9993020136321806","10713","10713","10713","","","","","","","","","","","","","","","","","","","","","","","","","","","","","","","","","","","","","","","","","","","","","","","","","0.9991109447381966","0.9991109447381966","0.9991109447381966","3503","3503","3503","","","","","","","","","","","","","","","","","","","","","","","","","","","","","","","","","","","","","","","","","",""
"206","","","","","","","","","","","","","","","","","","","","","","","","","","","","","","","","","","","","","","","","","","","","","","","","","","","","","","","0.9993410072840141","0.9993410072840141","0.9993410072840141","3520","3520","3520","","","","","","","0.9992669193455305","0.9992669193455305","0.9992669193455305","10765","10765","10765","","","","","","","","","","","","","","","","","","","","","","","","","","","","","","","","","","","","","","","","","","","","","","","","","0.9993254098232808","0.9993254098232808","0.9993254098232808","3520","3520","3520","","","","","","","","","","","","","","","","","","","","","","","","","","","","","","","","","","","","","","","","","",""
"207","","","","","","","","","","","","","","","","","","","","","","","","","","","","","","","","","","","","","","","","","","","","","","","","","","","","","","","0.9991460390248467","0.9991460390248467","0.9991460390248467","3537","3537","3537","","","","","","","0.998701511393945","0.998701511393945","0.998701511393945","10817","10817","10817","","","","","","","","","","","","","","","","","","","","","","","","","","","","","","","","","","","","","","","","","","","","","","","","","0.9996178622120319","0.9996178622120319","0.9996178622120319","3537","3537","3537","","","","","","","","","","","","","","","","","","","","","","","","","","","","","","","","","","","","","","","","","",""
"208","","","","","","","","","","","","","","","","","","","","","","","","","","","","","","","","","","","","","","","","","","","","","","","","","","","","","","","0.9987950961583454","0.9987950961583454","0.9987950961583454","3554","3554","3554","","","","","","","0.9997972330104659","0.9997972330104659","0.9997972330104659","10869","10869","10869","","","","","","","","","","","","","","","","","","","","","","","","","","","","","","","","","","","","","","","","","","","","","","","","","0.999551573003915","0.999551573003915","0.999551573003915","3554","3554","3554","","","","","","","","","","","","","","","","","","","","","","","","","","","","","","","","","","","","","","","","","",""
"209","","","","","","","","","","","","","","","","","","","","","","","","","","","","","","","","","","","","","","","","","","","","","","","","","","","","","","","0.9986625177421116","0.9986625177421116","0.9986625177421116","3571","3571","3571","","","","","","","0.9995008812565315","0.9995008812565315","0.9995008812565315","10921","10921","10921","","","","","","","","","","","","","","","","","","","","","","","","","","","","","","","","","","","","","","","","","","","","","","","","","0.9996139628468484","0.9996139628468484","0.9996139628468484","3571","3571","3571","","","","","","","","","","","","","","","","","","","","","","","","","","","","","","","","","","","","","","","","","",""
"210","","","","","","","","","","","","","","","","","","","","","","","","","","","","","","","","","","","","","","","","","","","","","","","","","","","","","","","0.9991850326766802","0.9991850326766802","0.9991850326766802","3588","3588","3588","","","","","","","0.9986937126635784","0.9986937126635784","0.9986937126635784","10973","10973","10973","","","","","","","","","","","","","","","","","","","","","","","","","","","","","","","","","","","","","","","","","","","","","","","","","0.9996802520549654","0.9996802520549654","0.9996802520549654","3588","3588","3588","","","","","","","","","","","","","","","","","","","","","","","","","","","","","","","","","","","","","","","","","",""
"211","","","","","","","","","","","","","","","","","","","","","","","","","","","","","","","","","","","","","","","","","","","","","","","","","","","","","","","0.9979528332787423","0.9979528332787423","0.9979528332787423","3605","3605","3605","","","","","","","0.999754339993449","0.999754339993449","0.999754339993449","11025","11025","11025","","","","","","","","","","","","","","","","","","","","","","","","","","","","","","","","","","","","","","","","","","","","","","","","","0.9996919501505155","0.9996919501505155","0.9996919501505155","3605","3605","3605","","","","","","","","","","","","","","","","","","","","","","","","","","","","","","","","","","","","","","","","","",""
"212","","","","","","","","","","","","","","","","","","","","","","","","","","","","","","","","","","","","","","","","","","","","","","","","","","","","","","","0.9992630199803472","0.9992630199803472","0.9992630199803472","3622","3622","3622","","","","","","","0.9993449066491975","0.9993449066491975","0.9993449066491975","11077","11077","11077","","","","","","","","","","","","","","","","","","","","","","","","","","","","","","","","","","","","","","","","","","","","","","","","","0.9991616364855801","0.9991616364855801","0.9991616364855801","3622","3622","3622","","","","","","","","","","","","","","","","","","","","","","","","","","","","","","","","","","","","","","","","","",""
"213","","","","","","","","","","","","","","","","","","","","","","","","","","","","","","","","","","","","","","","","","","","","","","","","","","","","","","","0.9987561025065119","0.9987561025065119","0.9987561025065119","3639","3639","3639","","","","","","","0.9994930825261646","0.9994930825261646","0.9994930825261646","11129","11129","11129","","","","","","","","","","","","","","","","","","","","","","","","","","","","","","","","","","","","","","","","","","","","","","","","","0.999294214901814","0.999294214901814","0.999294214901814","3639","3639","3639","","","","","","","","","","","","","","","","","","","","","","","","","","","","","","","","","","","","","","","","","",""
"214","","","","","","","","","","","","","","","","","","","","","","","","","","","","","","","","","","","","","","","","","","","","","","","","","","","","","","","0.9966192503860372","0.9966192503860372","0.9966192503860372","3656","3656","3656","","","","","","","0.9974634629482321","0.9974634629482321","0.9974634629482321","11181","11181","11181","","","","","","","","","","","","","","","","","","","","","","","","","","","","","","","","","","","","","","","","","","","","","","","","","0.9995086799868982","0.9995086799868982","0.9995086799868982","3656","3656","3656","","","","","","","","","","","","","","","","","","","","","","","","","","","","","","","","","","","","","","","","","",""
"215","","","","","","","","","","","","","","","","","","","","","","","","","","","","","","","","","","","","","","","","","","","","","","","","","","","","","","","0.9986352221858281","0.9986352221858281","0.9986352221858281","3673","3673","3673","","","","","","","0.9992513218847972","0.9992513218847972","0.9992513218847972","11233","11233","11233","","","","","","","","","","","","","","","","","","","","","","","","","","","","","","","","","","","","","","","","","","","","","","","","","0.9993098123625473","0.9993098123625473","0.9993098123625473","3673","3673","3673","","","","","","","","","","","","","","","","","","","","","","","","","","","","","","","","","","","","","","","","","",""
"216","","","","","","","","","","","","","","","","","","","","","","","","","","","","","","","","","","","","","","","","","","","","","","","","","","","","","","","0.9991070453730132","0.9991070453730132","0.9991070453730132","3690","3690","3690","","","","","","","0.9997777361845491","0.9997777361845491","0.9997777361845491","11285","11285","11285","","","","","","","","","","","","","","","","","","","","","","","","","","","","","","","","","","","","","","","","","","","","","","","","","0.9996373590379487","0.9996373590379487","0.9996373590379487","3690","3690","3690","","","","","","","","","","","","","","","","","","","","","","","","","","","","","","","","","","","","","","","","","",""
"217","","","","","","","","","","","","","","","","","","","","","","","","","","","","","","","","","","","","","","","","","","","","","","","","","","","","","","","0.9978943428009921","0.9978943428009921","0.9978943428009921","3707","3707","3707","","","","","","","0.9998635222185828","0.9998635222185828","0.9998635222185828","11337","11337","11337","","","","","","","","","","","","","","","","","","","","","","","","","","","","","","","","","","","","","","","","","","","","","","","","","0.9997348431675324","0.9997348431675324","0.9997348431675324","3707","3707","3707","","","","","","","","","","","","","","","","","","","","","","","","","","","","","","","","","","","","","","","","","",""
"218","","","","","","","","","","","","","","","","","","","","","","","","","","","","","","","","","","","","","","","","","","","","","","","","","","","","","","","0.999372202205481","0.999372202205481","0.999372202205481","3724","3724","3724","","","","","","","0.9988028948887122","0.9988028948887122","0.9988028948887122","11389","11389","11389","","","","","","","","","","","","","","","","","","","","","","","","","","","","","","","","","","","","","","","","","","","","","","","","","0.999742641897899","0.999742641897899","0.999742641897899","3724","3724","3724","","","","","","","","","","","","","","","","","","","","","","","","","","","","","","","","","","","","","","","","","",""
"219","","","","","","","","","","","","","","","","","","","","","","","","","","","","","","","","","","","","","","","","","","","","","","","","","","","","","","","0.9992513218847972","0.9992513218847972","0.9992513218847972","3741","3741","3741","","","","","","","0.999641258403132","0.999641258403132","0.999641258403132","11441","11441","11441","","","","","","","","","","","","","","","","","","","","","","","","","","","","","","","","","","","","","","","","","","","","","","","","","0.9995164787172649","0.9995164787172649","0.9995164787172649","3741","3741","3741","","","","","","","","","","","","","","","","","","","","","","","","","","","","","","","","","","","","","","","","","",""
"220","","","","","","","","","","","","","","","","","","","","","","","","","","","","","","","","","","","","","","","","","","","","","","","","","","","","","","","0.9994696863350646","0.9994696863350646","0.9994696863350646","3758","3758","3758","","","","","","","0.999551573003915","0.999551573003915","0.999551573003915","11493","11493","11493","","","","","","","","","","","","","","","","","","","","","","","","","","","","","","","","","","","","","","","","","","","","","","","","","0.9995866672905651","0.9995866672905651","0.9995866672905651","3758","3758","3758","","","","","","","","","","","","","","","","","","","","","","","","","","","","","","","","","","","","","","","","","",""
"221","","","","","","","","","","","","","","","","","","","","","","","","","","","","","","","","","","","","","","","","","","","","","","","","","","","","","","","0.9996802520549654","0.9996802520549654","0.9996802520549654","3775","3775","3775","","","","","","","0.998958869496046","0.998958869496046","0.998958869496046","11545","11545","11545","","","","","","","","","","","","","","","","","","","","","","","","","","","","","","","","","","","","","","","","","","","","","","","","","0.9998050317408326","0.9998050317408326","0.9998050317408326","3775","3775","3775","","","","","","","","","","","","","","","","","","","","","","","","","","","","","","","","","","","","","","","","","",""
"222","","","","","","","","","","","","","","","","","","","","","","","","","","","","","","","","","","","","","","","","","","","","","","","","","","","","","","","0.9994696863350647","0.9994696863350647","0.9994696863350647","3792","3792","3792","","","","","","","0.9993955983965811","0.9993955983965811","0.9993955983965811","11597","11597","11597","","","","","","","","","","","","","","","","","","","","","","","","","","","","","","","","","","","","","","","","","","","","","","","","","0.9996880507853322","0.9996880507853322","0.9996880507853322","3792","3792","3792","","","","","","","","","","","","","","","","","","","","","","","","","","","","","","","","","","","","","","","","","",""
"223","","","","","","","","","","","","","","","","","","","","","","","","","","","","","","","","","","","","","","","","","","","","","","","","","","","","","","","0.9993176110929141","0.9993176110929141","0.9993176110929141","3809","3809","3809","","","","","","","0.9998479247578494","0.9998479247578494","0.9998479247578494","11649","11649","11649","","","","","","","","","","","","","","","","","","","","","","","","","","","","","","","","","","","","","","","","","","","","","","","","","0.9996958495156988","0.9996958495156988","0.9996958495156988","3809","3809","3809","","","","","","","","","","","","","","","","","","","","","","","","","","","","","","","","","","","","","","","","","",""
"224","","","","","","","","","","","","","","","","","","","","","","","","","","","","","","","","","","","","","","","","","","","","","","","","","","","","","","","0.9992435231544304","0.9992435231544304","0.9992435231544304","3826","3826","3826","","","","","","","0.9999532076177998","0.9999532076177998","0.9999532076177998","11701","11701","11701","","","","","","","","","","","","","","","","","","","","","","","","","","","","","","","","","","","","","","","","","","","","","","","","","0.9997387425327158","0.9997387425327158","0.9997387425327158","3826","3826","3826","","","","","","","","","","","","","","","","","","","","","","","","","","","","","","","","","","","","","","","","","",""
"225","","","","","","","","","","","","","","","","","","","","","","","","","","","","","","","","","","","","","","","","","","","","","","","","","","","","","","","0.9968805078533215","0.9968805078533215","0.9968805078533215","3843","3843","3843","","","","","","","0.9996607552290486","0.9996607552290486","0.9996607552290486","11753","11753","11753","","","","","","","","","","","","","","","","","","","","","","","","","","","","","","","","","","","","","","","","","","","","","","","","","0.9995710698298318","0.9995710698298318","0.9995710698298318","3843","3843","3843","","","","","","","","","","","","","","","","","","","","","","","","","","","","","","","","","","","","","","","","","",""
"226","","","","","","","","","","","","","","","","","","","","","","","","","","","","","","","","","","","","","","","","","","","","","","","","","","","","","","","0.999742641897899","0.999742641897899","0.999742641897899","3860","3860","3860","","","","","","","0.9997699374541824","0.9997699374541824","0.9997699374541824","11805","11805","11805","","","","","","","","","","","","","","","","","","","","","","","","","","","","","","","","","","","","","","","","","","","","","","","","","0.9995983653861151","0.9995983653861151","0.9995983653861151","3860","3860","3860","","","","","","","","","","","","","","","","","","","","","","","","","","","","","","","","","","","","","","","","","",""
"227","","","","","","","","","","","","","","","","","","","","","","","","","","","","","","","","","","","","","","","","","","","","","","","","","","","","","","","0.9992474225196137","0.9992474225196137","0.9992474225196137","3877","3877","3877","","","","","","","0.9996061641164818","0.9996061641164818","0.9996061641164818","11857","11857","11857","","","","","","","","","","","","","","","","","","","","","","","","","","","","","","","","","","","","","","","","","","","","","","","","","0.9997270444371656","0.9997270444371656","0.9997270444371656","3877","3877","3877","","","","","","","","","","","","","","","","","","","","","","","","","","","","","","","","","","","","","","","","","",""
"228","","","","","","","","","","","","","","","","","","","","","","","","","","","","","","","","","","","","","","","","","","","","","","","","","","","","","","","0.9994189945876811","0.9994189945876811","0.9994189945876811","3894","3894","3894","","","","","","","0.9990017625130629","0.9990017625130629","0.9990017625130629","11909","11909","11909","","","","","","","","","","","","","","","","","","","","","","","","","","","","","","","","","","","","","","","","","","","","","","","","","0.9997582393586324","0.9997582393586324","0.9997582393586324","3894","3894","3894","","","","","","","","","","","","","","","","","","","","","","","","","","","","","","","","","","","","","","","","","",""
"229","","","","","","","","","","","","","","","","","","","","","","","","","","","","","","","","","","","","","","","","","","","","","","","","","","","","","","","0.9997699374541824","0.9997699374541824","0.9997699374541824","3911","3911","3911","","","","","","","0.9989783663219627","0.9989783663219627","0.9989783663219627","11961","11961","11961","","","","","","","","","","","","","","","","","","","","","","","","","","","","","","","","","","","","","","","","","","","","","","","","","0.9993761015706643","0.9993761015706643","0.9993761015706643","3911","3911","3911","","","","","","","","","","","","","","","","","","","","","","","","","","","","","","","","","","","","","","","","","",""
"230","","","","","","","","","","","","","","","","","","","","","","","","","","","","","","","","","","","","","","","","","","","","","","","","","","","","","","","0.9996763526897822","0.9996763526897822","0.9996763526897822","3928","3928","3928","","","","","","","0.9999805031740833","0.9999805031740833","0.9999805031740833","12013","12013","12013","","","","","","","","","","","","","","","","","","","","","","","","","","","","","","","","","","","","","","","","","","","","","","","","","0.9992786174410806","0.9992786174410806","0.9992786174410806","3928","3928","3928","","","","","","","","","","","","","","","","","","","","","","","","","","","","","","","","","","","","","","","","","",""
"231","","","","","","","","","","","","","","","","","","","","","","","","","","","","","","","","","","","","","","","","","","","","","","","","","","","","","","","0.9999298114266997","0.9999298114266997","0.9999298114266997","3945","3945","3945","","","","","","","0.9987833980627954","0.9987833980627954","0.9987833980627954","12065","12065","12065","","","","","","","","","","","","","","","","","","","","","","","","","","","","","","","","","","","","","","","","","","","","","","","","","0.9980425186779592","0.9980425186779592","0.9980425186779592","3945","3945","3945","","","","","","","","","","","","","","","","","","","","","","","","","","","","","","","","","","","","","","","","","",""
"232","","","","","","","","","","","","","","","","","","","","","","","","","","","","","","","","","","","","","","","","","","","","","","","","","","","","","","","0.9997777361845491","0.9997777361845491","0.9997777361845491","3962","3962","3962","","","","","","","0.9996997488808822","0.9996997488808822","0.9996997488808822","12117","12117","12117","","","","","","","","","","","","","","","","","","","","","","","","","","","","","","","","","","","","","","","","","","","","","","","","","0.9994150952224978","0.9994150952224978","0.9994150952224978","3962","3962","3962","","","","","","","","","","","","","","","","","","","","","","","","","","","","","","","","","","","","","","","","","",""
"233","","","","","","","","","","","","","","","","","","","","","","","","","","","","","","","","","","","","","","","","","","","","","","","","","","","","","","","0.9995242774476315","0.9995242774476315","0.9995242774476315","3979","3979","3979","","","","","","","0.9998401260274827","0.9998401260274827","0.9998401260274827","12169","12169","12169","","","","","","","","","","","","","","","","","","","","","","","","","","","","","","","","","","","","","","","","","","","","","","","","","0.9995593717342817","0.9995593717342817","0.9995593717342817","3979","3979","3979","","","","","","","","","","","","","","","","","","","","","","","","","","","","","","","","","","","","","","","","","",""
"234","","","","","","","","","","","","","","","","","","","","","","","","","","","","","","","","","","","","","","","","","","","","","","","","","","","","","","","0.9995125793520815","0.9995125793520815","0.9995125793520815","3996","3996","3996","","","","","","","0.9997153463416156","0.9997153463416156","0.9997153463416156","12221","12221","12221","","","","","","","","","","","","","","","","","","","","","","","","","","","","","","","","","","","","","","","","","","","","","","","","","0.999485283795798","0.999485283795798","0.999485283795798","3996","3996","3996","","","","","","","","","","","","","","","","","","","","","","","","","","","","","","","","","","","","","","","","","",""
"235","","","","","","","","","","","","","","","","","","","","","","","","","","","","","","","","","","","","","","","","","","","","","","","","","","","","","","","0.9997933336452826","0.9997933336452826","0.9997933336452826","4013","4013","4013","","","","","","","0.9999025158704162","0.9999025158704162","0.9999025158704162","12273","12273","12273","","","","","","","","","","","","","","","","","","","","","","","","","","","","","","","","","","","","","","","","","","","","","","","","","0.9996568558638654","0.9996568558638654","0.9996568558638654","4013","4013","4013","","","","","","","","","","","","","","","","","","","","","","","","","","","","","","","","","","","","","","","","","",""
"236","","","","","","","","","","","","","","","","","","","","","","","","","","","","","","","","","","","","","","","","","","","","","","","","","","","","","","","0.9997270444371656","0.9997270444371656","0.9997270444371656","4030","4030","4030","","","","","","","0.9998674215837661","0.9998674215837661","0.9998674215837661","12325","12325","12325","","","","","","","","","","","","","","","","","","","","","","","","","","","","","","","","","","","","","","","","","","","","","","","","","0.999797233010466","0.999797233010466","0.999797233010466","4030","4030","4030","","","","","","","","","","","","","","","","","","","","","","","","","","","","","","","","","","","","","","","","","",""
"237","","","","","","","","","","","","","","","","","","","","","","","","","","","","","","","","","","","","","","","","","","","","","","","","","","","","","","","0.9996880507853322","0.9996880507853322","0.9996880507853322","4047","4047","4047","","","","","","","0.9995554723690984","0.9995554723690984","0.9995554723690984","12377","12377","12377","","","","","","","","","","","","","","","","","","","","","","","","","","","","","","","","","","","","","","","","","","","","","","","","","0.9997933336452826","0.9997933336452826","0.9997933336452826","4047","4047","4047","","","","","","","","","","","","","","","","","","","","","","","","","","","","","","","","","","","","","","","","","",""
"238","","","","","","","","","","","","","","","","","","","","","","","","","","","","","","","","","","","","","","","","","","","","","","","","","","","","","","","0.9997504406282657","0.9997504406282657","0.9997504406282657","4064","4064","4064","","","","","","","0.9999064152355998","0.9999064152355998","0.9999064152355998","12429","12429","12429","","","","","","","","","","","","","","","","","","","","","","","","","","","","","","","","","","","","","","","","","","","","","","","","","0.9993761015706644","0.9993761015706644","0.9993761015706644","4064","4064","4064","","","","","","","","","","","","","","","","","","","","","","","","","","","","","","","","","","","","","","","","","",""
"239","","","","","","","","","","","","","","","","","","","","","","","","","","","","","","","","","","","","","","","","","","","","","","","","","","","","","","","0.999282516806264","0.999282516806264","0.999282516806264","4081","4081","4081","","","","","","","0.9995281768128149","0.9995281768128149","0.9995281768128149","12481","12481","12481","","","","","","","","","","","","","","","","","","","","","","","","","","","","","","","","","","","","","","","","","","","","","","","","","0.9996022647512985","0.9996022647512985","0.9996022647512985","4081","4081","4081","","","","","","","","","","","","","","","","","","","","","","","","","","","","","","","","","","","","","","","","","",""
"240","","","","","","","","","","","","","","","","","","","","","","","","","","","","","","","","","","","","","","","","","","","","","","","","","","","","","","","0.9995866672905651","0.9995866672905651","0.9995866672905651","4098","4098","4098","","","","","","","0.9996373590379486","0.9996373590379486","0.9996373590379486","12533","12533","12533","","","","","","","","","","","","","","","","","","","","","","","","","","","","","","","","","","","","","","","","","","","","","","","","","0.9994657869698812","0.9994657869698812","0.9994657869698812","4098","4098","4098","","","","","","","","","","","","","","","","","","","","","","","","","","","","","","","","","","","","","","","","","",""
"241","","","","","","","","","","","","","","","","","","","","","","","","","","","","","","","","","","","","","","","","","","","","","","","","","","","","","","","0.9998050317408326","0.9998050317408326","0.9998050317408326","4115","4115","4115","","","","","","","0.9998128304711993","0.9998128304711993","0.9998128304711993","12585","12585","12585","","","","","","","","","","","","","","","","","","","","","","","","","","","","","","","","","","","","","","","","","","","","","","","","","0.9996022647512984","0.9996022647512984","0.9996022647512984","4115","4115","4115","","","","","","","","","","","","","","","","","","","","","","","","","","","","","","","","","","","","","","","","","",""
"242","","","","","","","","","","","","","","","","","","","","","","","","","","","","","","","","","","","","","","","","","","","","","","","","","","","","","","","0.999407296492131","0.999407296492131","0.999407296492131","4132","4132","4132","","","","","","","0.9997660380889991","0.9997660380889991","0.9997660380889991","12637","12637","12637","","","","","","","","","","","","","","","","","","","","","","","","","","","","","","","","","","","","","","","","","","","","","","","","","0.9994384914135979","0.9994384914135979","0.9994384914135979","4132","4132","4132","","","","","","","","","","","","","","","","","","","","","","","","","","","","","","","","","","","","","","","","","",""
"243","","","","","","","","","","","","","","","","","","","","","","","","","","","","","","","","","","","","","","","","","","","","","","","","","","","","","","","0.999797233010466","0.999797233010466","0.999797233010466","4149","4149","4149","","","","","","","0.9998674215837661","0.9998674215837661","0.9998674215837661","12689","12689","12689","","","","","","","","","","","","","","","","","","","","","","","","","","","","","","","","","","","","","","","","","","","","","","","","","0.9995827679253817","0.9995827679253817","0.9995827679253817","4149","4149","4149","","","","","","","","","","","","","","","","","","","","","","","","","","","","","","","","","","","","","","","","","",""
"244","","","","","","","","","","","","","","","","","","","","","","","","","","","","","","","","","","","","","","","","","","","","","","","","","","","","","","","0.9996451577683153","0.9996451577683153","0.9996451577683153","4166","4166","4166","","","","","","","0.999910314600783","0.999910314600783","0.999910314600783","12741","12741","12741","","","","","","","","","","","","","","","","","","","","","","","","","","","","","","","","","","","","","","","","","","","","","","","","","0.9997933336452826","0.9997933336452826","0.9997933336452826","4166","4166","4166","","","","","","","","","","","","","","","","","","","","","","","","","","","","","","","","","","","","","","","","","",""
"245","","","","","","","","","","","","","","","","","","","","","","","","","","","","","","","","","","","","","","","","","","","","","","","","","","","","","","","0.9999610063481665","0.9999610063481665","0.9999610063481665","4183","4183","4183","","","","","","","0.9991538377552134","0.9991538377552134","0.9991538377552134","12793","12793","12793","","","","","","","","","","","","","","","","","","","","","","","","","","","","","","","","","","","","","","","","","","","","","","","","","0.9996958495156989","0.9996958495156989","0.9996958495156989","4183","4183","4183","","","","","","","","","","","","","","","","","","","","","","","","","","","","","","","","","","","","","","","","","",""
"246","","","","","","","","","","","","","","","","","","","","","","","","","","","","","","","","","","","","","","","","","","","","","","","","","","","","","","","0.9994540888743312","0.9994540888743312","0.9994540888743312","4200","4200","4200","","","","","","","0.9997348431675324","0.9997348431675324","0.9997348431675324","12845","12845","12845","","","","","","","","","","","","","","","","","","","","","","","","","","","","","","","","","","","","","","","","","","","","","","","","","0.9997114469764322","0.9997114469764322","0.9997114469764322","4200","4200","4200","","","","","","","","","","","","","","","","","","","","","","","","","","","","","","","","","","","","","","","","","",""
"247","","","","","","","","","","","","","","","","","","","","","","","","","","","","","","","","","","","","","","","","","","","","","","","","","","","","","","","0.9990680517211799","0.9990680517211799","0.9990680517211799","4217","4217","4217","","","","","","","0.9995281768128149","0.9995281768128149","0.9995281768128149","12897","12897","12897","","","","","","","","","","","","","","","","","","","","","","","","","","","","","","","","","","","","","","","","","","","","","","","","","0.9997348431675324","0.9997348431675324","0.9997348431675324","4217","4217","4217","","","","","","","","","","","","","","","","","","","","","","","","","","","","","","","","","","","","","","","","","",""
"248","","","","","","","","","","","","","","","","","","","","","","","","","","","","","","","","","","","","","","","","","","","","","","","","","","","","","","","0.9996685539594155","0.9996685539594155","0.9996685539594155","4234","4234","4234","","","","","","","0.9992630199803472","0.9992630199803472","0.9992630199803472","12949","12949","12949","","","","","","","","","","","","","","","","","","","","","","","","","","","","","","","","","","","","","","","","","","","","","","","","","0.9996607552290487","0.9996607552290487","0.9996607552290487","4234","4234","4234","","","","","","","","","","","","","","","","","","","","","","","","","","","","","","","","","","","","","","","","","",""
"249","","","","","","","","","","","","","","","","","","","","","","","","","","","","","","","","","","","","","","","","","","","","","","","","","","","","","","","0.9998518241230328","0.9998518241230328","0.9998518241230328","4251","4251","4251","","","","","","","0.9998986165052329","0.9998986165052329","0.9998986165052329","13001","13001","13001","","","","","","","","","","","","","","","","","","","","","","","","","","","","","","","","","","","","","","","","","","","","","","","","","0.9997075476112488","0.9997075476112488","0.9997075476112488","4251","4251","4251","","","","","","","","","","","","","","","","","","","","","","","","","","","","","","","","","","","","","","","","","",""
"250","","","","","","","","","","","","","","","","","","","","","","","","","","","","","","","","","","","","","","","","","","","","","","","","","","","","","","","0.999832327297116","0.999832327297116","0.999832327297116","4268","4268","4268","","","","","","","0.9998869184096829","0.9998869184096829","0.9998869184096829","13053","13053","13053","","","","","","","","","","","","","","","","","","","","","","","","","","","","","","","","","","","","","","","","","","","","","","","","","0.9996334596727653","0.9996334596727653","0.9996334596727653","4268","4268","4268","","","","","","","","","","","","","","","","","","","","","","","","","","","","","","","","","","","","","","","","","",""
"251","","","","","","","","","","","","","","","","","","","","","","","","","","","","","","","","","","","","","","","","","","","","","","","","","","","","","","","0.9998089311060159","0.9998089311060159","0.9998089311060159","4285","4285","4285","","","","","","","0.9998830190444996","0.9998830190444996","0.9998830190444996","13105","13105","13105","","","","","","","","","","","","","","","","","","","","","","","","","","","","","","","","","","","","","","","","","","","","","","","","","0.9996997488808822","0.9996997488808822","0.9996997488808822","4285","4285","4285","","","","","","","","","","","","","","","","","","","","","","","","","","","","","","","","","","","","","","","","","",""
"252","","","","","","","","","","","","","","","","","","","","","","","","","","","","","","","","","","","","","","","","","","","","","","","","","","","","","","","0.999730943802349","0.999730943802349","0.999730943802349","4302","4302","4302","","","","","","","0.999676352689782","0.999676352689782","0.999676352689782","13157","13157","13157","","","","","","","","","","","","","","","","","","","","","","","","","","","","","","","","","","","","","","","","","","","","","","","","","0.9998050317408326","0.9998050317408326","0.9998050317408326","4302","4302","4302","","","","","","","","","","","","","","","","","","","","","","","","","","","","","","","","","","","","","","","","","",""
"253","","","","","","","","","","","","","","","","","","","","","","","","","","","","","","","","","","","","","","","","","","","","","","","","","","","","","","","0.9997348431675322","0.9997348431675322","0.9997348431675322","4319","4319","4319","","","","","","","0.9999532076177998","0.9999532076177998","0.9999532076177998","13209","13209","13209","","","","","","","","","","","","","","","","","","","","","","","","","","","","","","","","","","","","","","","","","","","","","","","","","0.999844025392666","0.999844025392666","0.999844025392666","4319","4319","4319","","","","","","","","","","","","","","","","","","","","","","","","","","","","","","","","","","","","","","","","","",""
"254","","","","","","","","","","","","","","","","","","","","","","","","","","","","","","","","","","","","","","","","","","","","","","","","","","","","","","","0.9999025158704162","0.9999025158704162","0.9999025158704162","4336","4336","4336","","","","","","","0.9999571069829832","0.9999571069829832","0.9999571069829832","13261","13261","13261","","","","","","","","","","","","","","","","","","","","","","","","","","","","","","","","","","","","","","","","","","","","","","","","","0.9996451577683153","0.9996451577683153","0.9996451577683153","4336","4336","4336","","","","","","","","","","","","","","","","","","","","","","","","","","","","","","","","","","","","","","","","","",""
"255","","","","","","","","","","","","","","","","","","","","","","","","","","","","","","","","","","","","","","","","","","","","","","","","","","","","","","","0.9995983653861151","0.9995983653861151","0.9995983653861151","4353","4353","4353","","","","","","","0.999832327297116","0.999832327297116","0.999832327297116","13313","13313","13313","","","","","","","","","","","","","","","","","","","","","","","","","","","","","","","","","","","","","","","","","","","","","","","","","0.9997894342800993","0.9997894342800993","0.9997894342800993","4353","4353","4353","","","","","","","","","","","","","","","","","","","","","","","","","","","","","","","","","","","","","","","","","",""
"256","","","","","","","","","","","","","","","","","","","","","","","","","","","","","","","","","","","","","","","","","","","","","","","","","","","","","","","0.9996802520549655","0.9996802520549655","0.9996802520549655","4370","4370","4370","","","","","","","0.9999805031740833","0.9999805031740833","0.9999805031740833","13365","13365","13365","","","","","","","","","","","","","","","","","","","","","","","","","","","","","","","","","","","","","","","","","","","","","","","","","0.9996217615772152","0.9996217615772152","0.9996217615772152","4370","4370","4370","","","","","","","","","","","","","","","","","","","","","","","","","","","","","","","","","","","","","","","","","",""
"257","","","","","","","","","","","","","","","","","","","","","","","","","","","","","","","","","","","","","","","","","","","","","","","","","","","","","","","0.9995905666557485","0.9995905666557485","0.9995905666557485","4387","4387","4387","","","","","","","0.999730943802349","0.999730943802349","0.999730943802349","13417","13417","13417","","","","","","","","","","","","","","","","","","","","","","","","","","","","","","","","","","","","","","","","","","","","","","","","","0.999664654594232","0.999664654594232","0.999664654594232","4387","4387","4387","","","","","","","","","","","","","","","","","","","","","","","","","","","","","","","","","","","","","","","","","",""
"258","","","","","","","","","","","","","","","","","","","","","","","","","","","","","","","","","","","","","","","","","","","","","","","","","","","","","","","0.9999376101570664","0.9999376101570664","0.9999376101570664","4404","4404","4404","","","","","","","0.9999103146007831","0.9999103146007831","0.9999103146007831","13469","13469","13469","","","","","","","","","","","","","","","","","","","","","","","","","","","","","","","","","","","","","","","","","","","","","","","","","0.9994579882395146","0.9994579882395146","0.9994579882395146","4404","4404","4404","","","","","","","","","","","","","","","","","","","","","","","","","","","","","","","","","","","","","","","","","",""
"259","","","","","","","","","","","","","","","","","","","","","","","","","","","","","","","","","","","","","","","","","","","","","","","","","","","","","","","0.9999103146007831","0.9999103146007831","0.9999103146007831","4421","4421","4421","","","","","","","0.9999727044437166","0.9999727044437166","0.9999727044437166","13521","13521","13521","","","","","","","","","","","","","","","","","","","","","","","","","","","","","","","","","","","","","","","","","","","","","","","","","0.9998128304711993","0.9998128304711993","0.9998128304711993","4421","4421","4421","","","","","","","","","","","","","","","","","","","","","","","","","","","","","","","","","","","","","","","","","",""
"260","","","","","","","","","","","","","","","","","","","","","","","","","","","","","","","","","","","","","","","","","","","","","","","","","","","","","","","0.9993994977617644","0.9993994977617644","0.9993994977617644","4438","4438","4438","","","","","","","0.9996373590379487","0.9996373590379487","0.9996373590379487","13573","13573","13573","","","","","","","","","","","","","","","","","","","","","","","","","","","","","","","","","","","","","","","","","","","","","","","","","0.9997933336452824","0.9997933336452824","0.9997933336452824","4438","4438","4438","","","","","","","","","","","","","","","","","","","","","","","","","","","","","","","","","","","","","","","","","",""
"261","","","","","","","","","","","","","","","","","","","","","","","","","","","","","","","","","","","","","","","","","","","","","","","","","","","","","","","0.9998518241230328","0.9998518241230328","0.9998518241230328","4455","4455","4455","","","","","","","0.9999298114266998","0.9999298114266998","0.9999298114266998","13625","13625","13625","","","","","","","","","","","","","","","","","","","","","","","","","","","","","","","","","","","","","","","","","","","","","","","","","0.999574969195015","0.999574969195015","0.999574969195015","4455","4455","4455","","","","","","","","","","","","","","","","","","","","","","","","","","","","","","","","","","","","","","","","","",""
"262","","","","","","","","","","","","","","","","","","","","","","","","","","","","","","","","","","","","","","","","","","","","","","","","","","","","","","","0.999730943802349","0.999730943802349","0.999730943802349","4472","4472","4472","","","","","","","1","1","1","13677","13677","13677","","","","","","","","","","","","","","","","","","","","","","","","","","","","","","","","","","","","","","","","","","","","","","","","","0.9998401260274827","0.9998401260274827","0.9998401260274827","4472","4472","4472","","","","","","","","","","","","","","","","","","","","","","","","","","","","","","","","","","","","","","","","","",""
"263","","","","","","","","","","","","","","","","","","","","","","","","","","","","","","","","","","","","","","","","","","","","","","","","","","","","","","","0.9999259120615164","0.9999259120615164","0.9999259120615164","4489","4489","4489","","","","","","","0.999910314600783","0.999910314600783","0.999910314600783","13729","13729","13729","","","","","","","","","","","","","","","","","","","","","","","","","","","","","","","","","","","","","","","","","","","","","","","","","0.9997738368193658","0.9997738368193658","0.9997738368193658","4489","4489","4489","","","","","","","","","","","","","","","","","","","","","","","","","","","","","","","","","","","","","","","","","",""
"264","","","","","","","","","","","","","","","","","","","","","","","","","","","","","","","","","","","","","","","","","","","","","","","","","","","","","","","0.9997777361845491","0.9997777361845491","0.9997777361845491","4506","4506","4506","","","","","","","0.9999688050785331","0.9999688050785331","0.9999688050785331","13781","13781","13781","","","","","","","","","","","","","","","","","","","","","","","","","","","","","","","","","","","","","","","","","","","","","","","","","0.9997270444371656","0.9997270444371656","0.9997270444371656","4506","4506","4506","","","","","","","","","","","","","","","","","","","","","","","","","","","","","","","","","","","","","","","","","",""
"265","","","","","","","","","","","","","","","","","","","","","","","","","","","","","","","","","","","","","","","","","","","","","","","","","","","","","","","0.9999766038089","0.9999766038089","0.9999766038089","4523","4523","4523","","","","","","","0.9999064152355996","0.9999064152355996","0.9999064152355996","13833","13833","13833","","","","","","","","","","","","","","","","","","","","","","","","","","","","","","","","","","","","","","","","","","","","","","","","","0.9995086799868982","0.9995086799868982","0.9995086799868982","4523","4523","4523","","","","","","","","","","","","","","","","","","","","","","","","","","","","","","","","","","","","","","","","","",""
"266","","","","","","","","","","","","","","","","","","","","","","","","","","","","","","","","","","","","","","","","","","","","","","","","","","","","","","","0.9999688050785333","0.9999688050785333","0.9999688050785333","4540","4540","4540","","","","","","","0.9999844025392666","0.9999844025392666","0.9999844025392666","13885","13885","13885","","","","","","","","","","","","","","","","","","","","","","","","","","","","","","","","","","","","","","","","","","","","","","","","","0.9995749691950151","0.9995749691950151","0.9995749691950151","4540","4540","4540","","","","","","","","","","","","","","","","","","","","","","","","","","","","","","","","","","","","","","","","","",""
"267","","","","","","","","","","","","","","","","","","","","","","","","","","","","","","","","","","","","","","","","","","","","","","","","","","","","","","","0.9999766038089","0.9999766038089","0.9999766038089","4557","4557","4557","","","","","","","0.9999493082526165","0.9999493082526165","0.9999493082526165","13937","13937","13937","","","","","","","","","","","","","","","","","","","","","","","","","","","","","","","","","","","","","","","","","","","","","","","","","0.9998752203141328","0.9998752203141328","0.9998752203141328","4557","4557","4557","","","","","","","","","","","","","","","","","","","","","","","","","","","","","","","","","","","","","","","","","",""
"268","","","","","","","","","","","","","","","","","","","","","","","","","","","","","","","","","","","","","","","","","","","","","","","","","","","","","","","0.99998830190445","0.99998830190445","0.99998830190445","4574","4574","4574","","","","","","","0.9999727044437166","0.9999727044437166","0.9999727044437166","13989","13989","13989","","","","","","","","","","","","","","","","","","","","","","","","","","","","","","","","","","","","","","","","","","","","","","","","","0.9997075476112489","0.9997075476112489","0.9997075476112489","4574","4574","4574","","","","","","","","","","","","","","","","","","","","","","","","","","","","","","","","","","","","","","","","","",""
"269","","","","","","","","","","","","","","","","","","","","","","","","","","","","","","","","","","","","","","","","","","","","","","","","","","","","","","","0.9999376101570665","0.9999376101570665","0.9999376101570665","4591","4591","4591","","","","","","","0.9999415095222498","0.9999415095222498","0.9999415095222498","14041","14041","14041","","","","","","","","","","","","","","","","","","","","","","","","","","","","","","","","","","","","","","","","","","","","","","","","","0.9998596228533995","0.9998596228533995","0.9998596228533995","4591","4591","4591","","","","","","","","","","","","","","","","","","","","","","","","","","","","","","","","","","","","","","","","","",""
"270","","","","","","","","","","","","","","","","","","","","","","","","","","","","","","","","","","","","","","","","","","","","","","","","","","","","","","","0.9997738368193658","0.9997738368193658","0.9997738368193658","4608","4608","4608","","","","","","","0.9996139628468484","0.9996139628468484","0.9996139628468484","14093","14093","14093","","","","","","","","","","","","","","","","","","","","","","","","","","","","","","","","","","","","","","","","","","","","","","","","","0.9997348431675324","0.9997348431675324","0.9997348431675324","4608","4608","4608","","","","","","","","","","","","","","","","","","","","","","","","","","","","","","","","","","","","","","","","","",""
"271","","","","","","","","","","","","","","","","","","","","","","","","","","","","","","","","","","","","","","","","","","","","","","","","","","","","","","","0.9999532076177998","0.9999532076177998","0.9999532076177998","4625","4625","4625","","","","","","","0.999922012696333","0.999922012696333","0.999922012696333","14145","14145","14145","","","","","","","","","","","","","","","","","","","","","","","","","","","","","","","","","","","","","","","","","","","","","","","","","0.999820629201566","0.999820629201566","0.999820629201566","4625","4625","4625","","","","","","","","","","","","","","","","","","","","","","","","","","","","","","","","","","","","","","","","","",""
"272","","","","","","","","","","","","","","","","","","","","","","","","","","","","","","","","","","","","","","","","","","","","","","","","","","","","","","","1","1","1","4642","4642","4642","","","","","","","0.9997777361845492","0.9997777361845492","0.9997777361845492","14197","14197","14197","","","","","","","","","","","","","","","","","","","","","","","","","","","","","","","","","","","","","","","","","","","","","","","","","0.9997660380889991","0.9997660380889991","0.9997660380889991","4642","4642","4642","","","","","","","","","","","","","","","","","","","","","","","","","","","","","","","","","","","","","","","","","",""
"273","","","","","","","","","","","","","","","","","","","","","","","","","","","","","","","","","","","","","","","","","","","","","","","","","","","","","","","0.9998674215837662","0.9998674215837662","0.9998674215837662","4659","4659","4659","","","","","","","1","1","1","14249","14249","14249","","","","","","","","","","","","","","","","","","","","","","","","","","","","","","","","","","","","","","","","","","","","","","","","","0.9998791196793162","0.9998791196793162","0.9998791196793162","4659","4659","4659","","","","","","","","","","","","","","","","","","","","","","","","","","","","","","","","","","","","","","","","","",""
"274","","","","","","","","","","","","","","","","","","","","","","","","","","","","","","","","","","","","","","","","","","","","","","","","","","","","","","","0.9996139628468486","0.9996139628468486","0.9996139628468486","4676","4676","4676","","","","","","","1","1","1","14301","14301","14301","","","","","","","","","","","","","","","","","","","","","","","","","","","","","","","","","","","","","","","","","","","","","","","","","0.9996880507853321","0.9996880507853321","0.9996880507853321","4676","4676","4676","","","","","","","","","","","","","","","","","","","","","","","","","","","","","","","","","","","","","","","","","",""
"275","","","","","","","","","","","","","","","","","","","","","","","","","","","","","","","","","","","","","","","","","","","","","","","","","","","","","","","0.9999922012696334","0.9999922012696334","0.9999922012696334","4693","4693","4693","","","","","","","0.9999688050785331","0.9999688050785331","0.9999688050785331","14353","14353","14353","","","","","","","","","","","","","","","","","","","","","","","","","","","","","","","","","","","","","","","","","","","","","","","","","0.9997387425327157","0.9997387425327157","0.9997387425327157","4693","4693","4693","","","","","","","","","","","","","","","","","","","","","","","","","","","","","","","","","","","","","","","","","",""
"276","","","","","","","","","","","","","","","","","","","","","","","","","","","","","","","","","","","","","","","","","","","","","","","","","","","","","","","0.9999922012696334","0.9999922012696334","0.9999922012696334","4710","4710","4710","","","","","","","0.998857486001279","0.998857486001279","0.998857486001279","14405","14405","14405","","","","","","","","","","","","","","","","","","","","","","","","","","","","","","","","","","","","","","","","","","","","","","","","","0.9997309438023491","0.9997309438023491","0.9997309438023491","4710","4710","4710","","","","","","","","","","","","","","","","","","","","","","","","","","","","","","","","","","","","","","","","","",""
"277","","","","","","","","","","","","","","","","","","","","","","","","","","","","","","","","","","","","","","","","","","","","","","","","","","","","","","","0.9999727044437166","0.9999727044437166","0.9999727044437166","4727","4727","4727","","","","","","","1","1","1","14457","14457","14457","","","","","","","","","","","","","","","","","","","","","","","","","","","","","","","","","","","","","","","","","","","","","","","","","0.9997816355497325","0.9997816355497325","0.9997816355497325","4727","4727","4727","","","","","","","","","","","","","","","","","","","","","","","","","","","","","","","","","","","","","","","","","",""
"278","","","","","","","","","","","","","","","","","","","","","","","","","","","","","","","","","","","","","","","","","","","","","","","","","","","","","","","0.9999922012696333","0.9999922012696333","0.9999922012696333","4744","4744","4744","","","","","","","0.9999142139659664","0.9999142139659664","0.9999142139659664","14509","14509","14509","","","","","","","","","","","","","","","","","","","","","","","","","","","","","","","","","","","","","","","","","","","","","","","","","0.9997192457067989","0.9997192457067989","0.9997192457067989","4744","4744","4744","","","","","","","","","","","","","","","","","","","","","","","","","","","","","","","","","","","","","","","","","",""
"279","","","","","","","","","","","","","","","","","","","","","","","","","","","","","","","","","","","","","","","","","","","","","","","","","","","","","","","0.9999766038089","0.9999766038089","0.9999766038089","4761","4761","4761","","","","","","","0.99998830190445","0.99998830190445","0.99998830190445","14561","14561","14561","","","","","","","","","","","","","","","","","","","","","","","","","","","","","","","","","","","","","","","","","","","","","","","","","0.999586667290565","0.999586667290565","0.999586667290565","4761","4761","4761","","","","","","","","","","","","","","","","","","","","","","","","","","","","","","","","","","","","","","","","","",""
"280","","","","","","","","","","","","","","","","","","","","","","","","","","","","","","","","","","","","","","","","","","","","","","","","","","","","","","","0.9997816355497325","0.9997816355497325","0.9997816355497325","4778","4778","4778","","","","","","","0.9999493082526164","0.9999493082526164","0.9999493082526164","14613","14613","14613","","","","","","","","","","","","","","","","","","","","","","","","","","","","","","","","","","","","","","","","","","","","","","","","","0.9996841514201489","0.9996841514201489","0.9996841514201489","4778","4778","4778","","","","","","","","","","","","","","","","","","","","","","","","","","","","","","","","","","","","","","","","","",""
"281","","","","","","","","","","","","","","","","","","","","","","","","","","","","","","","","","","","","","","","","","","","","","","","","","","","","","","","0.9999961006348166","0.9999961006348166","0.9999961006348166","4795","4795","4795","","","","","","","0.9997426418978991","0.9997426418978991","0.9997426418978991","14665","14665","14665","","","","","","","","","","","","","","","","","","","","","","","","","","","","","","","","","","","","","","","","","","","","","","","","","0.9996841514201488","0.9996841514201488","0.9996841514201488","4795","4795","4795","","","","","","","","","","","","","","","","","","","","","","","","","","","","","","","","","","","","","","","","","",""
"282","","","","","","","","","","","","","","","","","","","","","","","","","","","","","","","","","","","","","","","","","","","","","","","","","","","","","","","0.9999922012696333","0.9999922012696333","0.9999922012696333","4812","4812","4812","","","","","","","0.9998986165052329","0.9998986165052329","0.9998986165052329","14717","14717","14717","","","","","","","","","","","","","","","","","","","","","","","","","","","","","","","","","","","","","","","","","","","","","","","","","0.9997933336452826","0.9997933336452826","0.9997933336452826","4812","4812","4812","","","","","","","","","","","","","","","","","","","","","","","","","","","","","","","","","","","","","","","","","",""
"283","","","","","","","","","","","","","","","","","","","","","","","","","","","","","","","","","","","","","","","","","","","","","","","","","","","","","","","0.9999337107918831","0.9999337107918831","0.9999337107918831","4829","4829","4829","","","","","","","0.9999415095222497","0.9999415095222497","0.9999415095222497","14769","14769","14769","","","","","","","","","","","","","","","","","","","","","","","","","","","","","","","","","","","","","","","","","","","","","","","","","0.9996061641164818","0.9996061641164818","0.9996061641164818","4829","4829","4829","","","","","","","","","","","","","","","","","","","","","","","","","","","","","","","","","","","","","","","","","",""
"284","","","","","","","","","","","","","","","","","","","","","","","","","","","","","","","","","","","","","","","","","","","","","","","","","","","","","","","1","1","1","4846","4846","4846","","","","","","","0.9999805031740833","0.9999805031740833","0.9999805031740833","14821","14821","14821","","","","","","","","","","","","","","","","","","","","","","","","","","","","","","","","","","","","","","","","","","","","","","","","","0.9997387425327157","0.9997387425327157","0.9997387425327157","4846","4846","4846","","","","","","","","","","","","","","","","","","","","","","","","","","","","","","","","","","","","","","","","","",""
"285","","","","","","","","","","","","","","","","","","","","","","","","","","","","","","","","","","","","","","","","","","","","","","","","","","","","","","","0.99998830190445","0.99998830190445","0.99998830190445","4863","4863","4863","","","","","","","0.9999493082526164","0.9999493082526164","0.9999493082526164","14873","14873","14873","","","","","","","","","","","","","","","","","","","","","","","","","","","","","","","","","","","","","","","","","","","","","","","","","0.9995320761779982","0.9995320761779982","0.9995320761779982","4863","4863","4863","","","","","","","","","","","","","","","","","","","","","","","","","","","","","","","","","","","","","","","","","",""
"286","","","","","","","","","","","","","","","","","","","","","","","","","","","","","","","","","","","","","","","","","","","","","","","","","","","","","","","0.99996490571335","0.99996490571335","0.99996490571335","4880","4880","4880","","","","","","","0.9998869184096829","0.9998869184096829","0.9998869184096829","14925","14925","14925","","","","","","","","","","","","","","","","","","","","","","","","","","","","","","","","","","","","","","","","","","","","","","","","","0.9997738368193658","0.9997738368193658","0.9997738368193658","4880","4880","4880","","","","","","","","","","","","","","","","","","","","","","","","","","","","","","","","","","","","","","","","","",""
"287","","","","","","","","","","","","","","","","","","","","","","","","","","","","","","","","","","","","","","","","","","","","","","","","","","","","","","","0.9995788685601984","0.9995788685601984","0.9995788685601984","4897","4897","4897","","","","","","","0.9998245285667494","0.9998245285667494","0.9998245285667494","14977","14977","14977","","","","","","","","","","","","","","","","","","","","","","","","","","","","","","","","","","","","","","","","","","","","","","","","","0.9998128304711993","0.9998128304711993","0.9998128304711993","4897","4897","4897","","","","","","","","","","","","","","","","","","","","","","","","","","","","","","","","","","","","","","","","","",""
"288","","","","","","","","","","","","","","","","","","","","","","","","","","","","","","","","","","","","","","","","","","","","","","","","","","","","","","","0.9999376101570664","0.9999376101570664","0.9999376101570664","4914","4914","4914","","","","","","","1","1","1","15029","15029","15029","","","","","","","","","","","","","","","","","","","","","","","","","","","","","","","","","","","","","","","","","","","","","","","","","0.9997465412630824","0.9997465412630824","0.9997465412630824","4914","4914","4914","","","","","","","","","","","","","","","","","","","","","","","","","","","","","","","","","","","","","","","","","",""
"289","","","","","","","","","","","","","","","","","","","","","","","","","","","","","","","","","","","","","","","","","","","","","","","","","","","","","","","0.9997738368193658","0.9997738368193658","0.9997738368193658","4931","4931","4931","","","","","","","0.99996490571335","0.99996490571335","0.99996490571335","15081","15081","15081","","","","","","","","","","","","","","","","","","","","","","","","","","","","","","","","","","","","","","","","","","","","","","","","","0.9997114469764322","0.9997114469764322","0.9997114469764322","4931","4931","4931","","","","","","","","","","","","","","","","","","","","","","","","","","","","","","","","","","","","","","","","","",""
"290","","","","","","","","","","","","","","","","","","","","","","","","","","","","","","","","","","","","","","","","","","","","","","","","","","","","","","","0.9998479247578493","0.9998479247578493","0.9998479247578493","4948","4948","4948","","","","","","","0.9999844025392666","0.9999844025392666","0.9999844025392666","15133","15133","15133","","","","","","","","","","","","","","","","","","","","","","","","","","","","","","","","","","","","","","","","","","","","","","","","","0.9998401260274826","0.9998401260274826","0.9998401260274826","4948","4948","4948","","","","","","","","","","","","","","","","","","","","","","","","","","","","","","","","","","","","","","","","","",""
"291","","","","","","","","","","","","","","","","","","","","","","","","","","","","","","","","","","","","","","","","","","","","","","","","","","","","","","","0.9999922012696334","0.9999922012696334","0.9999922012696334","4965","4965","4965","","","","","","","0.9999064152355996","0.9999064152355996","0.9999064152355996","15185","15185","15185","","","","","","","","","","","","","","","","","","","","","","","","","","","","","","","","","","","","","","","","","","","","","","","","","0.9998713209489495","0.9998713209489495","0.9998713209489495","4965","4965","4965","","","","","","","","","","","","","","","","","","","","","","","","","","","","","","","","","","","","","","","","","",""
"292","","","","","","","","","","","","","","","","","","","","","","","","","","","","","","","","","","","","","","","","","","","","","","","","","","","","","","","0.9999727044437166","0.9999727044437166","0.9999727044437166","4982","4982","4982","","","","","","","0.9999883019044499","0.9999883019044499","0.9999883019044499","15237","15237","15237","","","","","","","","","","","","","","","","","","","","","","","","","","","","","","","","","","","","","","","","","","","","","","","","","0.9998050317408326","0.9998050317408326","0.9998050317408326","4982","4982","4982","","","","","","","","","","","","","","","","","","","","","","","","","","","","","","","","","","","","","","","","","",""
"293","","","","","","","","","","","","","","","","","","","","","","","","","","","","","","","","","","","","","","","","","","","","","","","","","","","","","","","0.9999025158704162","0.9999025158704162","0.9999025158704162","4999","4999","4999","","","","","","","0.9996802520549654","0.9996802520549654","0.9996802520549654","15289","15289","15289","","","","","","","","","","","","","","","","","","","","","","","","","","","","","","","","","","","","","","","","","","","","","","","","","0.9997894342800993","0.9997894342800993","0.9997894342800993","4999","4999","4999","","","","","","","","","","","","","","","","","","","","","","","","","","","","","","","","","","","","","","","","","",""
"294","","","","","","","","","","","","","","","","","","","","","","","","","","","","","","","","","","","","","","","","","","","","","","","","","","","","","","","0.9999766038089","0.9999766038089","0.9999766038089","5016","5016","5016","","","","","","","1","1","1","15341","15341","15341","","","","","","","","","","","","","","","","","","","","","","","","","","","","","","","","","","","","","","","","","","","","","","","","","0.9998713209489495","0.9998713209489495","0.9998713209489495","5016","5016","5016","","","","","","","","","","","","","","","","","","","","","","","","","","","","","","","","","","","","","","","","","",""
"295","","","","","","","","","","","","","","","","","","","","","","","","","","","","","","","","","","","","","","","","","","","","","","","","","","","","","","","0.9998674215837662","0.9998674215837662","0.9998674215837662","5033","5033","5033","","","","","","","0.9997153463416155","0.9997153463416155","0.9997153463416155","15393","15393","15393","","","","","","","","","","","","","","","","","","","","","","","","","","","","","","","","","","","","","","","","","","","","","","","","","0.9996373590379487","0.9996373590379487","0.9996373590379487","5033","5033","5033","","","","","","","","","","","","","","","","","","","","","","","","","","","","","","","","","","","","","","","","","",""
"296","","","","","","","","","","","","","","","","","","","","","","","","","","","","","","","","","","","","","","","","","","","","","","","","","","","","","","","0.9999493082526165","0.9999493082526165","0.9999493082526165","5050","5050","5050","","","","","","","0.999922012696333","0.999922012696333","0.999922012696333","15445","15445","15445","","","","","","","","","","","","","","","","","","","","","","","","","","","","","","","","","","","","","","","","","","","","","","","","","0.9997738368193658","0.9997738368193658","0.9997738368193658","5050","5050","5050","","","","","","","","","","","","","","","","","","","","","","","","","","","","","","","","","","","","","","","","","",""
"297","","","","","","","","","","","","","","","","","","","","","","","","","","","","","","","","","","","","","","","","","","","","","","","","","","","","","","","0.9999298114266998","0.9999298114266998","0.9999298114266998","5067","5067","5067","","","","","","","1","1","1","15497","15497","15497","","","","","","","","","","","","","","","","","","","","","","","","","","","","","","","","","","","","","","","","","","","","","","","","","0.9998206292015659","0.9998206292015659","0.9998206292015659","5067","5067","5067","","","","","","","","","","","","","","","","","","","","","","","","","","","","","","","","","","","","","","","","","",""
"298","","","","","","","","","","","","","","","","","","","","","","","","","","","","","","","","","","","","","","","","","","","","","","","","","","","","","","","0.9999922012696333","0.9999922012696333","0.9999922012696333","5084","5084","5084","","","","","","","0.9999337107918831","0.9999337107918831","0.9999337107918831","15549","15549","15549","","","","","","","","","","","","","","","","","","","","","","","","","","","","","","","","","","","","","","","","","","","","","","","","","0.9991382402944801","0.9991382402944801","0.9991382402944801","5084","5084","5084","","","","","","","","","","","","","","","","","","","","","","","","","","","","","","","","","","","","","","","","","",""
"299","","","","","","","","","","","","","","","","","","","","","","","","","","","","","","","","","","","","","","","","","","","","","","","","","","","","","","","1","1","1","5101","5101","5101","","","","","","","1","1","1","15601","15601","15601","","","","","","","","","","","","","","","","","","","","","","","","","","","","","","","","","","","","","","","","","","","","","","","","","0.9996178622120319","0.9996178622120319","0.9996178622120319","5101","5101","5101","","","","","","","","","","","","","","","","","","","","","","","","","","","","","","","","","","","","","","","","","",""