"train/epoch/step","stg_nf_interaction_2026_04_29_14_02_10 - train/epoch/ap","stg_nf_interaction_2026_04_29_14_02_10 - train/epoch/ap__MIN","stg_nf_interaction_2026_04_29_14_02_10 - train/epoch/ap__MAX","stg_nf_interaction_2026_04_29_14_02_10 - _step","stg_nf_interaction_2026_04_29_14_02_10 - _step__MIN","stg_nf_interaction_2026_04_29_14_02_10 - _step__MAX","stg_nf_interaction_2026_04_29_11_08_02 - train/epoch/ap","stg_nf_interaction_2026_04_29_11_08_02 - train/epoch/ap__MIN","stg_nf_interaction_2026_04_29_11_08_02 - train/epoch/ap__MAX","stg_nf_interaction_2026_04_29_11_08_02 - _step","stg_nf_interaction_2026_04_29_11_08_02 - _step__MIN","stg_nf_interaction_2026_04_29_11_08_02 - _step__MAX","stg_nf_interaction_2026_04_29_16_04_13 - train/epoch/ap","stg_nf_interaction_2026_04_29_16_04_13 - train/epoch/ap__MIN","stg_nf_interaction_2026_04_29_16_04_13 - train/epoch/ap__MAX","stg_nf_interaction_2026_04_29_16_04_13 - _step","stg_nf_interaction_2026_04_29_16_04_13 - _step__MIN","stg_nf_interaction_2026_04_29_16_04_13 - _step__MAX","stg_nf_interaction_2026_04_29_14_57_03 - train/epoch/ap","stg_nf_interaction_2026_04_29_14_57_03 - train/epoch/ap__MIN","stg_nf_interaction_2026_04_29_14_57_03 - train/epoch/ap__MAX","stg_nf_interaction_2026_04_29_14_57_03 - _step","stg_nf_interaction_2026_04_29_14_57_03 - _step__MIN","stg_nf_interaction_2026_04_29_14_57_03 - _step__MAX","stgcn_interaction_2026_04_29_15_18_32 - train/epoch/ap","stgcn_interaction_2026_04_29_15_18_32 - train/epoch/ap__MIN","stgcn_interaction_2026_04_29_15_18_32 - train/epoch/ap__MAX","stgcn_interaction_2026_04_29_15_18_32 - _step","stgcn_interaction_2026_04_29_15_18_32 - _step__MIN","stgcn_interaction_2026_04_29_15_18_32 - _step__MAX","stgcn_interaction_2026_04_29_16_19_53 - train/epoch/ap","stgcn_interaction_2026_04_29_16_19_53 - train/epoch/ap__MIN","stgcn_interaction_2026_04_29_16_19_53 - train/epoch/ap__MAX","stgcn_interaction_2026_04_29_16_19_53 - _step","stgcn_interaction_2026_04_29_16_19_53 - _step__MIN","stgcn_interaction_2026_04_29_16_19_53 - _step__MAX","stgcn_interaction_2026_04_29_14_25_31 - train/epoch/ap","stgcn_interaction_2026_04_29_14_25_31 - train/epoch/ap__MIN","stgcn_interaction_2026_04_29_14_25_31 - train/epoch/ap__MAX","stgcn_interaction_2026_04_29_14_25_31 - _step","stgcn_interaction_2026_04_29_14_25_31 - _step__MIN","stgcn_interaction_2026_04_29_14_25_31 - _step__MAX","stgcn_interaction_2026_04_29_11_20_33 - train/epoch/ap","stgcn_interaction_2026_04_29_11_20_33 - train/epoch/ap__MIN","stgcn_interaction_2026_04_29_11_20_33 - train/epoch/ap__MAX","stgcn_interaction_2026_04_29_11_20_33 - _step","stgcn_interaction_2026_04_29_11_20_33 - _step__MIN","stgcn_interaction_2026_04_29_11_20_33 - _step__MAX","skateformer_interaction_2026_04_29_11_57_08 - train/epoch/ap","skateformer_interaction_2026_04_29_11_57_08 - train/epoch/ap__MIN","skateformer_interaction_2026_04_29_11_57_08 - train/epoch/ap__MAX","skateformer_interaction_2026_04_29_11_57_08 - _step","skateformer_interaction_2026_04_29_11_57_08 - _step__MIN","skateformer_interaction_2026_04_29_11_57_08 - _step__MAX","skateformer_interaction_2026_04_29_10_42_43 - train/epoch/ap","skateformer_interaction_2026_04_29_10_42_43 - train/epoch/ap__MIN","skateformer_interaction_2026_04_29_10_42_43 - train/epoch/ap__MAX","skateformer_interaction_2026_04_29_10_42_43 - _step","skateformer_interaction_2026_04_29_10_42_43 - _step__MIN","skateformer_interaction_2026_04_29_10_42_43 - _step__MAX","skateformer_interaction_2026_04_29_14_34_34 - train/epoch/ap","skateformer_interaction_2026_04_29_14_34_34 - train/epoch/ap__MIN","skateformer_interaction_2026_04_29_14_34_34 - train/epoch/ap__MAX","skateformer_interaction_2026_04_29_14_34_34 - _step","skateformer_interaction_2026_04_29_14_34_34 - _step__MIN","skateformer_interaction_2026_04_29_14_34_34 - _step__MAX","skateformer_interaction_2026_04_29_15_31_37 - train/epoch/ap","skateformer_interaction_2026_04_29_15_31_37 - train/epoch/ap__MIN","skateformer_interaction_2026_04_29_15_31_37 - train/epoch/ap__MAX","skateformer_interaction_2026_04_29_15_31_37 - _step","skateformer_interaction_2026_04_29_15_31_37 - _step__MIN","skateformer_interaction_2026_04_29_15_31_37 - _step__MAX","mlp_interaction_2026_04_29_11_55_00 - train/epoch/ap","mlp_interaction_2026_04_29_11_55_00 - train/epoch/ap__MIN","mlp_interaction_2026_04_29_11_55_00 - train/epoch/ap__MAX","mlp_interaction_2026_04_29_11_55_00 - _step","mlp_interaction_2026_04_29_11_55_00 - _step__MIN","mlp_interaction_2026_04_29_11_55_00 - _step__MAX","mlp_interaction_2026_04_29_10_39_35 - train/epoch/ap","mlp_interaction_2026_04_29_10_39_35 - train/epoch/ap__MIN","mlp_interaction_2026_04_29_10_39_35 - train/epoch/ap__MAX","mlp_interaction_2026_04_29_10_39_35 - _step","mlp_interaction_2026_04_29_10_39_35 - _step__MIN","mlp_interaction_2026_04_29_10_39_35 - _step__MAX","mlp_interaction_2026_04_29_14_32_56 - train/epoch/ap","mlp_interaction_2026_04_29_14_32_56 - train/epoch/ap__MIN","mlp_interaction_2026_04_29_14_32_56 - train/epoch/ap__MAX","mlp_interaction_2026_04_29_14_32_56 - _step","mlp_interaction_2026_04_29_14_32_56 - _step__MIN","mlp_interaction_2026_04_29_14_32_56 - _step__MAX","mlp_interaction_2026_04_29_15_27_27 - train/epoch/ap","mlp_interaction_2026_04_29_15_27_27 - train/epoch/ap__MIN","mlp_interaction_2026_04_29_15_27_27 - train/epoch/ap__MAX","mlp_interaction_2026_04_29_15_27_27 - _step","mlp_interaction_2026_04_29_15_27_27 - _step__MIN","mlp_interaction_2026_04_29_15_27_27 - _step__MAX","mb_from_pretrained_finetune_interaction_2026_05_06_12_09_43 - train/epoch/ap","mb_from_pretrained_finetune_interaction_2026_05_06_12_09_43 - train/epoch/ap__MIN","mb_from_pretrained_finetune_interaction_2026_05_06_12_09_43 - train/epoch/ap__MAX","mb_from_pretrained_finetune_interaction_2026_05_06_12_09_43 - _step","mb_from_pretrained_finetune_interaction_2026_05_06_12_09_43 - _step__MIN","mb_from_pretrained_finetune_interaction_2026_05_06_12_09_43 - _step__MAX","mb_from_pretrained_finetune_interaction_2026_05_06_10_04_26 - train/epoch/ap","mb_from_pretrained_finetune_interaction_2026_05_06_10_04_26 - train/epoch/ap__MIN","mb_from_pretrained_finetune_interaction_2026_05_06_10_04_26 - train/epoch/ap__MAX","mb_from_pretrained_finetune_interaction_2026_05_06_10_04_26 - _step","mb_from_pretrained_finetune_interaction_2026_05_06_10_04_26 - _step__MIN","mb_from_pretrained_finetune_interaction_2026_05_06_10_04_26 - _step__MAX","mb_from_pretrained_finetune_interaction_2026_05_06_12_42_40 - train/epoch/ap","mb_from_pretrained_finetune_interaction_2026_05_06_12_42_40 - train/epoch/ap__MIN","mb_from_pretrained_finetune_interaction_2026_05_06_12_42_40 - train/epoch/ap__MAX","mb_from_pretrained_finetune_interaction_2026_05_06_12_42_40 - _step","mb_from_pretrained_finetune_interaction_2026_05_06_12_42_40 - _step__MIN","mb_from_pretrained_finetune_interaction_2026_05_06_12_42_40 - _step__MAX","mb_from_pretrained_finetune_interaction_2026_05_06_11_12_48 - train/epoch/ap","mb_from_pretrained_finetune_interaction_2026_05_06_11_12_48 - train/epoch/ap__MIN","mb_from_pretrained_finetune_interaction_2026_05_06_11_12_48 - train/epoch/ap__MAX","mb_from_pretrained_finetune_interaction_2026_05_06_11_12_48 - _step","mb_from_pretrained_finetune_interaction_2026_05_06_11_12_48 - _step__MIN","mb_from_pretrained_finetune_interaction_2026_05_06_11_12_48 - _step__MAX","mb_from_pretrained_interaction_2026_05_06_10_20_18 - train/epoch/ap","mb_from_pretrained_interaction_2026_05_06_10_20_18 - train/epoch/ap__MIN","mb_from_pretrained_interaction_2026_05_06_10_20_18 - train/epoch/ap__MAX","mb_from_pretrained_interaction_2026_05_06_10_20_18 - _step","mb_from_pretrained_interaction_2026_05_06_10_20_18 - _step__MIN","mb_from_pretrained_interaction_2026_05_06_10_20_18 - _step__MAX","mb_from_pretrained_interaction_2026_05_06_12_54_10 - train/epoch/ap","mb_from_pretrained_interaction_2026_05_06_12_54_10 - train/epoch/ap__MIN","mb_from_pretrained_interaction_2026_05_06_12_54_10 - train/epoch/ap__MAX","mb_from_pretrained_interaction_2026_05_06_12_54_10 - _step","mb_from_pretrained_interaction_2026_05_06_12_54_10 - _step__MIN","mb_from_pretrained_interaction_2026_05_06_12_54_10 - _step__MAX","mb_from_pretrained_interaction_2026_05_06_11_23_06 - train/epoch/ap","mb_from_pretrained_interaction_2026_05_06_11_23_06 - train/epoch/ap__MIN","mb_from_pretrained_interaction_2026_05_06_11_23_06 - train/epoch/ap__MAX","mb_from_pretrained_interaction_2026_05_06_11_23_06 - _step","mb_from_pretrained_interaction_2026_05_06_11_23_06 - _step__MIN","mb_from_pretrained_interaction_2026_05_06_11_23_06 - _step__MAX","mb_from_pretrained_interaction_2026_05_06_12_15_31 - train/epoch/ap","mb_from_pretrained_interaction_2026_05_06_12_15_31 - train/epoch/ap__MIN","mb_from_pretrained_interaction_2026_05_06_12_15_31 - train/epoch/ap__MAX","mb_from_pretrained_interaction_2026_05_06_12_15_31 - _step","mb_from_pretrained_interaction_2026_05_06_12_15_31 - _step__MIN","mb_from_pretrained_interaction_2026_05_06_12_15_31 - _step__MAX","lstm_interaction_2026_04_29_10_36_34 - train/epoch/ap","lstm_interaction_2026_04_29_10_36_34 - train/epoch/ap__MIN","lstm_interaction_2026_04_29_10_36_34 - train/epoch/ap__MAX","lstm_interaction_2026_04_29_10_36_34 - _step","lstm_interaction_2026_04_29_10_36_34 - _step__MIN","lstm_interaction_2026_04_29_10_36_34 - _step__MAX","lstm_interaction_2026_04_29_14_31_12 - train/epoch/ap","lstm_interaction_2026_04_29_14_31_12 - train/epoch/ap__MIN","lstm_interaction_2026_04_29_14_31_12 - train/epoch/ap__MAX","lstm_interaction_2026_04_29_14_31_12 - _step","lstm_interaction_2026_04_29_14_31_12 - _step__MIN","lstm_interaction_2026_04_29_14_31_12 - _step__MAX","lstm_interaction_2026_04_29_15_23_13 - train/epoch/ap","lstm_interaction_2026_04_29_15_23_13 - train/epoch/ap__MIN","lstm_interaction_2026_04_29_15_23_13 - train/epoch/ap__MAX","lstm_interaction_2026_04_29_15_23_13 - _step","lstm_interaction_2026_04_29_15_23_13 - _step__MIN","lstm_interaction_2026_04_29_15_23_13 - _step__MAX","lstm_interaction_2026_04_29_11_52_51 - train/epoch/ap","lstm_interaction_2026_04_29_11_52_51 - train/epoch/ap__MIN","lstm_interaction_2026_04_29_11_52_51 - train/epoch/ap__MAX","lstm_interaction_2026_04_29_11_52_51 - _step","lstm_interaction_2026_04_29_11_52_51 - _step__MIN","lstm_interaction_2026_04_29_11_52_51 - _step__MAX"
"0","0.022107392106900388","0.022107392106900388","0.022107392106900388","89","89","89","0.3471139460977103","0.3471139460977103","0.3471139460977103","18","18","18","0.30576409670914106","0.30576409670914106","0.30576409670914106","53","53","53","0.026181189213174562","0.026181189213174562","0.026181189213174562","54","54","54","0.08989138737826012","0.08989138737826012","0.08989138737826012","54","54","54","0.45224648007158974","0.45224648007158974","0.45224648007158974","53","53","53","0.08452298657069601","0.08452298657069601","0.08452298657069601","89","89","89","0.4549341157266163","0.4549341157266163","0.4549341157266163","18","18","18","0.02482541127023629","0.02482541127023629","0.02482541127023629","89","89","89","0.21245456576181385","0.21245456576181385","0.21245456576181385","18","18","18","0.03339962780167462","0.03339962780167462","0.03339962780167462","54","54","54","0.18898209757287432","0.18898209757287432","0.18898209757287432","53","53","53","0.1177136524180866","0.1177136524180866","0.1177136524180866","89","89","89","0.4750660658038016","0.4750660658038016","0.4750660658038016","18","18","18","0.1177136524180866","0.1177136524180866","0.1177136524180866","54","54","54","0.4750660658038016","0.4750660658038016","0.4750660658038016","53","53","53","0.6400424685051994","0.6400424685051994","0.6400424685051994","102","102","102","0.6398901690710858","0.6398901690710858","0.6398901690710858","32","32","32","0.10624518298540331","0.10624518298540331","0.10624518298540331","105","105","105","0.10502952867616892","0.10502952867616892","0.10502952867616892","175","175","175","0.5800493144390289","0.5800493144390289","0.5800493144390289","18","18","18","0.08398132866593486","0.08398132866593486","0.08398132866593486","54","54","54","0.10433549488439461","0.10433549488439461","0.10433549488439461","89","89","89","0.5690132935564025","0.5690132935564025","0.5690132935564025","53","53","53","0.43034455644726277","0.43034455644726277","0.43034455644726277","18","18","18","0.048813391839254046","0.048813391839254046","0.048813391839254046","54","54","54","0.4303429157266496","0.4303429157266496","0.4303429157266496","53","53","53","0.048813604456213786","0.048813604456213786","0.048813604456213786","89","89","89"
"1","0.029571490824991636","0.029571490824991636","0.029571490824991636","177","177","177","0.32142628517748173","0.32142628517748173","0.32142628517748173","35","35","35","0.32534110528538257","0.32534110528538257","0.32534110528538257","105","105","105","0.04648362042828094","0.04648362042828094","0.04648362042828094","107","107","107","0.1644969758209363","0.1644969758209363","0.1644969758209363","107","107","107","0.6157207784014807","0.6157207784014807","0.6157207784014807","105","105","105","0.17070823897072382","0.17070823897072382","0.17070823897072382","177","177","177","0.617051126352715","0.617051126352715","0.617051126352715","35","35","35","0.023720643907050403","0.023720643907050403","0.023720643907050403","177","177","177","0.21670933843044887","0.21670933843044887","0.21670933843044887","35","35","35","0.020690433420020294","0.020690433420020294","0.020690433420020294","107","107","107","0.1893462308787264","0.1893462308787264","0.1893462308787264","105","105","105","0.17802067568181898","0.17802067568181898","0.17802067568181898","177","177","177","0.6240315186608649","0.6240315186608649","0.6240315186608649","35","35","35","0.17802067568181895","0.17802067568181895","0.17802067568181895","107","107","107","0.6240315186608649","0.6240315186608649","0.6240315186608649","105","105","105","0.8144562969629141","0.8144562969629141","0.8144562969629141","203","203","203","0.81601580780616","0.81601580780616","0.81601580780616","63","63","63","0.16256174598070694","0.16256174598070694","0.16256174598070694","209","209","209","0.16188737622976485","0.16188737622976485","0.16188737622976485","349","349","349","0.687148754592231","0.687148754592231","0.687148754592231","35","35","35","0.18180381194056913","0.18180381194056913","0.18180381194056913","107","107","107","0.1958420474020431","0.1958420474020431","0.1958420474020431","177","177","177","0.6419784389776882","0.6419784389776882","0.6419784389776882","105","105","105","0.44666707134723505","0.44666707134723505","0.44666707134723505","35","35","35","0.10980523440833083","0.10980523440833083","0.10980523440833083","107","107","107","0.44665717526885557","0.44665717526885557","0.44665717526885557","105","105","105","0.10992817801416488","0.10992817801416488","0.10992817801416488","177","177","177"
"2","0.09799672168617429","0.09799672168617429","0.09799672168617429","265","265","265","0.3327647231907106","0.3327647231907106","0.3327647231907106","52","52","52","0.4406879172952362","0.4406879172952362","0.4406879172952362","157","157","157","0.06663382998548323","0.06663382998548323","0.06663382998548323","160","160","160","0.15528099569958506","0.15528099569958506","0.15528099569958506","160","160","160","0.6105017753710525","0.6105017753710525","0.6105017753710525","157","157","157","0.1489829797643186","0.1489829797643186","0.1489829797643186","265","265","265","0.6099360058944154","0.6099360058944154","0.6099360058944154","52","52","52","0.034830733302010905","0.034830733302010905","0.034830733302010905","265","265","265","0.34721973367020587","0.34721973367020587","0.34721973367020587","52","52","52","0.022846862609356484","0.022846862609356484","0.022846862609356484","160","160","160","0.3296977176874606","0.3296977176874606","0.3296977176874606","157","157","157","0.18801040101846744","0.18801040101846744","0.18801040101846744","265","265","265","0.6364723795015742","0.6364723795015742","0.6364723795015742","52","52","52","0.1880104010184674","0.1880104010184674","0.1880104010184674","160","160","160","0.6364723795015742","0.6364723795015742","0.6364723795015742","157","157","157","0.8480663723981634","0.8480663723981634","0.8480663723981634","304","304","304","0.8494967973293484","0.8494967973293484","0.8494967973293484","94","94","94","0.2563450391587328","0.2563450391587328","0.2563450391587328","313","313","313","0.19902355410183453","0.19902355410183453","0.19902355410183453","523","523","523","0.7318125317578231","0.7318125317578231","0.7318125317578231","52","52","52","0.15966976736710903","0.15966976736710903","0.15966976736710903","160","160","160","0.18161345322108233","0.18161345322108233","0.18161345322108233","265","265","265","0.6549911619634207","0.6549911619634207","0.6549911619634207","157","157","157","0.47168428884886426","0.47168428884886426","0.47168428884886426","52","52","52","0.1316463319540052","0.1316463319540052","0.1316463319540052","160","160","160","0.4716438795022663","0.4716438795022663","0.4716438795022663","157","157","157","0.13287272076964915","0.13287272076964915","0.13287272076964915","265","265","265"
"3","0.15045977476672975","0.15045977476672975","0.15045977476672975","353","353","353","0.3731132604554387","0.3731132604554387","0.3731132604554387","69","69","69","0.5082757573221","0.5082757573221","0.5082757573221","209","209","209","0.1462133082388819","0.1462133082388819","0.1462133082388819","213","213","213","0.17489593043463478","0.17489593043463478","0.17489593043463478","213","213","213","0.619306183315448","0.619306183315448","0.619306183315448","209","209","209","0.16273227367142035","0.16273227367142035","0.16273227367142035","353","353","353","0.6244559733399815","0.6244559733399815","0.6244559733399815","69","69","69","0.022309982953627315","0.022309982953627315","0.022309982953627315","353","353","353","0.4616632819408488","0.4616632819408488","0.4616632819408488","69","69","69","0.025074137998921317","0.025074137998921317","0.025074137998921317","213","213","213","0.4444979988379638","0.4444979988379638","0.4444979988379638","209","209","209","0.22893552372109355","0.22893552372109355","0.22893552372109355","353","353","353","0.6394495315602716","0.6394495315602716","0.6394495315602716","69","69","69","0.22893552372109355","0.22893552372109355","0.22893552372109355","213","213","213","0.6394495315602716","0.6394495315602716","0.6394495315602716","209","209","209","0.8900640432339256","0.8900640432339256","0.8900640432339256","405","405","405","0.8929305375436888","0.8929305375436888","0.8929305375436888","125","125","125","0.3511082986844105","0.3511082986844105","0.3511082986844105","417","417","417","0.2638899456177053","0.2638899456177053","0.2638899456177053","697","697","697","0.7434976074588869","0.7434976074588869","0.7434976074588869","69","69","69","0.18283384426664592","0.18283384426664592","0.18283384426664592","213","213","213","0.19803549750098723","0.19803549750098723","0.19803549750098723","353","353","353","0.6875750845528382","0.6875750845528382","0.6875750845528382","209","209","209","0.5550101462097883","0.5550101462097883","0.5550101462097883","69","69","69","0.20002648289484096","0.20002648289484096","0.20002648289484096","213","213","213","0.5543594054667267","0.5543594054667267","0.5543594054667267","209","209","209","0.19387944322825973","0.19387944322825973","0.19387944322825973","353","353","353"
"4","0.13436363269054952","0.13436363269054952","0.13436363269054952","441","441","441","0.4305869618460848","0.4305869618460848","0.4305869618460848","86","86","86","0.4762797922729533","0.4762797922729533","0.4762797922729533","261","261","261","0.12826643496992715","0.12826643496992715","0.12826643496992715","266","266","266","0.1742947593790902","0.1742947593790902","0.1742947593790902","266","266","266","0.6358612528246397","0.6358612528246397","0.6358612528246397","261","261","261","0.1807072963522638","0.1807072963522638","0.1807072963522638","441","441","441","0.6340451033722169","0.6340451033722169","0.6340451033722169","86","86","86","0.027758760070446416","0.027758760070446416","0.027758760070446416","441","441","441","0.40294693211727445","0.40294693211727445","0.40294693211727445","86","86","86","0.022658820171663353","0.022658820171663353","0.022658820171663353","266","266","266","0.4165908159473598","0.4165908159473598","0.4165908159473598","261","261","261","0.24631228966504748","0.24631228966504748","0.24631228966504748","441","441","441","0.6603041570037007","0.6603041570037007","0.6603041570037007","86","86","86","0.24631228966504748","0.24631228966504748","0.24631228966504748","266","266","266","0.6603041570037007","0.6603041570037007","0.6603041570037007","261","261","261","0.9558060660232127","0.9558060660232127","0.9558060660232127","506","506","506","0.9519664573968608","0.9519664573968608","0.9519664573968608","156","156","156","0.3721418659405743","0.3721418659405743","0.3721418659405743","521","521","521","0.36116808518491744","0.36116808518491744","0.36116808518491744","871","871","871","0.7595723486422875","0.7595723486422875","0.7595723486422875","86","86","86","0.16846349878728262","0.16846349878728262","0.16846349878728262","266","266","266","0.21760875566283053","0.21760875566283053","0.21760875566283053","441","441","441","0.6985882922346175","0.6985882922346175","0.6985882922346175","261","261","261","0.562020171307372","0.562020171307372","0.562020171307372","86","86","86","0.19504118579568727","0.19504118579568727","0.19504118579568727","266","266","266","0.5618556461722316","0.5618556461722316","0.5618556461722316","261","261","261","0.19572129813582015","0.19572129813582015","0.19572129813582015","441","441","441"
"5","0.14164651732669936","0.14164651732669936","0.14164651732669936","529","529","529","0.47435909429771733","0.47435909429771733","0.47435909429771733","103","103","103","0.5052497220514938","0.5052497220514938","0.5052497220514938","313","313","313","0.12242018325098028","0.12242018325098028","0.12242018325098028","319","319","319","0.13904118945873617","0.13904118945873617","0.13904118945873617","319","319","319","0.6338039416173716","0.6338039416173716","0.6338039416173716","313","313","313","0.14077617046367227","0.14077617046367227","0.14077617046367227","529","529","529","0.641232268695015","0.641232268695015","0.641232268695015","103","103","103","0.02579295200945412","0.02579295200945412","0.02579295200945412","529","529","529","0.4725080151471598","0.4725080151471598","0.4725080151471598","103","103","103","0.025225903398004984","0.025225903398004984","0.025225903398004984","319","319","319","0.4260884771221233","0.4260884771221233","0.4260884771221233","313","313","313","0.23157990573463974","0.23157990573463974","0.23157990573463974","529","529","529","0.6637223299542307","0.6637223299542307","0.6637223299542307","103","103","103","0.23157990573463974","0.23157990573463974","0.23157990573463974","319","319","319","0.6637223299542307","0.6637223299542307","0.6637223299542307","313","313","313","0.9663619565461177","0.9663619565461177","0.9663619565461177","607","607","607","0.9689467564549051","0.9689467564549051","0.9689467564549051","187","187","187","0.3550603745309331","0.3550603745309331","0.3550603745309331","625","625","625","","","","","","","0.7791631948828901","0.7791631948828901","0.7791631948828901","103","103","103","0.2038748005734566","0.2038748005734566","0.2038748005734566","319","319","319","0.23079998252189293","0.23079998252189293","0.23079998252189293","529","529","529","0.7052731900190987","0.7052731900190987","0.7052731900190987","313","313","313","0.6347255932931251","0.6347255932931251","0.6347255932931251","103","103","103","0.2071865423564143","0.2071865423564143","0.2071865423564143","319","319","319","0.6329399268785121","0.6329399268785121","0.6329399268785121","313","313","313","0.20574628079807303","0.20574628079807303","0.20574628079807303","529","529","529"
"6","0.15883026461353109","0.15883026461353109","0.15883026461353109","617","617","617","0.3805906059814665","0.3805906059814665","0.3805906059814665","120","120","120","0.44309965840607995","0.44309965840607995","0.44309965840607995","365","365","365","0.14741427338819235","0.14741427338819235","0.14741427338819235","372","372","372","0.15405397494866158","0.15405397494866158","0.15405397494866158","372","372","372","0.6541627299454718","0.6541627299454718","0.6541627299454718","365","365","365","0.16281702544803553","0.16281702544803553","0.16281702544803553","617","617","617","0.6759500286855481","0.6759500286855481","0.6759500286855481","120","120","120","0.02563636583005955","0.02563636583005955","0.02563636583005955","617","617","617","0.5326647128820783","0.5326647128820783","0.5326647128820783","120","120","120","0.02305143167622188","0.02305143167622188","0.02305143167622188","372","372","372","0.5260628859806162","0.5260628859806162","0.5260628859806162","365","365","365","0.29660950157912425","0.29660950157912425","0.29660950157912425","617","617","617","0.680560263256449","0.680560263256449","0.680560263256449","120","120","120","0.29660950157912425","0.29660950157912425","0.29660950157912425","372","372","372","0.680560263256449","0.680560263256449","0.680560263256449","365","365","365","0.96512011434274","0.96512011434274","0.96512011434274","708","708","708","0.9617440591943068","0.9617440591943068","0.9617440591943068","218","218","218","0.48711690588842455","0.48711690588842455","0.48711690588842455","729","729","729","","","","","","","0.7800267590083323","0.7800267590083323","0.7800267590083323","120","120","120","0.20794348331760668","0.20794348331760668","0.20794348331760668","372","372","372","0.2239056823634084","0.2239056823634084","0.2239056823634084","617","617","617","0.7186557373911772","0.7186557373911772","0.7186557373911772","365","365","365","0.6326625370156256","0.6326625370156256","0.6326625370156256","120","120","120","0.1898076537724143","0.1898076537724143","0.1898076537724143","372","372","372","0.6286366272393831","0.6286366272393831","0.6286366272393831","365","365","365","0.2006503933856515","0.2006503933856515","0.2006503933856515","617","617","617"
"7","0.16196911669994032","0.16196911669994032","0.16196911669994032","705","705","705","0.5258365114843889","0.5258365114843889","0.5258365114843889","137","137","137","0.5328078034122096","0.5328078034122096","0.5328078034122096","417","417","417","0.14711680912579608","0.14711680912579608","0.14711680912579608","425","425","425","0.1475108091476313","0.1475108091476313","0.1475108091476313","425","425","425","0.6746314999401943","0.6746314999401943","0.6746314999401943","417","417","417","0.18033570042314895","0.18033570042314895","0.18033570042314895","705","705","705","0.6712020915647284","0.6712020915647284","0.6712020915647284","137","137","137","0.022318561447323422","0.022318561447323422","0.022318561447323422","705","705","705","0.43226348367186096","0.43226348367186096","0.43226348367186096","137","137","137","0.02800033696890604","0.02800033696890604","0.02800033696890604","425","425","425","0.49882294778860115","0.49882294778860115","0.49882294778860115","417","417","417","0.31866641223539915","0.31866641223539915","0.31866641223539915","705","705","705","0.7200367806382147","0.7200367806382147","0.7200367806382147","137","137","137","0.31866641223539915","0.31866641223539915","0.31866641223539915","425","425","425","0.7200367806382147","0.7200367806382147","0.7200367806382147","417","417","417","","","","","","","0.9758911505618088","0.9758911505618088","0.9758911505618088","249","249","249","","","","","","","","","","","","","0.80897530690904","0.80897530690904","0.80897530690904","137","137","137","0.17984546737972407","0.17984546737972407","0.17984546737972407","425","425","425","0.21356659353333646","0.21356659353333646","0.21356659353333646","705","705","705","0.7456681026034658","0.7456681026034658","0.7456681026034658","417","417","417","0.6593018971532039","0.6593018971532039","0.6593018971532039","137","137","137","0.2569351182625316","0.2569351182625316","0.2569351182625316","425","425","425","0.6665788113924932","0.6665788113924932","0.6665788113924932","417","417","417","0.25302072315361207","0.25302072315361207","0.25302072315361207","705","705","705"
"8","0.15585447051951873","0.15585447051951873","0.15585447051951873","793","793","793","0.577872153848345","0.577872153848345","0.577872153848345","154","154","154","0.5272909499080977","0.5272909499080977","0.5272909499080977","469","469","469","0.14042121092749316","0.14042121092749316","0.14042121092749316","478","478","478","0.17408509598988006","0.17408509598988006","0.17408509598988006","478","478","478","0.6675544649743769","0.6675544649743769","0.6675544649743769","469","469","469","0.16355645588660284","0.16355645588660284","0.16355645588660284","793","793","793","0.6891704210326464","0.6891704210326464","0.6891704210326464","154","154","154","0.02468025365298212","0.02468025365298212","0.02468025365298212","793","793","793","0.5005995508078809","0.5005995508078809","0.5005995508078809","154","154","154","0.023268689782134817","0.023268689782134817","0.023268689782134817","478","478","478","0.5261659514990733","0.5261659514990733","0.5261659514990733","469","469","469","0.27623100923202865","0.27623100923202865","0.27623100923202865","793","793","793","0.7184393123684625","0.7184393123684625","0.7184393123684625","154","154","154","0.27623100923202865","0.27623100923202865","0.27623100923202865","478","478","478","0.7184393123684625","0.7184393123684625","0.7184393123684625","469","469","469","","","","","","","0.9931240696126846","0.9931240696126846","0.9931240696126846","280","280","280","","","","","","","","","","","","","0.8115274126272266","0.8115274126272266","0.8115274126272266","154","154","154","0.1977077904296719","0.1977077904296719","0.1977077904296719","478","478","478","0.2192499634455676","0.2192499634455676","0.2192499634455676","793","793","793","0.7385673268129131","0.7385673268129131","0.7385673268129131","469","469","469","0.6719847763792662","0.6719847763792662","0.6719847763792662","154","154","154","0.22705463470727028","0.22705463470727028","0.22705463470727028","478","478","478","0.6853050595218777","0.6853050595218777","0.6853050595218777","469","469","469","0.22648245866389993","0.22648245866389993","0.22648245866389993","793","793","793"
"9","0.18086430872272985","0.18086430872272985","0.18086430872272985","881","881","881","0.5887322536277956","0.5887322536277956","0.5887322536277956","171","171","171","0.5395449463704304","0.5395449463704304","0.5395449463704304","521","521","521","0.1547165839548429","0.1547165839548429","0.1547165839548429","531","531","531","0.24532902880067112","0.24532902880067112","0.24532902880067112","531","531","531","0.7077275428157128","0.7077275428157128","0.7077275428157128","521","521","521","0.20833595060274962","0.20833595060274962","0.20833595060274962","881","881","881","0.7177985990925628","0.7177985990925628","0.7177985990925628","171","171","171","0.033370971787144536","0.033370971787144536","0.033370971787144536","881","881","881","0.5798994150090725","0.5798994150090725","0.5798994150090725","171","171","171","0.037851436973213054","0.037851436973213054","0.037851436973213054","531","531","531","0.5523118536047669","0.5523118536047669","0.5523118536047669","521","521","521","0.36520350651286937","0.36520350651286937","0.36520350651286937","881","881","881","0.7395613795086831","0.7395613795086831","0.7395613795086831","171","171","171","0.36520350651286937","0.36520350651286937","0.36520350651286937","531","531","531","0.7395613795086831","0.7395613795086831","0.7395613795086831","521","521","521","","","","","","","0.9970869612680383","0.9970869612680383","0.9970869612680383","311","311","311","","","","","","","","","","","","","0.8314812683509956","0.8314812683509956","0.8314812683509956","171","171","171","0.20971037452841254","0.20971037452841254","0.20971037452841254","531","531","531","0.23958872357373914","0.23958872357373914","0.23958872357373914","881","881","881","0.7775745211923443","0.7775745211923443","0.7775745211923443","521","521","521","0.695208331932912","0.695208331932912","0.695208331932912","171","171","171","0.25358662052402364","0.25358662052402364","0.25358662052402364","531","531","531","0.6997349319730175","0.6997349319730175","0.6997349319730175","521","521","521","0.2627869524403058","0.2627869524403058","0.2627869524403058","881","881","881"
"10","0.17723074465420496","0.17723074465420496","0.17723074465420496","969","969","969","0.5771249647266717","0.5771249647266717","0.5771249647266717","188","188","188","0.5123732084610644","0.5123732084610644","0.5123732084610644","573","573","573","0.13561243641836848","0.13561243641836848","0.13561243641836848","584","584","584","0.2113567265086127","0.2113567265086127","0.2113567265086127","584","584","584","0.6334243547187491","0.6334243547187491","0.6334243547187491","573","573","573","0.2222180790640538","0.2222180790640538","0.2222180790640538","969","969","969","0.6220046612288859","0.6220046612288859","0.6220046612288859","188","188","188","0.05195550949923379","0.05195550949923379","0.05195550949923379","969","969","969","0.5575350897992599","0.5575350897992599","0.5575350897992599","188","188","188","0.03472384651424774","0.03472384651424774","0.03472384651424774","584","584","584","0.488063927657419","0.488063927657419","0.488063927657419","573","573","573","0.36121560260791624","0.36121560260791624","0.36121560260791624","969","969","969","0.7489169553407231","0.7489169553407231","0.7489169553407231","188","188","188","0.3612156026079162","0.3612156026079162","0.3612156026079162","584","584","584","0.7489169553407231","0.7489169553407231","0.7489169553407231","573","573","573","","","","","","","0.9955405548063733","0.9955405548063733","0.9955405548063733","342","342","342","","","","","","","","","","","","","0.847661654512676","0.847661654512676","0.847661654512676","188","188","188","0.235211659496977","0.235211659496977","0.235211659496977","584","584","584","0.2532783895290186","0.2532783895290186","0.2532783895290186","969","969","969","0.797824574624821","0.797824574624821","0.797824574624821","573","573","573","0.7358884097697154","0.7358884097697154","0.7358884097697154","188","188","188","0.24879327182432082","0.24879327182432082","0.24879327182432082","584","584","584","0.7392908641083159","0.7392908641083159","0.7392908641083159","573","573","573","0.27855450075206817","0.27855450075206817","0.27855450075206817","969","969","969"
"11","0.17489013166856002","0.17489013166856002","0.17489013166856002","1057","1057","1057","0.5593607413464925","0.5593607413464925","0.5593607413464925","205","205","205","0.5635330719621818","0.5635330719621818","0.5635330719621818","625","625","625","0.14941120395830598","0.14941120395830598","0.14941120395830598","637","637","637","0.2241217485960518","0.2241217485960518","0.2241217485960518","637","637","637","0.7191014050574432","0.7191014050574432","0.7191014050574432","625","625","625","0.22268689440483383","0.22268689440483383","0.22268689440483383","1057","1057","1057","0.7097061618001512","0.7097061618001512","0.7097061618001512","205","205","205","0.09904307684544708","0.09904307684544708","0.09904307684544708","1057","1057","1057","0.5760805174614532","0.5760805174614532","0.5760805174614532","205","205","205","0.027884094817854168","0.027884094817854168","0.027884094817854168","637","637","637","0.5737774879838504","0.5737774879838504","0.5737774879838504","625","625","625","0.3073238110594788","0.3073238110594788","0.3073238110594788","1057","1057","1057","0.7639277643397114","0.7639277643397114","0.7639277643397114","205","205","205","0.3073238110594788","0.3073238110594788","0.3073238110594788","637","637","637","0.7639277643397114","0.7639277643397114","0.7639277643397114","625","625","625","","","","","","","0.9977094340683603","0.9977094340683603","0.9977094340683603","373","373","373","","","","","","","","","","","","","0.8411528541314952","0.8411528541314952","0.8411528541314952","205","205","205","0.20014626677112282","0.20014626677112282","0.20014626677112282","637","637","637","0.23656947232748884","0.23656947232748884","0.23656947232748884","1057","1057","1057","0.802697739574036","0.802697739574036","0.802697739574036","625","625","625","0.7478182423225497","0.7478182423225497","0.7478182423225497","205","205","205","0.2793019492452926","0.2793019492452926","0.2793019492452926","637","637","637","0.754173020466638","0.754173020466638","0.754173020466638","625","625","625","0.27754822903832194","0.27754822903832194","0.27754822903832194","1057","1057","1057"
"12","0.18157223978059717","0.18157223978059717","0.18157223978059717","1145","1145","1145","0.5816002416050494","0.5816002416050494","0.5816002416050494","222","222","222","0.5546544744459827","0.5546544744459827","0.5546544744459827","677","677","677","0.1590003301352189","0.1590003301352189","0.1590003301352189","690","690","690","0.24824568413047993","0.24824568413047993","0.24824568413047993","690","690","690","0.6764442910247404","0.6764442910247404","0.6764442910247404","677","677","677","0.2724470937868717","0.2724470937868717","0.2724470937868717","1145","1145","1145","0.6955106485436325","0.6955106485436325","0.6955106485436325","222","222","222","0.11934853555746731","0.11934853555746731","0.11934853555746731","1145","1145","1145","0.5904348992770695","0.5904348992770695","0.5904348992770695","222","222","222","0.040047230813186695","0.040047230813186695","0.040047230813186695","690","690","690","0.5545667180071353","0.5545667180071353","0.5545667180071353","677","677","677","0.344310799090204","0.344310799090204","0.344310799090204","1145","1145","1145","0.7923449397970814","0.7923449397970814","0.7923449397970814","222","222","222","0.344310799090204","0.344310799090204","0.344310799090204","690","690","690","0.7923449397970814","0.7923449397970814","0.7923449397970814","677","677","677","","","","","","","0.9860783115492073","0.9860783115492073","0.9860783115492073","404","404","404","","","","","","","","","","","","","0.8411790828699366","0.8411790828699366","0.8411790828699366","222","222","222","0.20595256664614536","0.20595256664614536","0.20595256664614536","690","690","690","0.2522949779025074","0.2522949779025074","0.2522949779025074","1145","1145","1145","0.8118443289094427","0.8118443289094427","0.8118443289094427","677","677","677","0.7602376964512679","0.7602376964512679","0.7602376964512679","222","222","222","0.2860408346326985","0.2860408346326985","0.2860408346326985","690","690","690","0.7640480695832145","0.7640480695832145","0.7640480695832145","677","677","677","0.314659281082876","0.314659281082876","0.314659281082876","1145","1145","1145"
"13","0.18750990035412013","0.18750990035412013","0.18750990035412013","1233","1233","1233","0.5564248787919861","0.5564248787919861","0.5564248787919861","239","239","239","0.552408765425436","0.552408765425436","0.552408765425436","729","729","729","0.15603192853068942","0.15603192853068942","0.15603192853068942","743","743","743","0.28158621098969555","0.28158621098969555","0.28158621098969555","743","743","743","0.6926028251991143","0.6926028251991143","0.6926028251991143","729","729","729","0.3268114476784479","0.3268114476784479","0.3268114476784479","1233","1233","1233","0.7051377525715576","0.7051377525715576","0.7051377525715576","239","239","239","0.18196672093461114","0.18196672093461114","0.18196672093461114","1233","1233","1233","0.527392664865374","0.527392664865374","0.527392664865374","239","239","239","0.07560542103873999","0.07560542103873999","0.07560542103873999","743","743","743","0.5610022249648964","0.5610022249648964","0.5610022249648964","729","729","729","0.4515507071643732","0.4515507071643732","0.4515507071643732","1233","1233","1233","0.7915910839564033","0.7915910839564033","0.7915910839564033","239","239","239","0.4515580362018746","0.4515580362018746","0.4515580362018746","743","743","743","0.7915910839564033","0.7915910839564033","0.7915910839564033","729","729","729","","","","","","","0.9863793369770864","0.9863793369770864","0.9863793369770864","435","435","435","","","","","","","","","","","","","0.8391967317018528","0.8391967317018528","0.8391967317018528","239","239","239","0.2628652459056679","0.2628652459056679","0.2628652459056679","743","743","743","0.2802339646093182","0.2802339646093182","0.2802339646093182","1233","1233","1233","0.8107949853717094","0.8107949853717094","0.8107949853717094","729","729","729","0.7755307852408588","0.7755307852408588","0.7755307852408588","239","239","239","0.31736303643274094","0.31736303643274094","0.31736303643274094","743","743","743","0.7746266130870322","0.7746266130870322","0.7746266130870322","729","729","729","0.34559388178510486","0.34559388178510486","0.34559388178510486","1233","1233","1233"
"14","0.1792882381916047","0.1792882381916047","0.1792882381916047","1321","1321","1321","0.5817817979801361","0.5817817979801361","0.5817817979801361","256","256","256","0.5423982576005376","0.5423982576005376","0.5423982576005376","781","781","781","0.13749057017319075","0.13749057017319075","0.13749057017319075","796","796","796","0.2363817462821743","0.2363817462821743","0.2363817462821743","796","796","796","0.727417279304847","0.727417279304847","0.727417279304847","781","781","781","0.23762978291487644","0.23762978291487644","0.23762978291487644","1321","1321","1321","0.7422977463091656","0.7422977463091656","0.7422977463091656","256","256","256","0.12617303272148397","0.12617303272148397","0.12617303272148397","1321","1321","1321","0.5745320638164101","0.5745320638164101","0.5745320638164101","256","256","256","0.11225665335523158","0.11225665335523158","0.11225665335523158","796","796","796","0.5969060553422108","0.5969060553422108","0.5969060553422108","781","781","781","0.4047099622086444","0.4047099622086444","0.4047099622086444","1321","1321","1321","0.7941384224867494","0.7941384224867494","0.7941384224867494","256","256","256","0.4047099622086444","0.4047099622086444","0.4047099622086444","796","796","796","0.7941384224867494","0.7941384224867494","0.7941384224867494","781","781","781","","","","","","","0.9961052965986387","0.9961052965986387","0.9961052965986387","466","466","466","","","","","","","","","","","","","0.8586082116276158","0.8586082116276158","0.8586082116276158","256","256","256","0.26229082231381645","0.26229082231381645","0.26229082231381645","796","796","796","0.27457048366148645","0.27457048366148645","0.27457048366148645","1321","1321","1321","0.8328327232937192","0.8328327232937192","0.8328327232937192","781","781","781","0.7835283542892255","0.7835283542892255","0.7835283542892255","256","256","256","0.27009758944312956","0.27009758944312956","0.27009758944312956","796","796","796","0.7882325340927995","0.7882325340927995","0.7882325340927995","781","781","781","0.2884280725750804","0.2884280725750804","0.2884280725750804","1321","1321","1321"
"15","0.1936893474349963","0.1936893474349963","0.1936893474349963","1409","1409","1409","0.5996131885658722","0.5996131885658722","0.5996131885658722","273","273","273","0.5451612248192896","0.5451612248192896","0.5451612248192896","833","833","833","0.1700670784688792","0.1700670784688792","0.1700670784688792","849","849","849","0.22513014071095305","0.22513014071095305","0.22513014071095305","849","849","849","0.7279909326543973","0.7279909326543973","0.7279909326543973","833","833","833","0.2615241697037171","0.2615241697037171","0.2615241697037171","1409","1409","1409","0.7236663895835639","0.7236663895835639","0.7236663895835639","273","273","273","0.17790946734445584","0.17790946734445584","0.17790946734445584","1409","1409","1409","0.5621123117378474","0.5621123117378474","0.5621123117378474","273","273","273","0.15595241282054856","0.15595241282054856","0.15595241282054856","849","849","849","0.4748919161400325","0.4748919161400325","0.4748919161400325","833","833","833","0.4477581801235284","0.4477581801235284","0.4477581801235284","1409","1409","1409","0.8311128875777931","0.8311128875777931","0.8311128875777931","273","273","273","0.44775818012352836","0.44775818012352836","0.44775818012352836","849","849","849","0.8311128875777931","0.8311128875777931","0.8311128875777931","833","833","833","","","","","","","0.9999560200334413","0.9999560200334413","0.9999560200334413","497","497","497","","","","","","","","","","","","","0.850083019611848","0.850083019611848","0.850083019611848","273","273","273","0.27336596387129053","0.27336596387129053","0.27336596387129053","849","849","849","0.29116988710818315","0.29116988710818315","0.29116988710818315","1409","1409","1409","0.8101949225102246","0.8101949225102246","0.8101949225102246","833","833","833","0.8019893678391194","0.8019893678391194","0.8019893678391194","273","273","273","0.2926155969835105","0.2926155969835105","0.2926155969835105","849","849","849","0.8071978582415269","0.8071978582415269","0.8071978582415269","833","833","833","0.34100040488183186","0.34100040488183186","0.34100040488183186","1409","1409","1409"
"16","0.19543502555221523","0.19543502555221523","0.19543502555221523","1497","1497","1497","0.5755235733861249","0.5755235733861249","0.5755235733861249","290","290","290","0.5672728905319833","0.5672728905319833","0.5672728905319833","885","885","885","0.15602941669594686","0.15602941669594686","0.15602941669594686","902","902","902","0.264603616071193","0.264603616071193","0.264603616071193","902","902","902","0.7676731745921787","0.7676731745921787","0.7676731745921787","885","885","885","0.29333224373764727","0.29333224373764727","0.29333224373764727","1497","1497","1497","0.764557673203021","0.764557673203021","0.764557673203021","290","290","290","0.12865596158454587","0.12865596158454587","0.12865596158454587","1497","1497","1497","0.5872808625392208","0.5872808625392208","0.5872808625392208","290","290","290","0.08694808823265184","0.08694808823265184","0.08694808823265184","902","902","902","0.5816466982650753","0.5816466982650753","0.5816466982650753","885","885","885","0.4526821064131968","0.4526821064131968","0.4526821064131968","1497","1497","1497","0.8267890584273734","0.8267890584273734","0.8267890584273734","290","290","290","0.4526821064131968","0.4526821064131968","0.4526821064131968","902","902","902","0.8267890584273734","0.8267890584273734","0.8267890584273734","885","885","885","","","","","","","1","1","1","528","528","528","","","","","","","","","","","","","0.8661287615486033","0.8661287615486033","0.8661287615486033","290","290","290","0.2341274968137066","0.2341274968137066","0.2341274968137066","902","902","902","0.2630064599297709","0.2630064599297709","0.2630064599297709","1497","1497","1497","0.8375041751617853","0.8375041751617853","0.8375041751617853","885","885","885","0.7692923277963333","0.7692923277963333","0.7692923277963333","290","290","290","0.29642216810448685","0.29642216810448685","0.29642216810448685","902","902","902","0.774395879940571","0.774395879940571","0.774395879940571","885","885","885","0.3587544996539453","0.3587544996539453","0.3587544996539453","1497","1497","1497"
"17","0.20349194061242123","0.20349194061242123","0.20349194061242123","1585","1585","1585","0.6118538396051502","0.6118538396051502","0.6118538396051502","307","307","307","0.5604264513004208","0.5604264513004208","0.5604264513004208","937","937","937","0.1503323895702064","0.1503323895702064","0.1503323895702064","955","955","955","0.28244336732606423","0.28244336732606423","0.28244336732606423","955","955","955","0.6872850786974521","0.6872850786974521","0.6872850786974521","937","937","937","0.3462429894431838","0.3462429894431838","0.3462429894431838","1585","1585","1585","0.6934633136518261","0.6934633136518261","0.6934633136518261","307","307","307","0.14551459253018756","0.14551459253018756","0.14551459253018756","1585","1585","1585","0.6333446366084622","0.6333446366084622","0.6333446366084622","307","307","307","0.1274042207339089","0.1274042207339089","0.1274042207339089","955","955","955","0.5890914214954933","0.5890914214954933","0.5890914214954933","937","937","937","0.445662606006346","0.445662606006346","0.445662606006346","1585","1585","1585","0.8108456450511258","0.8108456450511258","0.8108456450511258","307","307","307","0.445662606006346","0.445662606006346","0.445662606006346","955","955","955","0.8108456450511258","0.8108456450511258","0.8108456450511258","937","937","937","","","","","","","0.9999999999999999","0.9999999999999999","0.9999999999999999","559","559","559","","","","","","","","","","","","","0.8485351898049708","0.8485351898049708","0.8485351898049708","307","307","307","0.24993253526137296","0.24993253526137296","0.24993253526137296","955","955","955","0.26316289311170876","0.26316289311170876","0.26316289311170876","1585","1585","1585","0.8153011570324991","0.8153011570324991","0.8153011570324991","937","937","937","0.8186018333288969","0.8186018333288969","0.8186018333288969","307","307","307","0.35736252914268507","0.35736252914268507","0.35736252914268507","955","955","955","0.814748030664101","0.814748030664101","0.814748030664101","937","937","937","0.3029676760058767","0.3029676760058767","0.3029676760058767","1585","1585","1585"
"18","0.1868642524633441","0.1868642524633441","0.1868642524633441","1673","1673","1673","0.6162534567074122","0.6162534567074122","0.6162534567074122","324","324","324","0.5544605349124843","0.5544605349124843","0.5544605349124843","989","989","989","0.15439569717740403","0.15439569717740403","0.15439569717740403","1008","1008","1008","0.2916402777764224","0.2916402777764224","0.2916402777764224","1008","1008","1008","0.7217627446675607","0.7217627446675607","0.7217627446675607","989","989","989","0.2909961230542016","0.2909961230542016","0.2909961230542016","1673","1673","1673","0.7146322754794779","0.7146322754794779","0.7146322754794779","324","324","324","0.1536690905671402","0.1536690905671402","0.1536690905671402","1673","1673","1673","0.6084762670606951","0.6084762670606951","0.6084762670606951","324","324","324","0.15421507061659553","0.15421507061659553","0.15421507061659553","1008","1008","1008","0.610512351511921","0.610512351511921","0.610512351511921","989","989","989","0.3615304641521645","0.3615304641521645","0.3615304641521645","1673","1673","1673","0.8345509643345328","0.8345509643345328","0.8345509643345328","324","324","324","0.3614549479152313","0.3614549479152313","0.3614549479152313","1008","1008","1008","0.8345509643345328","0.8345509643345328","0.8345509643345328","989","989","989","","","","","","","1","1","1","590","590","590","","","","","","","","","","","","","0.8373305019119578","0.8373305019119578","0.8373305019119578","324","324","324","0.2362624116676587","0.2362624116676587","0.2362624116676587","1008","1008","1008","0.269034868962132","0.269034868962132","0.269034868962132","1673","1673","1673","0.7965555667039197","0.7965555667039197","0.7965555667039197","989","989","989","0.8223339095891407","0.8223339095891407","0.8223339095891407","324","324","324","0.34969103665164714","0.34969103665164714","0.34969103665164714","1008","1008","1008","0.8247938624861044","0.8247938624861044","0.8247938624861044","989","989","989","0.23477849072249898","0.23477849072249898","0.23477849072249898","1673","1673","1673"
"19","0.21145531967980538","0.21145531967980538","0.21145531967980538","1761","1761","1761","0.6126985531415932","0.6126985531415932","0.6126985531415932","341","341","341","0.5844744203562038","0.5844744203562038","0.5844744203562038","1041","1041","1041","0.1775341392746447","0.1775341392746447","0.1775341392746447","1061","1061","1061","0.34749432650850853","0.34749432650850853","0.34749432650850853","1061","1061","1061","0.7416314339260971","0.7416314339260971","0.7416314339260971","1041","1041","1041","0.3660143287705685","0.3660143287705685","0.3660143287705685","1761","1761","1761","0.7395727136516292","0.7395727136516292","0.7395727136516292","341","341","341","0.14758604761324876","0.14758604761324876","0.14758604761324876","1761","1761","1761","0.631598825658925","0.631598825658925","0.631598825658925","341","341","341","0.1629167432446343","0.1629167432446343","0.1629167432446343","1061","1061","1061","0.6386046968079913","0.6386046968079913","0.6386046968079913","1041","1041","1041","0.47346274853790504","0.47346274853790504","0.47346274853790504","1761","1761","1761","0.8690228380609211","0.8690228380609211","0.8690228380609211","341","341","341","0.4734275503468061","0.4734275503468061","0.4734275503468061","1061","1061","1061","0.869022838060921","0.869022838060921","0.869022838060921","1041","1041","1041","","","","","","","1","1","1","621","621","621","","","","","","","","","","","","","0.856217446286023","0.856217446286023","0.856217446286023","341","341","341","0.2706773070654353","0.2706773070654353","0.2706773070654353","1061","1061","1061","0.3046400880010465","0.3046400880010465","0.3046400880010465","1761","1761","1761","0.8281532530818413","0.8281532530818413","0.8281532530818413","1041","1041","1041","0.8272450255881375","0.8272450255881375","0.8272450255881375","341","341","341","0.3831774233704519","0.3831774233704519","0.3831774233704519","1061","1061","1061","0.8263329380235169","0.8263329380235169","0.8263329380235169","1041","1041","1041","0.3604359041856781","0.3604359041856781","0.3604359041856781","1761","1761","1761"
"20","0.19259910400216212","0.19259910400216212","0.19259910400216212","1849","1849","1849","0.6006648168439265","0.6006648168439265","0.6006648168439265","358","358","358","0.5676842566829766","0.5676842566829766","0.5676842566829766","1093","1093","1093","0.15836133192041293","0.15836133192041293","0.15836133192041293","1114","1114","1114","0.24306739803500838","0.24306739803500838","0.24306739803500838","1114","1114","1114","0.7391082728276782","0.7391082728276782","0.7391082728276782","1093","1093","1093","0.29497999633072713","0.29497999633072713","0.29497999633072713","1849","1849","1849","0.7610131857001257","0.7610131857001257","0.7610131857001257","358","358","358","0.16646413323959422","0.16646413323959422","0.16646413323959422","1849","1849","1849","0.576971535818003","0.576971535818003","0.576971535818003","358","358","358","0.17827188210390746","0.17827188210390746","0.17827188210390746","1114","1114","1114","0.599430784961555","0.599430784961555","0.599430784961555","1093","1093","1093","0.4690524386411817","0.4690524386411817","0.4690524386411817","1849","1849","1849","0.8709654700783883","0.8709654700783883","0.8709654700783883","358","358","358","0.4678146987887836","0.4678146987887836","0.4678146987887836","1114","1114","1114","0.8709654700783883","0.8709654700783883","0.8709654700783883","1093","1093","1093","","","","","","","1","1","1","652","652","652","","","","","","","","","","","","","0.8665884139526894","0.8665884139526894","0.8665884139526894","358","358","358","0.272418335375769","0.272418335375769","0.272418335375769","1114","1114","1114","0.26211180147403457","0.26211180147403457","0.26211180147403457","1849","1849","1849","0.8436302689019175","0.8436302689019175","0.8436302689019175","1093","1093","1093","0.8356273798725137","0.8356273798725137","0.8356273798725137","358","358","358","0.30536632494899635","0.30536632494899635","0.30536632494899635","1114","1114","1114","0.8025845752220443","0.8025845752220443","0.8025845752220443","1093","1093","1093","0.31043998142117823","0.31043998142117823","0.31043998142117823","1849","1849","1849"
"21","0.19605241962808342","0.19605241962808342","0.19605241962808342","1937","1937","1937","0.6286902348199279","0.6286902348199279","0.6286902348199279","375","375","375","0.5579598715494581","0.5579598715494581","0.5579598715494581","1145","1145","1145","0.1623047349755907","0.1623047349755907","0.1623047349755907","1167","1167","1167","0.24129859241418627","0.24129859241418627","0.24129859241418627","1167","1167","1167","0.7192135792939113","0.7192135792939113","0.7192135792939113","1145","1145","1145","0.31887123598295414","0.31887123598295414","0.31887123598295414","1937","1937","1937","0.7403853694730421","0.7403853694730421","0.7403853694730421","375","375","375","0.14083956440493234","0.14083956440493234","0.14083956440493234","1937","1937","1937","0.6023849286785635","0.6023849286785635","0.6023849286785635","375","375","375","0.13155628269162345","0.13155628269162345","0.13155628269162345","1167","1167","1167","0.614888813185049","0.614888813185049","0.614888813185049","1145","1145","1145","0.5167173854591525","0.5167173854591525","0.5167173854591525","1937","1937","1937","0.8809946739195309","0.8809946739195309","0.8809946739195309","375","375","375","0.5190145925437197","0.5190145925437197","0.5190145925437197","1167","1167","1167","0.8809946739195309","0.8809946739195309","0.8809946739195309","1145","1145","1145","","","","","","","1","1","1","683","683","683","","","","","","","","","","","","","0.8832724559627767","0.8832724559627767","0.8832724559627767","375","375","375","0.26749982018347335","0.26749982018347335","0.26749982018347335","1167","1167","1167","0.2977144091071776","0.2977144091071776","0.2977144091071776","1937","1937","1937","0.8643173794443577","0.8643173794443577","0.8643173794443577","1145","1145","1145","0.7458079902204556","0.7458079902204556","0.7458079902204556","375","375","375","0.33061280900403317","0.33061280900403317","0.33061280900403317","1167","1167","1167","0.7772913808106596","0.7772913808106596","0.7772913808106596","1145","1145","1145","0.40587519794285687","0.40587519794285687","0.40587519794285687","1937","1937","1937"
"22","0.21342244699395704","0.21342244699395704","0.21342244699395704","2025","2025","2025","0.6560749040559012","0.6560749040559012","0.6560749040559012","392","392","392","0.572622623579099","0.572622623579099","0.572622623579099","1197","1197","1197","0.18287058746852483","0.18287058746852483","0.18287058746852483","1220","1220","1220","0.2736854679679524","0.2736854679679524","0.2736854679679524","1220","1220","1220","0.756895733816509","0.756895733816509","0.756895733816509","1197","1197","1197","0.3209408687772181","0.3209408687772181","0.3209408687772181","2025","2025","2025","0.7702880457065505","0.7702880457065505","0.7702880457065505","392","392","392","0.1881747508990311","0.1881747508990311","0.1881747508990311","2025","2025","2025","0.5848483906573007","0.5848483906573007","0.5848483906573007","392","392","392","0.17275870528776568","0.17275870528776568","0.17275870528776568","1220","1220","1220","0.6082540144043159","0.6082540144043159","0.6082540144043159","1197","1197","1197","0.5809235363962474","0.5809235363962474","0.5809235363962474","2025","2025","2025","0.9095287255689132","0.9095287255689132","0.9095287255689132","392","392","392","0.6090003960670751","0.6090003960670751","0.6090003960670751","1220","1220","1220","0.9095287255689132","0.9095287255689132","0.9095287255689132","1197","1197","1197","","","","","","","0.9999999999999999","0.9999999999999999","0.9999999999999999","714","714","714","","","","","","","","","","","","","0.8985550543163995","0.8985550543163995","0.8985550543163995","392","392","392","0.2942951154651497","0.2942951154651497","0.2942951154651497","1220","1220","1220","0.31679747055895857","0.31679747055895857","0.31679747055895857","2025","2025","2025","0.8797157199120966","0.8797157199120966","0.8797157199120966","1197","1197","1197","0.8183089592619159","0.8183089592619159","0.8183089592619159","392","392","392","0.32978313509957485","0.32978313509957485","0.32978313509957485","1220","1220","1220","0.8207786566173104","0.8207786566173104","0.8207786566173104","1197","1197","1197","0.44610322105657174","0.44610322105657174","0.44610322105657174","2025","2025","2025"
"23","0.2027500650232255","0.2027500650232255","0.2027500650232255","2113","2113","2113","0.6403886424384989","0.6403886424384989","0.6403886424384989","409","409","409","0.6037186048690496","0.6037186048690496","0.6037186048690496","1249","1249","1249","0.16695120718224876","0.16695120718224876","0.16695120718224876","1273","1273","1273","0.27422205322793003","0.27422205322793003","0.27422205322793003","1273","1273","1273","0.8015538185312023","0.8015538185312023","0.8015538185312023","1249","1249","1249","0.3602483334973915","0.3602483334973915","0.3602483334973915","2113","2113","2113","0.8153755908928453","0.8153755908928453","0.8153755908928453","409","409","409","0.17791271456843186","0.17791271456843186","0.17791271456843186","2113","2113","2113","0.6679930332291549","0.6679930332291549","0.6679930332291549","409","409","409","0.18330689779096376","0.18330689779096376","0.18330689779096376","1273","1273","1273","0.6505470473410415","0.6505470473410415","0.6505470473410415","1249","1249","1249","0.5876947859452569","0.5876947859452569","0.5876947859452569","2113","2113","2113","0.8961323335741785","0.8961323335741785","0.8961323335741785","409","409","409","0.592475080365101","0.592475080365101","0.592475080365101","1273","1273","1273","0.8961323335741785","0.8961323335741785","0.8961323335741785","1249","1249","1249","","","","","","","1","1","1","745","745","745","","","","","","","","","","","","","0.900048025582719","0.900048025582719","0.900048025582719","409","409","409","0.25964196440627074","0.25964196440627074","0.25964196440627074","1273","1273","1273","0.30784409805291735","0.30784409805291735","0.30784409805291735","2113","2113","2113","0.878477767946438","0.878477767946438","0.878477767946438","1249","1249","1249","0.8542261251226719","0.8542261251226719","0.8542261251226719","409","409","409","0.3349186412662284","0.3349186412662284","0.3349186412662284","1273","1273","1273","0.8577382207545518","0.8577382207545518","0.8577382207545518","1249","1249","1249","0.38122562776711194","0.38122562776711194","0.38122562776711194","2113","2113","2113"
"24","0.19920453208392278","0.19920453208392278","0.19920453208392278","2201","2201","2201","0.5882837415259097","0.5882837415259097","0.5882837415259097","426","426","426","0.5929735263242037","0.5929735263242037","0.5929735263242037","1301","1301","1301","0.15759528175674387","0.15759528175674387","0.15759528175674387","1326","1326","1326","0.4099579597202935","0.4099579597202935","0.4099579597202935","1326","1326","1326","0.6648122118590996","0.6648122118590996","0.6648122118590996","1301","1301","1301","0.3793556550751969","0.3793556550751969","0.3793556550751969","2201","2201","2201","0.6661303131987498","0.6661303131987498","0.6661303131987498","426","426","426","0.15855945665773502","0.15855945665773502","0.15855945665773502","2201","2201","2201","0.5991383621336174","0.5991383621336174","0.5991383621336174","426","426","426","0.13872627144946553","0.13872627144946553","0.13872627144946553","1326","1326","1326","0.6387345468008078","0.6387345468008078","0.6387345468008078","1301","1301","1301","0.5636280777449196","0.5636280777449196","0.5636280777449196","2201","2201","2201","0.8990131135212432","0.8990131135212432","0.8990131135212432","426","426","426","0.550032521579832","0.550032521579832","0.550032521579832","1326","1326","1326","0.8990131135212432","0.8990131135212432","0.8990131135212432","1301","1301","1301","","","","","","","0.9999999999999999","0.9999999999999999","0.9999999999999999","776","776","776","","","","","","","","","","","","","0.8536110347238535","0.8536110347238535","0.8536110347238535","426","426","426","0.2505713502772392","0.2505713502772392","0.2505713502772392","1326","1326","1326","0.2606289853899594","0.2606289853899594","0.2606289853899594","2201","2201","2201","0.7805295329842565","0.7805295329842565","0.7805295329842565","1301","1301","1301","0.8751643800308642","0.8751643800308642","0.8751643800308642","426","426","426","0.3974078668972877","0.3974078668972877","0.3974078668972877","1326","1326","1326","0.8523955489648264","0.8523955489648264","0.8523955489648264","1301","1301","1301","0.3400329917787649","0.3400329917787649","0.3400329917787649","2201","2201","2201"
"25","0.22318831417373894","0.22318831417373894","0.22318831417373894","2289","2289","2289","0.6212337734654828","0.6212337734654828","0.6212337734654828","443","443","443","0.632288927441472","0.632288927441472","0.632288927441472","1353","1353","1353","0.16218025492695676","0.16218025492695676","0.16218025492695676","1379","1379","1379","0.39021471789593953","0.39021471789593953","0.39021471789593953","1379","1379","1379","0.6672878310346669","0.6672878310346669","0.6672878310346669","1353","1353","1353","0.43119529685478136","0.43119529685478136","0.43119529685478136","2289","2289","2289","0.6752386325857281","0.6752386325857281","0.6752386325857281","443","443","443","0.18225625070566728","0.18225625070566728","0.18225625070566728","2289","2289","2289","0.6283235307203456","0.6283235307203456","0.6283235307203456","443","443","443","0.171767686270742","0.171767686270742","0.171767686270742","1379","1379","1379","0.6300048602675103","0.6300048602675103","0.6300048602675103","1353","1353","1353","0.6621529451165583","0.6621529451165583","0.6621529451165583","2289","2289","2289","0.8928102267835074","0.8928102267835074","0.8928102267835074","443","443","443","0.6373922694467404","0.6373922694467404","0.6373922694467404","1379","1379","1379","0.8928102267835074","0.8928102267835074","0.8928102267835074","1353","1353","1353","","","","","","","1","1","1","807","807","807","","","","","","","","","","","","","0.8906160074128515","0.8906160074128515","0.8906160074128515","443","443","443","","","","","","","0.29983272783823534","0.29983272783823534","0.29983272783823534","2289","2289","2289","0.8632453455382947","0.8632453455382947","0.8632453455382947","1353","1353","1353","0.8630345713019949","0.8630345713019949","0.8630345713019949","443","443","443","0.4241331749455953","0.4241331749455953","0.4241331749455953","1379","1379","1379","0.866100524166356","0.866100524166356","0.866100524166356","1353","1353","1353","0.40295799823170386","0.40295799823170386","0.40295799823170386","2289","2289","2289"
"26","0.23184101062511642","0.23184101062511642","0.23184101062511642","2377","2377","2377","0.6594122750506322","0.6594122750506322","0.6594122750506322","460","460","460","0.5866078966072515","0.5866078966072515","0.5866078966072515","1405","1405","1405","0.16675625894224888","0.16675625894224888","0.16675625894224888","1432","1432","1432","0.3796494773752312","0.3796494773752312","0.3796494773752312","1432","1432","1432","0.7028691852206511","0.7028691852206511","0.7028691852206511","1405","1405","1405","0.3866405928506784","0.3866405928506784","0.3866405928506784","2377","2377","2377","0.6987491063150839","0.6987491063150839","0.6987491063150839","460","460","460","0.1555279746235582","0.1555279746235582","0.1555279746235582","2377","2377","2377","0.6437472070119803","0.6437472070119803","0.6437472070119803","460","460","460","0.18001473983349736","0.18001473983349736","0.18001473983349736","1432","1432","1432","0.6492184815154654","0.6492184815154654","0.6492184815154654","1405","1405","1405","0.5687021937567056","0.5687021937567056","0.5687021937567056","2377","2377","2377","0.9095267277230311","0.9095267277230311","0.9095267277230311","460","460","460","0.644694927240123","0.644694927240123","0.644694927240123","1432","1432","1432","0.9095267277230311","0.9095267277230311","0.9095267277230311","1405","1405","1405","","","","","","","1","1","1","838","838","838","","","","","","","","","","","","","0.8924435414933891","0.8924435414933891","0.8924435414933891","460","460","460","","","","","","","0.32170715035944697","0.32170715035944697","0.32170715035944697","2377","2377","2377","0.8645648214932125","0.8645648214932125","0.8645648214932125","1405","1405","1405","0.8630519115362507","0.8630519115362507","0.8630519115362507","460","460","460","0.44163861940481813","0.44163861940481813","0.44163861940481813","1432","1432","1432","0.8902872759650666","0.8902872759650666","0.8902872759650666","1405","1405","1405","0.48216036039709664","0.48216036039709664","0.48216036039709664","2377","2377","2377"
"27","0.20538794616536277","0.20538794616536277","0.20538794616536277","2465","2465","2465","0.65418405625984","0.65418405625984","0.65418405625984","477","477","477","0.6092206586181336","0.6092206586181336","0.6092206586181336","1457","1457","1457","0.1623392550184084","0.1623392550184084","0.1623392550184084","1485","1485","1485","0.2672650086978711","0.2672650086978711","0.2672650086978711","1485","1485","1485","0.7747577663880274","0.7747577663880274","0.7747577663880274","1457","1457","1457","0.34066032569923327","0.34066032569923327","0.34066032569923327","2465","2465","2465","0.7595140998724922","0.7595140998724922","0.7595140998724922","477","477","477","0.12650357651931585","0.12650357651931585","0.12650357651931585","2465","2465","2465","0.6501671916036095","0.6501671916036095","0.6501671916036095","477","477","477","0.15433231973796296","0.15433231973796296","0.15433231973796296","1485","1485","1485","0.6494009305760481","0.6494009305760481","0.6494009305760481","1457","1457","1457","0.6485503880114806","0.6485503880114806","0.6485503880114806","2465","2465","2465","0.9249736273770689","0.9249736273770689","0.9249736273770689","477","477","477","0.679688237352631","0.679688237352631","0.679688237352631","1485","1485","1485","0.9249736273770689","0.9249736273770689","0.9249736273770689","1457","1457","1457","","","","","","","1","1","1","869","869","869","","","","","","","","","","","","","0.9099166150490418","0.9099166150490418","0.9099166150490418","477","477","477","","","","","","","0.29064493640801053","0.29064493640801053","0.29064493640801053","2465","2465","2465","0.8864132240923863","0.8864132240923863","0.8864132240923863","1457","1457","1457","0.8877873425985728","0.8877873425985728","0.8877873425985728","477","477","477","0.39434516402918557","0.39434516402918557","0.39434516402918557","1485","1485","1485","0.8974851078757555","0.8974851078757555","0.8974851078757555","1457","1457","1457","0.5232895068321234","0.5232895068321234","0.5232895068321234","2465","2465","2465"
"28","0.2287078567084613","0.2287078567084613","0.2287078567084613","2553","2553","2553","0.6455779096782673","0.6455779096782673","0.6455779096782673","494","494","494","0.6061473156128152","0.6061473156128152","0.6061473156128152","1509","1509","1509","0.17753696796307641","0.17753696796307641","0.17753696796307641","1538","1538","1538","0.3584408818750534","0.3584408818750534","0.3584408818750534","1538","1538","1538","0.7249438296556457","0.7249438296556457","0.7249438296556457","1509","1509","1509","0.4094141894026181","0.4094141894026181","0.4094141894026181","2553","2553","2553","0.7627397916547817","0.7627397916547817","0.7627397916547817","494","494","494","0.1372777315215597","0.1372777315215597","0.1372777315215597","2553","2553","2553","0.6698718438530223","0.6698718438530223","0.6698718438530223","494","494","494","0.176866014047387","0.176866014047387","0.176866014047387","1538","1538","1538","0.6738329258313881","0.6738329258313881","0.6738329258313881","1509","1509","1509","0.6473111110355296","0.6473111110355296","0.6473111110355296","2553","2553","2553","0.8767816663656899","0.8767816663656899","0.8767816663656899","494","494","494","0.6220340346498399","0.6220340346498399","0.6220340346498399","1538","1538","1538","0.8767816663656899","0.8767816663656899","0.8767816663656899","1509","1509","1509","","","","","","","1","1","1","900","900","900","","","","","","","","","","","","","0.90988074234637","0.90988074234637","0.90988074234637","494","494","494","","","","","","","0.3299727135759567","0.3299727135759567","0.3299727135759567","2553","2553","2553","0.8957041443011423","0.8957041443011423","0.8957041443011423","1509","1509","1509","0.8451075797010545","0.8451075797010545","0.8451075797010545","494","494","494","0.516390026890407","0.516390026890407","0.516390026890407","1538","1538","1538","0.8554973827440497","0.8554973827440497","0.8554973827440497","1509","1509","1509","0.49050978435023657","0.49050978435023657","0.49050978435023657","2553","2553","2553"
"29","0.24077374423201975","0.24077374423201975","0.24077374423201975","2641","2641","2641","0.659183927988455","0.659183927988455","0.659183927988455","511","511","511","0.5866441866257751","0.5866441866257751","0.5866441866257751","1561","1561","1561","0.17469611594519743","0.17469611594519743","0.17469611594519743","1591","1591","1591","0.45042265092213835","0.45042265092213835","0.45042265092213835","1591","1591","1591","0.7581409372409801","0.7581409372409801","0.7581409372409801","1561","1561","1561","0.4707912330591657","0.4707912330591657","0.4707912330591657","2641","2641","2641","0.779246450833006","0.779246450833006","0.779246450833006","511","511","511","0.14793274446944427","0.14793274446944427","0.14793274446944427","2641","2641","2641","0.6675856294542222","0.6675856294542222","0.6675856294542222","511","511","511","0.2245118579520268","0.2245118579520268","0.2245118579520268","1591","1591","1591","0.6669080848784041","0.6669080848784041","0.6669080848784041","1561","1561","1561","0.6619267774069758","0.6619267774069758","0.6619267774069758","2641","2641","2641","0.8909627173824678","0.8909627173824678","0.8909627173824678","511","511","511","0.6787739625163828","0.6787739625163828","0.6787739625163828","1591","1591","1591","0.8909627173824678","0.8909627173824678","0.8909627173824678","1561","1561","1561","","","","","","","1","1","1","931","931","931","","","","","","","","","","","","","0.9057552128244596","0.9057552128244596","0.9057552128244596","511","511","511","","","","","","","0.3477524694500061","0.3477524694500061","0.3477524694500061","2641","2641","2641","0.8908377690158582","0.8908377690158582","0.8908377690158582","1561","1561","1561","0.8535063293968712","0.8535063293968712","0.8535063293968712","511","511","511","0.5382226643939032","0.5382226643939032","0.5382226643939032","1591","1591","1591","0.895224385190208","0.895224385190208","0.895224385190208","1561","1561","1561","0.5509808336245042","0.5509808336245042","0.5509808336245042","2641","2641","2641"
"30","0.20740073795037156","0.20740073795037156","0.20740073795037156","2729","2729","2729","0.6724217876249551","0.6724217876249551","0.6724217876249551","528","528","528","0.6010991256988971","0.6010991256988971","0.6010991256988971","1613","1613","1613","0.1859638225519621","0.1859638225519621","0.1859638225519621","1644","1644","1644","0.4316281601087401","0.4316281601087401","0.4316281601087401","1644","1644","1644","0.7877518992976755","0.7877518992976755","0.7877518992976755","1613","1613","1613","0.4940785769993066","0.4940785769993066","0.4940785769993066","2729","2729","2729","0.7888223395212268","0.7888223395212268","0.7888223395212268","528","528","528","0.15311458662884875","0.15311458662884875","0.15311458662884875","2729","2729","2729","0.6341415270747742","0.6341415270747742","0.6341415270747742","528","528","528","0.1950984324671656","0.1950984324671656","0.1950984324671656","1644","1644","1644","0.6657633150666741","0.6657633150666741","0.6657633150666741","1613","1613","1613","","","","","","","0.913338983355218","0.913338983355218","0.913338983355218","528","528","528","","","","","","","0.913338983355218","0.913338983355218","0.913338983355218","1613","1613","1613","","","","","","","1","1","1","962","962","962","","","","","","","","","","","","","0.9113093169531478","0.9113093169531478","0.9113093169531478","528","528","528","","","","","","","0.3425235511486356","0.3425235511486356","0.3425235511486356","2729","2729","2729","0.8988697561239982","0.8988697561239982","0.8988697561239982","1613","1613","1613","0.8774807471164123","0.8774807471164123","0.8774807471164123","528","528","528","","","","","","","0.9068483606356857","0.9068483606356857","0.9068483606356857","1613","1613","1613","","","","","",""
"31","0.23034395030073485","0.23034395030073485","0.23034395030073485","2817","2817","2817","0.6596034111222033","0.6596034111222033","0.6596034111222033","545","545","545","0.6123814960115954","0.6123814960115954","0.6123814960115954","1665","1665","1665","0.17947052091747204","0.17947052091747204","0.17947052091747204","1697","1697","1697","0.4692081466051489","0.4692081466051489","0.4692081466051489","1697","1697","1697","0.8047368624098259","0.8047368624098259","0.8047368624098259","1665","1665","1665","0.5187777049466501","0.5187777049466501","0.5187777049466501","2817","2817","2817","0.8017190325174659","0.8017190325174659","0.8017190325174659","545","545","545","0.12608214205632434","0.12608214205632434","0.12608214205632434","2817","2817","2817","0.679556730535347","0.679556730535347","0.679556730535347","545","545","545","0.16411831215264613","0.16411831215264613","0.16411831215264613","1697","1697","1697","0.6972621549854296","0.6972621549854296","0.6972621549854296","1665","1665","1665","","","","","","","0.9195898249123566","0.9195898249123566","0.9195898249123566","545","545","545","","","","","","","0.9195898249123566","0.9195898249123566","0.9195898249123566","1665","1665","1665","","","","","","","1","1","1","993","993","993","","","","","","","","","","","","","0.9221759748406878","0.9221759748406878","0.9221759748406878","545","545","545","","","","","","","0.3343631496661616","0.3343631496661616","0.3343631496661616","2817","2817","2817","0.9144728489262266","0.9144728489262266","0.9144728489262266","1665","1665","1665","0.9132472503637136","0.9132472503637136","0.9132472503637136","545","545","545","","","","","","","0.9157181917924876","0.9157181917924876","0.9157181917924876","1665","1665","1665","","","","","",""
"32","0.24617771425018017","0.24617771425018017","0.24617771425018017","2905","2905","2905","0.6752976484456653","0.6752976484456653","0.6752976484456653","562","562","562","0.6663565999934852","0.6663565999934852","0.6663565999934852","1717","1717","1717","0.1884347066224756","0.1884347066224756","0.1884347066224756","1750","1750","1750","0.5051585464110852","0.5051585464110852","0.5051585464110852","1750","1750","1750","0.8283514700836001","0.8283514700836001","0.8283514700836001","1717","1717","1717","0.4467440939759282","0.4467440939759282","0.4467440939759282","2905","2905","2905","0.8169854445032908","0.8169854445032908","0.8169854445032908","562","562","562","0.14597196210106542","0.14597196210106542","0.14597196210106542","2905","2905","2905","0.6709547678259723","0.6709547678259723","0.6709547678259723","562","562","562","0.18614974617487864","0.18614974617487864","0.18614974617487864","1750","1750","1750","0.6978710686790377","0.6978710686790377","0.6978710686790377","1717","1717","1717","","","","","","","0.9271112844792867","0.9271112844792867","0.9271112844792867","562","562","562","","","","","","","0.9271112844792867","0.9271112844792867","0.9271112844792867","1717","1717","1717","","","","","","","1","1","1","1024","1024","1024","","","","","","","","","","","","","0.9228110153150895","0.9228110153150895","0.9228110153150895","562","562","562","","","","","","","0.33266725636459205","0.33266725636459205","0.33266725636459205","2905","2905","2905","0.9098783979994979","0.9098783979994979","0.9098783979994979","1717","1717","1717","0.9084614986223163","0.9084614986223163","0.9084614986223163","562","562","562","","","","","","","0.8945186230788034","0.8945186230788034","0.8945186230788034","1717","1717","1717","","","","","",""
"33","0.23646569577021634","0.23646569577021634","0.23646569577021634","2993","2993","2993","0.6983225036718668","0.6983225036718668","0.6983225036718668","579","579","579","0.6675619266119643","0.6675619266119643","0.6675619266119643","1769","1769","1769","0.18436863237479928","0.18436863237479928","0.18436863237479928","1803","1803","1803","0.38898750336983323","0.38898750336983323","0.38898750336983323","1803","1803","1803","0.7258602831027787","0.7258602831027787","0.7258602831027787","1769","1769","1769","0.454193579736655","0.454193579736655","0.454193579736655","2993","2993","2993","0.7637457611021976","0.7637457611021976","0.7637457611021976","579","579","579","0.15742995576132396","0.15742995576132396","0.15742995576132396","2993","2993","2993","0.6789636100674279","0.6789636100674279","0.6789636100674279","579","579","579","0.19829463311043233","0.19829463311043233","0.19829463311043233","1803","1803","1803","0.6945679484433016","0.6945679484433016","0.6945679484433016","1769","1769","1769","","","","","","","0.9210633350073344","0.9210633350073344","0.9210633350073344","579","579","579","","","","","","","0.9210633350073344","0.9210633350073344","0.9210633350073344","1769","1769","1769","","","","","","","1","1","1","1055","1055","1055","","","","","","","","","","","","","0.919816808329963","0.919816808329963","0.919816808329963","579","579","579","","","","","","","0.38072922511133156","0.38072922511133156","0.38072922511133156","2993","2993","2993","0.8927676382957694","0.8927676382957694","0.8927676382957694","1769","1769","1769","0.888985508910261","0.888985508910261","0.888985508910261","579","579","579","","","","","","","0.9014046213460278","0.9014046213460278","0.9014046213460278","1769","1769","1769","","","","","",""
"34","0.23534415341691206","0.23534415341691206","0.23534415341691206","3081","3081","3081","0.670093247606071","0.670093247606071","0.670093247606071","596","596","596","0.5352862225632483","0.5352862225632483","0.5352862225632483","1821","1821","1821","0.18577878965135514","0.18577878965135514","0.18577878965135514","1856","1856","1856","0.4443128550744408","0.4443128550744408","0.4443128550744408","1856","1856","1856","0.7395868344596686","0.7395868344596686","0.7395868344596686","1821","1821","1821","0.44591185473712097","0.44591185473712097","0.44591185473712097","3081","3081","3081","0.7508476212298465","0.7508476212298465","0.7508476212298465","596","596","596","0.13274648668061173","0.13274648668061173","0.13274648668061173","3081","3081","3081","0.6751095924803404","0.6751095924803404","0.6751095924803404","596","596","596","0.19062939175661409","0.19062939175661409","0.19062939175661409","1856","1856","1856","0.7034325113403491","0.7034325113403491","0.7034325113403491","1821","1821","1821","","","","","","","0.932138527280068","0.932138527280068","0.932138527280068","596","596","596","","","","","","","0.93215296024","0.93215296024","0.93215296024","1821","1821","1821","","","","","","","1","1","1","1086","1086","1086","","","","","","","","","","","","","0.9119156797924857","0.9119156797924857","0.9119156797924857","596","596","596","","","","","","","0.32006787095218425","0.32006787095218425","0.32006787095218425","3081","3081","3081","0.8803122155236132","0.8803122155236132","0.8803122155236132","1821","1821","1821","0.9053234177632337","0.9053234177632337","0.9053234177632337","596","596","596","","","","","","","0.9102740213019138","0.9102740213019138","0.9102740213019138","1821","1821","1821","","","","","",""
"35","0.23891326234307342","0.23891326234307342","0.23891326234307342","3169","3169","3169","0.6711063226969761","0.6711063226969761","0.6711063226969761","613","613","613","0.6824562610057484","0.6824562610057484","0.6824562610057484","1873","1873","1873","0.19855568932001838","0.19855568932001838","0.19855568932001838","1909","1909","1909","0.4577928342189596","0.4577928342189596","0.4577928342189596","1909","1909","1909","0.7614851868722033","0.7614851868722033","0.7614851868722033","1873","1873","1873","0.43906292938138963","0.43906292938138963","0.43906292938138963","3169","3169","3169","0.78238615349732","0.78238615349732","0.78238615349732","613","613","613","0.10396291602530454","0.10396291602530454","0.10396291602530454","3169","3169","3169","0.6780916336328213","0.6780916336328213","0.6780916336328213","613","613","613","0.21627233727163234","0.21627233727163234","0.21627233727163234","1909","1909","1909","0.7091950658986947","0.7091950658986947","0.7091950658986947","1873","1873","1873","","","","","","","0.9394947495485287","0.9394947495485287","0.9394947495485287","613","613","613","","","","","","","0.9394704699122256","0.9394704699122256","0.9394704699122256","1873","1873","1873","","","","","","","1","1","1","1117","1117","1117","","","","","","","","","","","","","0.918834054548134","0.918834054548134","0.918834054548134","613","613","613","","","","","","","0.3015681730274138","0.3015681730274138","0.3015681730274138","3169","3169","3169","0.9062308799568657","0.9062308799568657","0.9062308799568657","1873","1873","1873","0.9218725805938165","0.9218725805938165","0.9218725805938165","613","613","613","","","","","","","0.9140784979107521","0.9140784979107521","0.9140784979107521","1873","1873","1873","","","","","",""
"36","0.21794722266980784","0.21794722266980784","0.21794722266980784","3257","3257","3257","0.6824647308724682","0.6824647308724682","0.6824647308724682","630","630","630","0.6363736238340383","0.6363736238340383","0.6363736238340383","1925","1925","1925","0.1707275575341306","0.1707275575341306","0.1707275575341306","1962","1962","1962","0.5291254423948231","0.5291254423948231","0.5291254423948231","1962","1962","1962","0.8047594018834963","0.8047594018834963","0.8047594018834963","1925","1925","1925","0.47668721200674713","0.47668721200674713","0.47668721200674713","3257","3257","3257","0.8070260244043327","0.8070260244043327","0.8070260244043327","630","630","630","0.12588317229231547","0.12588317229231547","0.12588317229231547","3257","3257","3257","0.6739220220713772","0.6739220220713772","0.6739220220713772","630","630","630","0.20265641324512326","0.20265641324512326","0.20265641324512326","1962","1962","1962","0.6981571545372238","0.6981571545372238","0.6981571545372238","1925","1925","1925","","","","","","","0.9317562240074597","0.9317562240074597","0.9317562240074597","630","630","630","","","","","","","0.9319425796594876","0.9319425796594876","0.9319425796594876","1925","1925","1925","","","","","","","0.99666892412031","0.99666892412031","0.99666892412031","1148","1148","1148","","","","","","","","","","","","","0.9249059671093661","0.9249059671093661","0.9249059671093661","630","630","630","","","","","","","0.40622661130766086","0.40622661130766086","0.40622661130766086","3257","3257","3257","0.9120082216693455","0.9120082216693455","0.9120082216693455","1925","1925","1925","0.9326943837782579","0.9326943837782579","0.9326943837782579","630","630","630","","","","","","","0.9311003897472423","0.9311003897472423","0.9311003897472423","1925","1925","1925","","","","","",""
"37","0.2737152240900615","0.2737152240900615","0.2737152240900615","3345","3345","3345","0.6657821656962468","0.6657821656962468","0.6657821656962468","647","647","647","0.6388914298015618","0.6388914298015618","0.6388914298015618","1977","1977","1977","0.18095524625030954","0.18095524625030954","0.18095524625030954","2015","2015","2015","0.5320771188780206","0.5320771188780206","0.5320771188780206","2015","2015","2015","0.8009990868780269","0.8009990868780269","0.8009990868780269","1977","1977","1977","0.5255765426762269","0.5255765426762269","0.5255765426762269","3345","3345","3345","0.8086736321841188","0.8086736321841188","0.8086736321841188","647","647","647","0.09992065383810411","0.09992065383810411","0.09992065383810411","3345","3345","3345","0.6490373845618903","0.6490373845618903","0.6490373845618903","647","647","647","0.2055892354523449","0.2055892354523449","0.2055892354523449","2015","2015","2015","0.6933873951342989","0.6933873951342989","0.6933873951342989","1977","1977","1977","","","","","","","0.924591775443098","0.924591775443098","0.924591775443098","647","647","647","","","","","","","0.9244207174753065","0.9244207174753065","0.9244207174753065","1977","1977","1977","","","","","","","","","","","","","","","","","","","","","","","","","0.9280917511169668","0.9280917511169668","0.9280917511169668","647","647","647","","","","","","","0.2535950689437545","0.2535950689437545","0.2535950689437545","3345","3345","3345","0.920533855257039","0.920533855257039","0.920533855257039","1977","1977","1977","0.941817532054193","0.941817532054193","0.941817532054193","647","647","647","","","","","","","0.9400275657151951","0.9400275657151951","0.9400275657151951","1977","1977","1977","","","","","",""
"38","0.2471313737091057","0.2471313737091057","0.2471313737091057","3433","3433","3433","0.6983429012735727","0.6983429012735727","0.6983429012735727","664","664","664","0.6214246182485114","0.6214246182485114","0.6214246182485114","2029","2029","2029","0.17439243213136865","0.17439243213136865","0.17439243213136865","2068","2068","2068","0.537877460832345","0.537877460832345","0.537877460832345","2068","2068","2068","0.8245991231737388","0.8245991231737388","0.8245991231737388","2029","2029","2029","0.5002182156056975","0.5002182156056975","0.5002182156056975","3433","3433","3433","0.8580204976517799","0.8580204976517799","0.8580204976517799","664","664","664","0.1312083398847969","0.1312083398847969","0.1312083398847969","3433","3433","3433","0.7026131132228626","0.7026131132228626","0.7026131132228626","664","664","664","0.18895873836412147","0.18895873836412147","0.18895873836412147","2068","2068","2068","0.7216314314661452","0.7216314314661452","0.7216314314661452","2029","2029","2029","","","","","","","0.9399293771712748","0.9399293771712748","0.9399293771712748","664","664","664","","","","","","","0.9395901760001727","0.9395901760001727","0.9395901760001727","2029","2029","2029","","","","","","","","","","","","","","","","","","","","","","","","","0.9269895127057429","0.9269895127057429","0.9269895127057429","664","664","664","","","","","","","0.3465226273704167","0.3465226273704167","0.3465226273704167","3433","3433","3433","0.916711321554919","0.916711321554919","0.916711321554919","2029","2029","2029","0.9503499004119033","0.9503499004119033","0.9503499004119033","664","664","664","","","","","","","0.93075010580759","0.93075010580759","0.93075010580759","2029","2029","2029","","","","","",""
"39","0.25948088515979445","0.25948088515979445","0.25948088515979445","3521","3521","3521","0.6969511133097935","0.6969511133097935","0.6969511133097935","681","681","681","0.6632922584286004","0.6632922584286004","0.6632922584286004","2081","2081","2081","0.20284350140130666","0.20284350140130666","0.20284350140130666","2121","2121","2121","0.567203466976288","0.567203466976288","0.567203466976288","2121","2121","2121","0.7929388472408424","0.7929388472408424","0.7929388472408424","2081","2081","2081","0.5981557086047883","0.5981557086047883","0.5981557086047883","3521","3521","3521","0.8036680055493143","0.8036680055493143","0.8036680055493143","681","681","681","0.11684051663776879","0.11684051663776879","0.11684051663776879","3521","3521","3521","0.6837690444313524","0.6837690444313524","0.6837690444313524","681","681","681","0.21684680689522098","0.21684680689522098","0.21684680689522098","2121","2121","2121","0.6814342809119162","0.6814342809119162","0.6814342809119162","2081","2081","2081","","","","","","","0.9468361730770528","0.9468361730770528","0.9468361730770528","681","681","681","","","","","","","0.9465638822422195","0.9465638822422195","0.9465638822422195","2081","2081","2081","","","","","","","","","","","","","","","","","","","","","","","","","0.9033940087984118","0.9033940087984118","0.9033940087984118","681","681","681","","","","","","","0.38447246777585914","0.38447246777585914","0.38447246777585914","3521","3521","3521","0.8802164962190628","0.8802164962190628","0.8802164962190628","2081","2081","2081","0.9414775029649598","0.9414775029649598","0.9414775029649598","681","681","681","","","","","","","0.9479635017745067","0.9479635017745067","0.9479635017745067","2081","2081","2081","","","","","",""
"40","0.25674916678363535","0.25674916678363535","0.25674916678363535","3609","3609","3609","0.6768435743964791","0.6768435743964791","0.6768435743964791","698","698","698","0.6580980668073015","0.6580980668073015","0.6580980668073015","2133","2133","2133","0.19306239861603874","0.19306239861603874","0.19306239861603874","2174","2174","2174","0.5843331572963837","0.5843331572963837","0.5843331572963837","2174","2174","2174","0.7531573280301961","0.7531573280301961","0.7531573280301961","2133","2133","2133","0.6274383605996473","0.6274383605996473","0.6274383605996473","3609","3609","3609","0.75524478141274","0.75524478141274","0.75524478141274","698","698","698","0.1484260184868035","0.1484260184868035","0.1484260184868035","3609","3609","3609","0.6518297361844669","0.6518297361844669","0.6518297361844669","698","698","698","0.2132531819103291","0.2132531819103291","0.2132531819103291","2174","2174","2174","0.7086881371206646","0.7086881371206646","0.7086881371206646","2133","2133","2133","","","","","","","0.9564573031266912","0.9564573031266912","0.9564573031266912","698","698","698","","","","","","","0.956246714213824","0.956246714213824","0.956246714213824","2133","2133","2133","","","","","","","","","","","","","","","","","","","","","","","","","0.924493640347342","0.924493640347342","0.924493640347342","698","698","698","","","","","","","0.3871077838783939","0.3871077838783939","0.3871077838783939","3609","3609","3609","0.9033788403840705","0.9033788403840705","0.9033788403840705","2133","2133","2133","0.8930218471558902","0.8930218471558902","0.8930218471558902","698","698","698","","","","","","","0.9002717994881552","0.9002717994881552","0.9002717994881552","2133","2133","2133","","","","","",""
"41","0.25943158737910343","0.25943158737910343","0.25943158737910343","3697","3697","3697","0.6989620167171944","0.6989620167171944","0.6989620167171944","715","715","715","0.6840652044364764","0.6840652044364764","0.6840652044364764","2185","2185","2185","0.14605114786429968","0.14605114786429968","0.14605114786429968","2227","2227","2227","0.42847133775798363","0.42847133775798363","0.42847133775798363","2227","2227","2227","0.742006045965801","0.742006045965801","0.742006045965801","2185","2185","2185","0.6560291795135348","0.6560291795135348","0.6560291795135348","3697","3697","3697","0.7390507763647547","0.7390507763647547","0.7390507763647547","715","715","715","0.11588265153618124","0.11588265153618124","0.11588265153618124","3697","3697","3697","0.6670714498478304","0.6670714498478304","0.6670714498478304","715","715","715","0.21445717134252662","0.21445717134252662","0.21445717134252662","2227","2227","2227","0.6942749683001542","0.6942749683001542","0.6942749683001542","2185","2185","2185","","","","","","","0.9560249054147089","0.9560249054147089","0.9560249054147089","715","715","715","","","","","","","0.9551621466943232","0.9551621466943232","0.9551621466943232","2185","2185","2185","","","","","","","","","","","","","","","","","","","","","","","","","0.9276882923862814","0.9276882923862814","0.9276882923862814","715","715","715","","","","","","","0.3815506355878419","0.3815506355878419","0.3815506355878419","3697","3697","3697","0.9262512977363992","0.9262512977363992","0.9262512977363992","2185","2185","2185","0.8940637940702114","0.8940637940702114","0.8940637940702114","715","715","715","","","","","","","0.8501267111768499","0.8501267111768499","0.8501267111768499","2185","2185","2185","","","","","",""
"42","0.2596882674440017","0.2596882674440017","0.2596882674440017","3785","3785","3785","0.6921933822248032","0.6921933822248032","0.6921933822248032","732","732","732","0.6608337304200678","0.6608337304200678","0.6608337304200678","2237","2237","2237","0.18625796545014894","0.18625796545014894","0.18625796545014894","2280","2280","2280","0.5852356850876","0.5852356850876","0.5852356850876","2280","2280","2280","0.7854669927330119","0.7854669927330119","0.7854669927330119","2237","2237","2237","0.511552201425152","0.511552201425152","0.511552201425152","3785","3785","3785","0.7762336071138994","0.7762336071138994","0.7762336071138994","732","732","732","0.1288111896054311","0.1288111896054311","0.1288111896054311","3785","3785","3785","0.6847651818721819","0.6847651818721819","0.6847651818721819","732","732","732","0.2345782924658466","0.2345782924658466","0.2345782924658466","2280","2280","2280","0.708747477341927","0.708747477341927","0.708747477341927","2237","2237","2237","","","","","","","0.9654853887133807","0.9654853887133807","0.9654853887133807","732","732","732","","","","","","","0.9642103513698203","0.9642103513698203","0.9642103513698203","2237","2237","2237","","","","","","","","","","","","","","","","","","","","","","","","","0.9380572780689298","0.9380572780689298","0.9380572780689298","732","732","732","","","","","","","0.41262601700985796","0.41262601700985796","0.41262601700985796","3785","3785","3785","0.9284910973036464","0.9284910973036464","0.9284910973036464","2237","2237","2237","0.9119317687742433","0.9119317687742433","0.9119317687742433","732","732","732","","","","","","","0.9033044124604832","0.9033044124604832","0.9033044124604832","2237","2237","2237","","","","","",""
"43","0.2578207028269268","0.2578207028269268","0.2578207028269268","3873","3873","3873","0.6895450361404192","0.6895450361404192","0.6895450361404192","749","749","749","0.6335697024805824","0.6335697024805824","0.6335697024805824","2289","2289","2289","0.1746758827717872","0.1746758827717872","0.1746758827717872","2333","2333","2333","0.5362208506309111","0.5362208506309111","0.5362208506309111","2333","2333","2333","0.7962971746675469","0.7962971746675469","0.7962971746675469","2289","2289","2289","0.554890044406991","0.554890044406991","0.554890044406991","3873","3873","3873","0.8003234253096645","0.8003234253096645","0.8003234253096645","749","749","749","0.09031818048924174","0.09031818048924174","0.09031818048924174","3873","3873","3873","0.6906233947726704","0.6906233947726704","0.6906233947726704","749","749","749","0.20356707954189282","0.20356707954189282","0.20356707954189282","2333","2333","2333","0.7210499652641121","0.7210499652641121","0.7210499652641121","2289","2289","2289","","","","","","","0.9708371615097845","0.9708371615097845","0.9708371615097845","749","749","749","","","","","","","0.9703847352450455","0.9703847352450455","0.9703847352450455","2289","2289","2289","","","","","","","","","","","","","","","","","","","","","","","","","0.9212933583111977","0.9212933583111977","0.9212933583111977","749","749","749","","","","","","","0.35687983716679783","0.35687983716679783","0.35687983716679783","3873","3873","3873","0.9211355023347845","0.9211355023347845","0.9211355023347845","2289","2289","2289","0.939015485058178","0.939015485058178","0.939015485058178","749","749","749","","","","","","","0.9287237475124578","0.9287237475124578","0.9287237475124578","2289","2289","2289","","","","","",""
"44","0.2713529161490098","0.2713529161490098","0.2713529161490098","3961","3961","3961","0.6977904765549123","0.6977904765549123","0.6977904765549123","766","766","766","0.6622020238476422","0.6622020238476422","0.6622020238476422","2341","2341","2341","0.18302383772272734","0.18302383772272734","0.18302383772272734","2386","2386","2386","0.5365792971614964","0.5365792971614964","0.5365792971614964","2386","2386","2386","0.8145516147570253","0.8145516147570253","0.8145516147570253","2341","2341","2341","0.6497701493654198","0.6497701493654198","0.6497701493654198","3961","3961","3961","0.8248697442422736","0.8248697442422736","0.8248697442422736","766","766","766","0.13653692368640447","0.13653692368640447","0.13653692368640447","3961","3961","3961","0.6592941174571618","0.6592941174571618","0.6592941174571618","766","766","766","0.23151136526988744","0.23151136526988744","0.23151136526988744","2386","2386","2386","0.7226807498747574","0.7226807498747574","0.7226807498747574","2341","2341","2341","","","","","","","0.9732646284642141","0.9732646284642141","0.9732646284642141","766","766","766","","","","","","","0.9740328821402977","0.9740328821402977","0.9740328821402977","2341","2341","2341","","","","","","","","","","","","","","","","","","","","","","","","","0.9394937141307033","0.9394937141307033","0.9394937141307033","766","766","766","","","","","","","0.3568295270947305","0.3568295270947305","0.3568295270947305","3961","3961","3961","0.9308246368907771","0.9308246368907771","0.9308246368907771","2341","2341","2341","0.95984759568407","0.95984759568407","0.95984759568407","766","766","766","","","","","","","0.9409136193133327","0.9409136193133327","0.9409136193133327","2341","2341","2341","","","","","",""
"45","0.24460853587854306","0.24460853587854306","0.24460853587854306","4049","4049","4049","0.7094938710639553","0.7094938710639553","0.7094938710639553","783","783","783","0.6713189122797661","0.6713189122797661","0.6713189122797661","2393","2393","2393","0.17689046811540982","0.17689046811540982","0.17689046811540982","2439","2439","2439","0.5176818658151625","0.5176818658151625","0.5176818658151625","2439","2439","2439","0.5994632457433121","0.5994632457433121","0.5994632457433121","2393","2393","2393","0.7021311863826776","0.7021311863826776","0.7021311863826776","4049","4049","4049","0.5913331522102327","0.5913331522102327","0.5913331522102327","783","783","783","0.11210246187018584","0.11210246187018584","0.11210246187018584","4049","4049","4049","0.6313143735050424","0.6313143735050424","0.6313143735050424","783","783","783","0.1952141565448114","0.1952141565448114","0.1952141565448114","2439","2439","2439","0.7382190095298533","0.7382190095298533","0.7382190095298533","2393","2393","2393","","","","","","","0.9750633932283707","0.9750633932283707","0.9750633932283707","783","783","783","","","","","","","0.9742120051999932","0.9742120051999932","0.9742120051999932","2393","2393","2393","","","","","","","","","","","","","","","","","","","","","","","","","0.9214682374620466","0.9214682374620466","0.9214682374620466","783","783","783","","","","","","","0.34162135257148685","0.34162135257148685","0.34162135257148685","4049","4049","4049","0.8775113117214243","0.8775113117214243","0.8775113117214243","2393","2393","2393","0.9561067936819433","0.9561067936819433","0.9561067936819433","783","783","783","","","","","","","0.9478468962650428","0.9478468962650428","0.9478468962650428","2393","2393","2393","","","","","",""
"46","0.25517164689538346","0.25517164689538346","0.25517164689538346","4137","4137","4137","0.6778118368225895","0.6778118368225895","0.6778118368225895","800","800","800","0.666965076655944","0.666965076655944","0.666965076655944","2445","2445","2445","0.16911800778790376","0.16911800778790376","0.16911800778790376","2492","2492","2492","0.5312958207449874","0.5312958207449874","0.5312958207449874","2492","2492","2492","0.7609910045115454","0.7609910045115454","0.7609910045115454","2445","2445","2445","0.5762789868773075","0.5762789868773075","0.5762789868773075","4137","4137","4137","0.6803155244826834","0.6803155244826834","0.6803155244826834","800","800","800","0.12395925058421092","0.12395925058421092","0.12395925058421092","4137","4137","4137","0.7107331291315394","0.7107331291315394","0.7107331291315394","800","800","800","0.22020762851905665","0.22020762851905665","0.22020762851905665","2492","2492","2492","0.7411701071966275","0.7411701071966275","0.7411701071966275","2445","2445","2445","","","","","","","0.9755632058946825","0.9755632058946825","0.9755632058946825","800","800","800","","","","","","","0.9741846296382815","0.9741846296382815","0.9741846296382815","2445","2445","2445","","","","","","","","","","","","","","","","","","","","","","","","","0.932660955793079","0.932660955793079","0.932660955793079","800","800","800","","","","","","","0.39959904474923635","0.39959904474923635","0.39959904474923635","4137","4137","4137","0.9022330112891052","0.9022330112891052","0.9022330112891052","2445","2445","2445","0.8930145101474247","0.8930145101474247","0.8930145101474247","800","800","800","","","","","","","0.9370981403656382","0.9370981403656382","0.9370981403656382","2445","2445","2445","","","","","",""
"47","0.24511294702816658","0.24511294702816658","0.24511294702816658","4225","4225","4225","0.7373270419496748","0.7373270419496748","0.7373270419496748","817","817","817","0.6994811350024477","0.6994811350024477","0.6994811350024477","2497","2497","2497","0.1861477752406811","0.1861477752406811","0.1861477752406811","2545","2545","2545","0.6457482469268516","0.6457482469268516","0.6457482469268516","2545","2545","2545","0.7835358536118628","0.7835358536118628","0.7835358536118628","2497","2497","2497","0.6057585436799532","0.6057585436799532","0.6057585436799532","4225","4225","4225","0.7206604783225437","0.7206604783225437","0.7206604783225437","817","817","817","0.10120170453708804","0.10120170453708804","0.10120170453708804","4225","4225","4225","0.7080079606047651","0.7080079606047651","0.7080079606047651","817","817","817","0.18766831830837835","0.18766831830837835","0.18766831830837835","2545","2545","2545","0.7314526581202098","0.7314526581202098","0.7314526581202098","2497","2497","2497","","","","","","","0.9692302970513693","0.9692302970513693","0.9692302970513693","817","817","817","","","","","","","0.9706083396005694","0.9706083396005694","0.9706083396005694","2497","2497","2497","","","","","","","","","","","","","","","","","","","","","","","","","0.9466590319191829","0.9466590319191829","0.9466590319191829","817","817","817","","","","","","","0.4216167642502168","0.4216167642502168","0.4216167642502168","4225","4225","4225","0.9331889620740883","0.9331889620740883","0.9331889620740883","2497","2497","2497","0.905222949525268","0.905222949525268","0.905222949525268","817","817","817","","","","","","","0.9529354997570826","0.9529354997570826","0.9529354997570826","2497","2497","2497","","","","","",""
"48","0.2653471476526184","0.2653471476526184","0.2653471476526184","4313","4313","4313","0.7145974750525429","0.7145974750525429","0.7145974750525429","834","834","834","0.7027362780814707","0.7027362780814707","0.7027362780814707","2549","2549","2549","0.19029020300233906","0.19029020300233906","0.19029020300233906","2598","2598","2598","0.7241353202759592","0.7241353202759592","0.7241353202759592","2598","2598","2598","0.7971504684841005","0.7971504684841005","0.7971504684841005","2549","2549","2549","0.5052929862005014","0.5052929862005014","0.5052929862005014","4313","4313","4313","0.7447186126681705","0.7447186126681705","0.7447186126681705","834","834","834","0.12101949906708163","0.12101949906708163","0.12101949906708163","4313","4313","4313","0.7186038409240701","0.7186038409240701","0.7186038409240701","834","834","834","0.2130576852560035","0.2130576852560035","0.2130576852560035","2598","2598","2598","0.742972884019415","0.742972884019415","0.742972884019415","2549","2549","2549","","","","","","","0.9782053924531722","0.9782053924531722","0.9782053924531722","834","834","834","","","","","","","0.9800716594714972","0.9800716594714972","0.9800716594714972","2549","2549","2549","","","","","","","","","","","","","","","","","","","","","","","","","0.9407455234752388","0.9407455234752388","0.9407455234752388","834","834","834","","","","","","","0.512684725709746","0.512684725709746","0.512684725709746","4313","4313","4313","0.9275298957162137","0.9275298957162137","0.9275298957162137","2549","2549","2549","0.8806166703313258","0.8806166703313258","0.8806166703313258","834","834","834","","","","","","","0.9549116033230458","0.9549116033230458","0.9549116033230458","2549","2549","2549","","","","","",""
"49","0.25956675892137604","0.25956675892137604","0.25956675892137604","4401","4401","4401","0.7370038594488172","0.7370038594488172","0.7370038594488172","851","851","851","0.7072252115370724","0.7072252115370724","0.7072252115370724","2601","2601","2601","0.19125977568865937","0.19125977568865937","0.19125977568865937","2651","2651","2651","0.7425359777381846","0.7425359777381846","0.7425359777381846","2651","2651","2651","0.6251395628675849","0.6251395628675849","0.6251395628675849","2601","2601","2601","0.6721026564908071","0.6721026564908071","0.6721026564908071","4401","4401","4401","0.6800081351163573","0.6800081351163573","0.6800081351163573","851","851","851","0.12108577012552459","0.12108577012552459","0.12108577012552459","4401","4401","4401","0.6996893578362755","0.6996893578362755","0.6996893578362755","851","851","851","0.23302860254058594","0.23302860254058594","0.23302860254058594","2651","2651","2651","0.744948453832286","0.744948453832286","0.744948453832286","2601","2601","2601","","","","","","","0.9808925043038734","0.9808925043038734","0.9808925043038734","851","851","851","","","","","","","0.9811936477437633","0.9811936477437633","0.9811936477437633","2601","2601","2601","","","","","","","","","","","","","","","","","","","","","","","","","0.9401313274655408","0.9401313274655408","0.9401313274655408","851","851","851","","","","","","","0.46033770168414234","0.46033770168414234","0.46033770168414234","4401","4401","4401","0.9064209759493365","0.9064209759493365","0.9064209759493365","2601","2601","2601","0.9279517967944487","0.9279517967944487","0.9279517967944487","851","851","851","","","","","","","0.909715434003887","0.909715434003887","0.909715434003887","2601","2601","2601","","","","","",""
"50","0.2506193878307679","0.2506193878307679","0.2506193878307679","4489","4489","4489","0.7087419785589308","0.7087419785589308","0.7087419785589308","868","868","868","0.6918438463494028","0.6918438463494028","0.6918438463494028","2653","2653","2653","0.18487874521710104","0.18487874521710104","0.18487874521710104","2704","2704","2704","","","","","","","0.7589522749959741","0.7589522749959741","0.7589522749959741","2653","2653","2653","","","","","","","0.7433156504302436","0.7433156504302436","0.7433156504302436","868","868","868","0.12755495546069673","0.12755495546069673","0.12755495546069673","4489","4489","4489","0.7244177587745554","0.7244177587745554","0.7244177587745554","868","868","868","0.23429118328735066","0.23429118328735066","0.23429118328735066","2704","2704","2704","0.7645758195064741","0.7645758195064741","0.7645758195064741","2653","2653","2653","","","","","","","0.9814968469187854","0.9814968469187854","0.9814968469187854","868","868","868","","","","","","","0.983375236838774","0.983375236838774","0.983375236838774","2653","2653","2653","","","","","","","","","","","","","","","","","","","","","","","","","0.9250440379984752","0.9250440379984752","0.9250440379984752","868","868","868","","","","","","","","","","","","","","","","","","","0.9430332582434425","0.9430332582434425","0.9430332582434425","868","868","868","","","","","","","0.9322913524062005","0.9322913524062005","0.9322913524062005","2653","2653","2653","","","","","",""
"51","0.2667930279107386","0.2667930279107386","0.2667930279107386","4577","4577","4577","0.7289460031699688","0.7289460031699688","0.7289460031699688","885","885","885","0.6967900309558607","0.6967900309558607","0.6967900309558607","2705","2705","2705","0.18050934276715816","0.18050934276715816","0.18050934276715816","2757","2757","2757","","","","","","","0.7640463679392641","0.7640463679392641","0.7640463679392641","2705","2705","2705","","","","","","","0.7387922202915823","0.7387922202915823","0.7387922202915823","885","885","885","0.1249918594399379","0.1249918594399379","0.1249918594399379","4577","4577","4577","0.7020101141543473","0.7020101141543473","0.7020101141543473","885","885","885","0.2581880374141167","0.2581880374141167","0.2581880374141167","2757","2757","2757","0.758522908038464","0.758522908038464","0.758522908038464","2705","2705","2705","","","","","","","0.9866331226967309","0.9866331226967309","0.9866331226967309","885","885","885","","","","","","","0.9858598839240418","0.9858598839240418","0.9858598839240418","2705","2705","2705","","","","","","","","","","","","","","","","","","","","","","","","","0.9358474940245741","0.9358474940245741","0.9358474940245741","885","885","885","","","","","","","","","","","","","","","","","","","0.9464317523673863","0.9464317523673863","0.9464317523673863","885","885","885","","","","","","","0.9431538148980997","0.9431538148980997","0.9431538148980997","2705","2705","2705","","","","","",""
"52","0.25683140411301114","0.25683140411301114","0.25683140411301114","4665","4665","4665","0.7245654364383325","0.7245654364383325","0.7245654364383325","902","902","902","0.7028155198522164","0.7028155198522164","0.7028155198522164","2757","2757","2757","0.18597578969529732","0.18597578969529732","0.18597578969529732","2810","2810","2810","","","","","","","0.783351976110449","0.783351976110449","0.783351976110449","2757","2757","2757","","","","","","","0.7568954603387613","0.7568954603387613","0.7568954603387613","902","902","902","0.12838207619162242","0.12838207619162242","0.12838207619162242","4665","4665","4665","0.7114585358383378","0.7114585358383378","0.7114585358383378","902","902","902","0.2547940401300369","0.2547940401300369","0.2547940401300369","2810","2810","2810","0.7414979033104793","0.7414979033104793","0.7414979033104793","2757","2757","2757","","","","","","","0.9856756173779639","0.9856756173779639","0.9856756173779639","902","902","902","","","","","","","0.9863391974113835","0.9863391974113835","0.9863391974113835","2757","2757","2757","","","","","","","","","","","","","","","","","","","","","","","","","0.9434863340654014","0.9434863340654014","0.9434863340654014","902","902","902","","","","","","","","","","","","","","","","","","","0.9538428079583798","0.9538428079583798","0.9538428079583798","902","902","902","","","","","","","0.9493851231409387","0.9493851231409387","0.9493851231409387","2757","2757","2757","","","","","",""
"53","0.27414219982018967","0.27414219982018967","0.27414219982018967","4753","4753","4753","0.7548658370931486","0.7548658370931486","0.7548658370931486","919","919","919","0.7230914797433594","0.7230914797433594","0.7230914797433594","2809","2809","2809","0.19285977649968467","0.19285977649968467","0.19285977649968467","2863","2863","2863","","","","","","","0.8009557867505132","0.8009557867505132","0.8009557867505132","2809","2809","2809","","","","","","","0.7778782521985256","0.7778782521985256","0.7778782521985256","919","919","919","0.13114045776062197","0.13114045776062197","0.13114045776062197","4753","4753","4753","0.7169525351100408","0.7169525351100408","0.7169525351100408","919","919","919","0.21409615253501582","0.21409615253501582","0.21409615253501582","2863","2863","2863","0.7526585327908772","0.7526585327908772","0.7526585327908772","2809","2809","2809","","","","","","","0.9667051699279436","0.9667051699279436","0.9667051699279436","919","919","919","","","","","","","0.9741454472790576","0.9741454472790576","0.9741454472790576","2809","2809","2809","","","","","","","","","","","","","","","","","","","","","","","","","0.9585673239656938","0.9585673239656938","0.9585673239656938","919","919","919","","","","","","","","","","","","","","","","","","","0.9683509131696021","0.9683509131696021","0.9683509131696021","919","919","919","","","","","","","0.9691118917210824","0.9691118917210824","0.9691118917210824","2809","2809","2809","","","","","",""
"54","0.30866603395553766","0.30866603395553766","0.30866603395553766","4841","4841","4841","0.7272198628713761","0.7272198628713761","0.7272198628713761","936","936","936","0.6942812384649959","0.6942812384649959","0.6942812384649959","2861","2861","2861","0.2077766314647593","0.2077766314647593","0.2077766314647593","2916","2916","2916","","","","","","","0.7596839223453384","0.7596839223453384","0.7596839223453384","2861","2861","2861","","","","","","","0.7148191221814651","0.7148191221814651","0.7148191221814651","936","936","936","0.11636583283511093","0.11636583283511093","0.11636583283511093","4841","4841","4841","0.6968293525311997","0.6968293525311997","0.6968293525311997","936","936","936","0.19350276323046128","0.19350276323046128","0.19350276323046128","2916","2916","2916","0.7318998078822675","0.7318998078822675","0.7318998078822675","2861","2861","2861","","","","","","","0.9694452654703232","0.9694452654703232","0.9694452654703232","936","936","936","","","","","","","0.9734182524781887","0.9734182524781887","0.9734182524781887","2861","2861","2861","","","","","","","","","","","","","","","","","","","","","","","","","0.9407236213275502","0.9407236213275502","0.9407236213275502","936","936","936","","","","","","","","","","","","","","","","","","","0.9783165405183595","0.9783165405183595","0.9783165405183595","936","936","936","","","","","","","0.9690902107259878","0.9690902107259878","0.9690902107259878","2861","2861","2861","","","","","",""
"55","0.268001069113565","0.268001069113565","0.268001069113565","4929","4929","4929","0.7482567135755741","0.7482567135755741","0.7482567135755741","953","953","953","0.7147568552343121","0.7147568552343121","0.7147568552343121","2913","2913","2913","0.19307910662559982","0.19307910662559982","0.19307910662559982","2969","2969","2969","","","","","","","0.7862489575770947","0.7862489575770947","0.7862489575770947","2913","2913","2913","","","","","","","0.7606278539762448","0.7606278539762448","0.7606278539762448","953","953","953","0.14682564266876794","0.14682564266876794","0.14682564266876794","4929","4929","4929","0.7260000253370705","0.7260000253370705","0.7260000253370705","953","953","953","0.22570425750570802","0.22570425750570802","0.22570425750570802","2969","2969","2969","0.7815805664429556","0.7815805664429556","0.7815805664429556","2913","2913","2913","","","","","","","0.9847023098923238","0.9847023098923238","0.9847023098923238","953","953","953","","","","","","","0.9885838686065392","0.9885838686065392","0.9885838686065392","2913","2913","2913","","","","","","","","","","","","","","","","","","","","","","","","","0.9367970256383731","0.9367970256383731","0.9367970256383731","953","953","953","","","","","","","","","","","","","","","","","","","0.979780553945533","0.979780553945533","0.979780553945533","953","953","953","","","","","","","0.9756691749518442","0.9756691749518442","0.9756691749518442","2913","2913","2913","","","","","",""
"56","0.2936286246716506","0.2936286246716506","0.2936286246716506","5017","5017","5017","0.7521470013931423","0.7521470013931423","0.7521470013931423","970","970","970","0.7106381535190173","0.7106381535190173","0.7106381535190173","2965","2965","2965","0.1996536752042335","0.1996536752042335","0.1996536752042335","3022","3022","3022","","","","","","","0.8034535209548513","0.8034535209548513","0.8034535209548513","2965","2965","2965","","","","","","","0.7550997991636347","0.7550997991636347","0.7550997991636347","970","970","970","0.12707343890807601","0.12707343890807601","0.12707343890807601","5017","5017","5017","0.7333916120735872","0.7333916120735872","0.7333916120735872","970","970","970","0.1518500159432328","0.1518500159432328","0.1518500159432328","3022","3022","3022","0.773950891896302","0.773950891896302","0.773950891896302","2965","2965","2965","","","","","","","0.9889394952420656","0.9889394952420656","0.9889394952420656","970","970","970","","","","","","","0.9902814720739987","0.9902814720739987","0.9902814720739987","2965","2965","2965","","","","","","","","","","","","","","","","","","","","","","","","","0.9398787700613979","0.9398787700613979","0.9398787700613979","970","970","970","","","","","","","","","","","","","","","","","","","0.9819488002739382","0.9819488002739382","0.9819488002739382","970","970","970","","","","","","","0.9784528950133751","0.9784528950133751","0.9784528950133751","2965","2965","2965","","","","","",""
"57","0.3036424797014212","0.3036424797014212","0.3036424797014212","5105","5105","5105","0.7489400329066722","0.7489400329066722","0.7489400329066722","987","987","987","0.71276365830396","0.71276365830396","0.71276365830396","3017","3017","3017","0.19525447781442062","0.19525447781442062","0.19525447781442062","3075","3075","3075","","","","","","","0.8288114571096055","0.8288114571096055","0.8288114571096055","3017","3017","3017","","","","","","","0.7731842348599596","0.7731842348599596","0.7731842348599596","987","987","987","0.14288474103760523","0.14288474103760523","0.14288474103760523","5105","5105","5105","0.7154020027719369","0.7154020027719369","0.7154020027719369","987","987","987","0.24240977922600668","0.24240977922600668","0.24240977922600668","3075","3075","3075","0.7778040334131259","0.7778040334131259","0.7778040334131259","3017","3017","3017","","","","","","","0.9871838811393485","0.9871838811393485","0.9871838811393485","987","987","987","","","","","","","0.9899223207016612","0.9899223207016612","0.9899223207016612","3017","3017","3017","","","","","","","","","","","","","","","","","","","","","","","","","0.940393340222369","0.940393340222369","0.940393340222369","987","987","987","","","","","","","","","","","","","","","","","","","0.986888962633877","0.986888962633877","0.986888962633877","987","987","987","","","","","","","0.9778629410020363","0.9778629410020363","0.9778629410020363","3017","3017","3017","","","","","",""
"58","0.2970738007805842","0.2970738007805842","0.2970738007805842","5193","5193","5193","0.7535843588398916","0.7535843588398916","0.7535843588398916","1004","1004","1004","0.7252470573075488","0.7252470573075488","0.7252470573075488","3069","3069","3069","0.20045094147988543","0.20045094147988543","0.20045094147988543","3128","3128","3128","","","","","","","0.8113659427218043","0.8113659427218043","0.8113659427218043","3069","3069","3069","","","","","","","0.7652283922860599","0.7652283922860599","0.7652283922860599","1004","1004","1004","0.14946876945489668","0.14946876945489668","0.14946876945489668","5193","5193","5193","0.7421738459585877","0.7421738459585877","0.7421738459585877","1004","1004","1004","0.1916840436170893","0.1916840436170893","0.1916840436170893","3128","3128","3128","0.7604384395855848","0.7604384395855848","0.7604384395855848","3069","3069","3069","","","","","","","0.9881256665934922","0.9881256665934922","0.9881256665934922","1004","1004","1004","","","","","","","0.9905495812703161","0.9905495812703161","0.9905495812703161","3069","3069","3069","","","","","","","","","","","","","","","","","","","","","","","","","0.9432198264176165","0.9432198264176165","0.9432198264176165","1004","1004","1004","","","","","","","","","","","","","","","","","","","0.9865216362549921","0.9865216362549921","0.9865216362549921","1004","1004","1004","","","","","","","0.9816074058107296","0.9816074058107296","0.9816074058107296","3069","3069","3069","","","","","",""
"59","0.2670292111300568","0.2670292111300568","0.2670292111300568","5281","5281","5281","0.7436776928181064","0.7436776928181064","0.7436776928181064","1021","1021","1021","0.6931893526514475","0.6931893526514475","0.6931893526514475","3121","3121","3121","0.19548038139966822","0.19548038139966822","0.19548038139966822","3181","3181","3181","","","","","","","0.8044902879857623","0.8044902879857623","0.8044902879857623","3121","3121","3121","","","","","","","0.7783668605773902","0.7783668605773902","0.7783668605773902","1021","1021","1021","0.13090947971799902","0.13090947971799902","0.13090947971799902","5281","5281","5281","0.7102819833339903","0.7102819833339903","0.7102819833339903","1021","1021","1021","0.2118624110589217","0.2118624110589217","0.2118624110589217","3181","3181","3181","0.7513401070412022","0.7513401070412022","0.7513401070412022","3121","3121","3121","","","","","","","0.9834830970713035","0.9834830970713035","0.9834830970713035","1021","1021","1021","","","","","","","0.9867408059645479","0.9867408059645479","0.9867408059645479","3121","3121","3121","","","","","","","","","","","","","","","","","","","","","","","","","0.9289676971818254","0.9289676971818254","0.9289676971818254","1021","1021","1021","","","","","","","","","","","","","","","","","","","0.9860600404527085","0.9860600404527085","0.9860600404527085","1021","1021","1021","","","","","","","0.9823534279841365","0.9823534279841365","0.9823534279841365","3121","3121","3121","","","","","",""
"60","0.3002018332117727","0.3002018332117727","0.3002018332117727","5369","5369","5369","0.7604863779068752","0.7604863779068752","0.7604863779068752","1038","1038","1038","0.716819491126668","0.716819491126668","0.716819491126668","3173","3173","3173","0.1999534555540761","0.1999534555540761","0.1999534555540761","3234","3234","3234","","","","","","","0.8337892487039175","0.8337892487039175","0.8337892487039175","3173","3173","3173","","","","","","","0.8009408334423519","0.8009408334423519","0.8009408334423519","1038","1038","1038","0.11910893388193314","0.11910893388193314","0.11910893388193314","5369","5369","5369","0.7631010153218423","0.7631010153218423","0.7631010153218423","1038","1038","1038","0.19840913285002393","0.19840913285002393","0.19840913285002393","3234","3234","3234","0.7706320300960047","0.7706320300960047","0.7706320300960047","3173","3173","3173","","","","","","","0.9790485014457047","0.9790485014457047","0.9790485014457047","1038","1038","1038","","","","","","","0.9762066929894544","0.9762066929894544","0.9762066929894544","3173","3173","3173","","","","","","","","","","","","","","","","","","","","","","","","","0.9544762296307787","0.9544762296307787","0.9544762296307787","1038","1038","1038","","","","","","","","","","","","","","","","","","","0.9858166526110125","0.9858166526110125","0.9858166526110125","1038","1038","1038","","","","","","","0.9797389037993883","0.9797389037993883","0.9797389037993883","3173","3173","3173","","","","","",""
"61","0.29469946197604263","0.29469946197604263","0.29469946197604263","5457","5457","5457","0.7657416293405936","0.7657416293405936","0.7657416293405936","1055","1055","1055","0.7149882301502564","0.7149882301502564","0.7149882301502564","3225","3225","3225","0.20296475891417043","0.20296475891417043","0.20296475891417043","3287","3287","3287","","","","","","","0.769213491250242","0.769213491250242","0.769213491250242","3225","3225","3225","","","","","","","0.7592143233391311","0.7592143233391311","0.7592143233391311","1055","1055","1055","0.12427563218828688","0.12427563218828688","0.12427563218828688","5457","5457","5457","0.7400744827278796","0.7400744827278796","0.7400744827278796","1055","1055","1055","0.21221398256851937","0.21221398256851937","0.21221398256851937","3287","3287","3287","0.7830971317423686","0.7830971317423686","0.7830971317423686","3225","3225","3225","","","","","","","0.9902071696199136","0.9902071696199136","0.9902071696199136","1055","1055","1055","","","","","","","0.9866725864336353","0.9866725864336353","0.9866725864336353","3225","3225","3225","","","","","","","","","","","","","","","","","","","","","","","","","0.9487511336679997","0.9487511336679997","0.9487511336679997","1055","1055","1055","","","","","","","","","","","","","","","","","","","0.974093467807303","0.974093467807303","0.974093467807303","1055","1055","1055","","","","","","","0.9827581569451047","0.9827581569451047","0.9827581569451047","3225","3225","3225","","","","","",""
"62","0.28681641985458123","0.28681641985458123","0.28681641985458123","5545","5545","5545","0.7488345777356793","0.7488345777356793","0.7488345777356793","1072","1072","1072","0.7219799417375032","0.7219799417375032","0.7219799417375032","3277","3277","3277","0.1983462043245655","0.1983462043245655","0.1983462043245655","3340","3340","3340","","","","","","","0.8018265142529725","0.8018265142529725","0.8018265142529725","3277","3277","3277","","","","","","","0.7975697787284984","0.7975697787284984","0.7975697787284984","1072","1072","1072","0.15150629591389886","0.15150629591389886","0.15150629591389886","5545","5545","5545","0.7567133903417519","0.7567133903417519","0.7567133903417519","1072","1072","1072","0.22670216112482933","0.22670216112482933","0.22670216112482933","3340","3340","3340","0.7882948687287021","0.7882948687287021","0.7882948687287021","3277","3277","3277","","","","","","","0.9927444502641156","0.9927444502641156","0.9927444502641156","1072","1072","1072","","","","","","","0.9910813516270875","0.9910813516270875","0.9910813516270875","3277","3277","3277","","","","","","","","","","","","","","","","","","","","","","","","","0.9467716461172807","0.9467716461172807","0.9467716461172807","1072","1072","1072","","","","","","","","","","","","","","","","","","","0.9899210253381053","0.9899210253381053","0.9899210253381053","1072","1072","1072","","","","","","","0.9730156605980934","0.9730156605980934","0.9730156605980934","3277","3277","3277","","","","","",""
"63","0.30241367017845516","0.30241367017845516","0.30241367017845516","5633","5633","5633","0.7505301433778495","0.7505301433778495","0.7505301433778495","1089","1089","1089","0.7314953537079106","0.7314953537079106","0.7314953537079106","3329","3329","3329","0.19075726478562108","0.19075726478562108","0.19075726478562108","3393","3393","3393","","","","","","","0.8393877294511659","0.8393877294511659","0.8393877294511659","3329","3329","3329","","","","","","","0.8300901690509885","0.8300901690509885","0.8300901690509885","1089","1089","1089","0.1391796501120724","0.1391796501120724","0.1391796501120724","5633","5633","5633","0.7569697651823443","0.7569697651823443","0.7569697651823443","1089","1089","1089","0.23088338567805","0.23088338567805","0.23088338567805","3393","3393","3393","0.7755137371164078","0.7755137371164078","0.7755137371164078","3329","3329","3329","","","","","","","0.9954626861753189","0.9954626861753189","0.9954626861753189","1089","1089","1089","","","","","","","0.9960389838920539","0.9960389838920539","0.9960389838920539","3329","3329","3329","","","","","","","","","","","","","","","","","","","","","","","","","0.9585594960408204","0.9585594960408204","0.9585594960408204","1089","1089","1089","","","","","","","","","","","","","","","","","","","0.9923540325037283","0.9923540325037283","0.9923540325037283","1089","1089","1089","","","","","","","0.9763064867594418","0.9763064867594418","0.9763064867594418","3329","3329","3329","","","","","",""
"64","0.29389353752835384","0.29389353752835384","0.29389353752835384","5721","5721","5721","0.76503940221157","0.76503940221157","0.76503940221157","1106","1106","1106","0.6631557124055063","0.6631557124055063","0.6631557124055063","3381","3381","3381","0.1981886258129022","0.1981886258129022","0.1981886258129022","3446","3446","3446","","","","","","","0.8607341524208559","0.8607341524208559","0.8607341524208559","3381","3381","3381","","","","","","","0.8393816712120505","0.8393816712120505","0.8393816712120505","1106","1106","1106","0.12732769096002136","0.12732769096002136","0.12732769096002136","5721","5721","5721","0.7155844523433375","0.7155844523433375","0.7155844523433375","1106","1106","1106","0.1976616115856618","0.1976616115856618","0.1976616115856618","3446","3446","3446","0.7723106262553703","0.7723106262553703","0.7723106262553703","3381","3381","3381","","","","","","","0.9961965473422226","0.9961965473422226","0.9961965473422226","1106","1106","1106","","","","","","","0.995894336255251","0.995894336255251","0.995894336255251","3381","3381","3381","","","","","","","","","","","","","","","","","","","","","","","","","0.9618408392845009","0.9618408392845009","0.9618408392845009","1106","1106","1106","","","","","","","","","","","","","","","","","","","0.9871581039808937","0.9871581039808937","0.9871581039808937","1106","1106","1106","","","","","","","0.9793028351692","0.9793028351692","0.9793028351692","3381","3381","3381","","","","","",""
"65","0.2794233672397983","0.2794233672397983","0.2794233672397983","5809","5809","5809","0.7633791726184849","0.7633791726184849","0.7633791726184849","1123","1123","1123","0.7196560692890603","0.7196560692890603","0.7196560692890603","3433","3433","3433","0.19783294062662532","0.19783294062662532","0.19783294062662532","3499","3499","3499","","","","","","","0.86937553012572","0.86937553012572","0.86937553012572","3433","3433","3433","","","","","","","0.8525825718454259","0.8525825718454259","0.8525825718454259","1123","1123","1123","0.12522718261516974","0.12522718261516974","0.12522718261516974","5809","5809","5809","0.7284140603759187","0.7284140603759187","0.7284140603759187","1123","1123","1123","0.23306325730636634","0.23306325730636634","0.23306325730636634","3499","3499","3499","0.8036039521357101","0.8036039521357101","0.8036039521357101","3433","3433","3433","","","","","","","0.9965077010884524","0.9965077010884524","0.9965077010884524","1123","1123","1123","","","","","","","0.9966494221703351","0.9966494221703351","0.9966494221703351","3433","3433","3433","","","","","","","","","","","","","","","","","","","","","","","","","0.9653135930857163","0.9653135930857163","0.9653135930857163","1123","1123","1123","","","","","","","","","","","","","","","","","","","0.9861261771688523","0.9861261771688523","0.9861261771688523","1123","1123","1123","","","","","","","0.9806959162127613","0.9806959162127613","0.9806959162127613","3433","3433","3433","","","","","",""
"66","0.29868697820912055","0.29868697820912055","0.29868697820912055","5897","5897","5897","0.7631493254983189","0.7631493254983189","0.7631493254983189","1140","1140","1140","0.7411013760466186","0.7411013760466186","0.7411013760466186","3485","3485","3485","0.2046579523215525","0.2046579523215525","0.2046579523215525","3552","3552","3552","","","","","","","0.8674792621535895","0.8674792621535895","0.8674792621535895","3485","3485","3485","","","","","","","0.8402212496564729","0.8402212496564729","0.8402212496564729","1140","1140","1140","0.13486348980908183","0.13486348980908183","0.13486348980908183","5897","5897","5897","0.7314542773321212","0.7314542773321212","0.7314542773321212","1140","1140","1140","0.21960765556885753","0.21960765556885753","0.21960765556885753","3552","3552","3552","0.7840112956477538","0.7840112956477538","0.7840112956477538","3485","3485","3485","","","","","","","0.99746303912412","0.99746303912412","0.99746303912412","1140","1140","1140","","","","","","","0.9967708263086239","0.9967708263086239","0.9967708263086239","3485","3485","3485","","","","","","","","","","","","","","","","","","","","","","","","","0.9624315158094083","0.9624315158094083","0.9624315158094083","1140","1140","1140","","","","","","","","","","","","","","","","","","","0.9876110224719853","0.9876110224719853","0.9876110224719853","1140","1140","1140","","","","","","","0.9834497331248296","0.9834497331248296","0.9834497331248296","3485","3485","3485","","","","","",""
"67","0.3046890889490132","0.3046890889490132","0.3046890889490132","5985","5985","5985","0.7470593045948074","0.7470593045948074","0.7470593045948074","1157","1157","1157","0.7230566595209454","0.7230566595209454","0.7230566595209454","3537","3537","3537","0.19939873515154954","0.19939873515154954","0.19939873515154954","3605","3605","3605","","","","","","","0.8791876451520303","0.8791876451520303","0.8791876451520303","3537","3537","3537","","","","","","","0.8615120676421189","0.8615120676421189","0.8615120676421189","1157","1157","1157","0.13567759287402095","0.13567759287402095","0.13567759287402095","5985","5985","5985","0.7191884105356126","0.7191884105356126","0.7191884105356126","1157","1157","1157","0.23457857152582545","0.23457857152582545","0.23457857152582545","3605","3605","3605","0.7700137570351199","0.7700137570351199","0.7700137570351199","3537","3537","3537","","","","","","","0.997733168534376","0.997733168534376","0.997733168534376","1157","1157","1157","","","","","","","0.9977042948786425","0.9977042948786425","0.9977042948786425","3537","3537","3537","","","","","","","","","","","","","","","","","","","","","","","","","0.9658489653142192","0.9658489653142192","0.9658489653142192","1157","1157","1157","","","","","","","","","","","","","","","","","","","0.9917248573709754","0.9917248573709754","0.9917248573709754","1157","1157","1157","","","","","","","0.9871844046272162","0.9871844046272162","0.9871844046272162","3537","3537","3537","","","","","",""
"68","0.3016745401095268","0.3016745401095268","0.3016745401095268","6073","6073","6073","0.7468675214145324","0.7468675214145324","0.7468675214145324","1174","1174","1174","0.7313384733285269","0.7313384733285269","0.7313384733285269","3589","3589","3589","0.19910786543688297","0.19910786543688297","0.19910786543688297","3658","3658","3658","","","","","","","0.8660269364825075","0.8660269364825075","0.8660269364825075","3589","3589","3589","","","","","","","0.8369325497032059","0.8369325497032059","0.8369325497032059","1174","1174","1174","0.14797243651233136","0.14797243651233136","0.14797243651233136","6073","6073","6073","0.7208768008424588","0.7208768008424588","0.7208768008424588","1174","1174","1174","0.21848366922793636","0.21848366922793636","0.21848366922793636","3658","3658","3658","0.7855240759469209","0.7855240759469209","0.7855240759469209","3589","3589","3589","","","","","","","0.9977706840612817","0.9977706840612817","0.9977706840612817","1174","1174","1174","","","","","","","0.9978325750594376","0.9978325750594376","0.9978325750594376","3589","3589","3589","","","","","","","","","","","","","","","","","","","","","","","","","0.960891275830997","0.960891275830997","0.960891275830997","1174","1174","1174","","","","","","","","","","","","","","","","","","","0.9887357172380348","0.9887357172380348","0.9887357172380348","1174","1174","1174","","","","","","","0.9872012236746259","0.9872012236746259","0.9872012236746259","3589","3589","3589","","","","","",""
"69","0.33363264590161995","0.33363264590161995","0.33363264590161995","6161","6161","6161","0.7662837546317874","0.7662837546317874","0.7662837546317874","1191","1191","1191","0.744988181082092","0.744988181082092","0.744988181082092","3641","3641","3641","0.20913576451294225","0.20913576451294225","0.20913576451294225","3711","3711","3711","","","","","","","0.870691119927493","0.870691119927493","0.870691119927493","3641","3641","3641","","","","","","","0.8422266929812063","0.8422266929812063","0.8422266929812063","1191","1191","1191","0.1383169176062848","0.1383169176062848","0.1383169176062848","6161","6161","6161","0.7639484881462879","0.7639484881462879","0.7639484881462879","1191","1191","1191","0.2225940392347549","0.2225940392347549","0.2225940392347549","3711","3711","3711","0.8021675607401595","0.8021675607401595","0.8021675607401595","3641","3641","3641","","","","","","","0.9972717140902473","0.9972717140902473","0.9972717140902473","1191","1191","1191","","","","","","","0.9978725166572244","0.9978725166572244","0.9978725166572244","3641","3641","3641","","","","","","","","","","","","","","","","","","","","","","","","","0.9642276133556794","0.9642276133556794","0.9642276133556794","1191","1191","1191","","","","","","","","","","","","","","","","","","","0.9420103570292175","0.9420103570292175","0.9420103570292175","1191","1191","1191","","","","","","","0.9881036521251583","0.9881036521251583","0.9881036521251583","3641","3641","3641","","","","","",""
"70","0.2709696994584067","0.2709696994584067","0.2709696994584067","6249","6249","6249","0.761510065290179","0.761510065290179","0.761510065290179","1208","1208","1208","0.7339657711623089","0.7339657711623089","0.7339657711623089","3693","3693","3693","0.19400767166315858","0.19400767166315858","0.19400767166315858","3764","3764","3764","","","","","","","0.8967254350705458","0.8967254350705458","0.8967254350705458","3693","3693","3693","","","","","","","0.872067580815153","0.872067580815153","0.872067580815153","1208","1208","1208","0.13529547590675958","0.13529547590675958","0.13529547590675958","6249","6249","6249","0.7748464774849085","0.7748464774849085","0.7748464774849085","1208","1208","1208","0.21100477146554694","0.21100477146554694","0.21100477146554694","3764","3764","3764","0.7707839302060193","0.7707839302060193","0.7707839302060193","3693","3693","3693","","","","","","","0.9987468871680072","0.9987468871680072","0.9987468871680072","1208","1208","1208","","","","","","","0.9985764089466476","0.9985764089466476","0.9985764089466476","3693","3693","3693","","","","","","","","","","","","","","","","","","","","","","","","","0.9730988162414541","0.9730988162414541","0.9730988162414541","1208","1208","1208","","","","","","","","","","","","","","","","","","","0.9027900825033727","0.9027900825033727","0.9027900825033727","1208","1208","1208","","","","","","","0.9782721938187329","0.9782721938187329","0.9782721938187329","3693","3693","3693","","","","","",""
"71","0.3036922239940328","0.3036922239940328","0.3036922239940328","6337","6337","6337","0.7676534672595041","0.7676534672595041","0.7676534672595041","1225","1225","1225","0.7373343514086993","0.7373343514086993","0.7373343514086993","3745","3745","3745","0.2167418252932046","0.2167418252932046","0.2167418252932046","3817","3817","3817","","","","","","","0.7592213737544087","0.7592213737544087","0.7592213737544087","3745","3745","3745","","","","","","","0.69224394929106","0.69224394929106","0.69224394929106","1225","1225","1225","0.1094259884260062","0.1094259884260062","0.1094259884260062","6337","6337","6337","0.7898204064378996","0.7898204064378996","0.7898204064378996","1225","1225","1225","0.15775601616765098","0.15775601616765098","0.15775601616765098","3817","3817","3817","0.7920813422602764","0.7920813422602764","0.7920813422602764","3745","3745","3745","","","","","","","0.9985475780160977","0.9985475780160977","0.9985475780160977","1225","1225","1225","","","","","","","0.9987664004836124","0.9987664004836124","0.9987664004836124","3745","3745","3745","","","","","","","","","","","","","","","","","","","","","","","","","0.9321704089674737","0.9321704089674737","0.9321704089674737","1225","1225","1225","","","","","","","","","","","","","","","","","","","0.8290367062446133","0.8290367062446133","0.8290367062446133","1225","1225","1225","","","","","","","0.9858341328849431","0.9858341328849431","0.9858341328849431","3745","3745","3745","","","","","",""
"72","0.29383255823078236","0.29383255823078236","0.29383255823078236","6425","6425","6425","0.7762264134705867","0.7762264134705867","0.7762264134705867","1242","1242","1242","0.7535613025394343","0.7535613025394343","0.7535613025394343","3797","3797","3797","0.20574555611543988","0.20574555611543988","0.20574555611543988","3870","3870","3870","","","","","","","0.7880906165434477","0.7880906165434477","0.7880906165434477","3797","3797","3797","","","","","","","0.7784318641956539","0.7784318641956539","0.7784318641956539","1242","1242","1242","0.1190166635542299","0.1190166635542299","0.1190166635542299","6425","6425","6425","0.7744174673001","0.7744174673001","0.7744174673001","1242","1242","1242","0.17413857518216772","0.17413857518216772","0.17413857518216772","3870","3870","3870","0.7939543136958094","0.7939543136958094","0.7939543136958094","3797","3797","3797","","","","","","","0.9932223491623866","0.9932223491623866","0.9932223491623866","1242","1242","1242","","","","","","","0.9943365620841402","0.9943365620841402","0.9943365620841402","3797","3797","3797","","","","","","","","","","","","","","","","","","","","","","","","","0.9438200252185701","0.9438200252185701","0.9438200252185701","1242","1242","1242","","","","","","","","","","","","","","","","","","","0.9193380331585483","0.9193380331585483","0.9193380331585483","1242","1242","1242","","","","","","","0.9493210195941948","0.9493210195941948","0.9493210195941948","3797","3797","3797","","","","","",""
"73","0.2877581036885848","0.2877581036885848","0.2877581036885848","6513","6513","6513","0.780036783213164","0.780036783213164","0.780036783213164","1259","1259","1259","0.7539049218359444","0.7539049218359444","0.7539049218359444","3849","3849","3849","0.22015082496599503","0.22015082496599503","0.22015082496599503","3923","3923","3923","","","","","","","0.8079589821422253","0.8079589821422253","0.8079589821422253","3849","3849","3849","","","","","","","0.8045572549277241","0.8045572549277241","0.8045572549277241","1259","1259","1259","0.1379717513863384","0.1379717513863384","0.1379717513863384","6513","6513","6513","0.7544949364926586","0.7544949364926586","0.7544949364926586","1259","1259","1259","0.15265501490681466","0.15265501490681466","0.15265501490681466","3923","3923","3923","0.7908806455922593","0.7908806455922593","0.7908806455922593","3849","3849","3849","","","","","","","0.9945707384975397","0.9945707384975397","0.9945707384975397","1259","1259","1259","","","","","","","0.9953388170304117","0.9953388170304117","0.9953388170304117","3849","3849","3849","","","","","","","","","","","","","","","","","","","","","","","","","0.9700335838773391","0.9700335838773391","0.9700335838773391","1259","1259","1259","","","","","","","","","","","","","","","","","","","0.9501036167188041","0.9501036167188041","0.9501036167188041","1259","1259","1259","","","","","","","0.9768313331303401","0.9768313331303401","0.9768313331303401","3849","3849","3849","","","","","",""
"74","0.3056622761899969","0.3056622761899969","0.3056622761899969","6601","6601","6601","0.7647244865779479","0.7647244865779479","0.7647244865779479","1276","1276","1276","0.7541414054644602","0.7541414054644602","0.7541414054644602","3901","3901","3901","0.20832969949474855","0.20832969949474855","0.20832969949474855","3976","3976","3976","","","","","","","0.8361626031007006","0.8361626031007006","0.8361626031007006","3901","3901","3901","","","","","","","0.8191276682298806","0.8191276682298806","0.8191276682298806","1276","1276","1276","0.1549517951837551","0.1549517951837551","0.1549517951837551","6601","6601","6601","0.7608748115884747","0.7608748115884747","0.7608748115884747","1276","1276","1276","0.12370224419618765","0.12370224419618765","0.12370224419618765","3976","3976","3976","0.7949834983208226","0.7949834983208226","0.7949834983208226","3901","3901","3901","","","","","","","0.9949466743510592","0.9949466743510592","0.9949466743510592","1276","1276","1276","","","","","","","0.9955443927494604","0.9955443927494604","0.9955443927494604","3901","3901","3901","","","","","","","","","","","","","","","","","","","","","","","","","0.9615181410757793","0.9615181410757793","0.9615181410757793","1276","1276","1276","","","","","","","","","","","","","","","","","","","0.9628905820227278","0.9628905820227278","0.9628905820227278","1276","1276","1276","","","","","","","0.9745306559080336","0.9745306559080336","0.9745306559080336","3901","3901","3901","","","","","",""
"75","0.30416840167634973","0.30416840167634973","0.30416840167634973","6689","6689","6689","0.7471379016041025","0.7471379016041025","0.7471379016041025","1293","1293","1293","0.7588126949608383","0.7588126949608383","0.7588126949608383","3953","3953","3953","0.2097271310742735","0.2097271310742735","0.2097271310742735","4029","4029","4029","","","","","","","0.8487106586063881","0.8487106586063881","0.8487106586063881","3953","3953","3953","","","","","","","0.8415486963126342","0.8415486963126342","0.8415486963126342","1293","1293","1293","0.12966318981618266","0.12966318981618266","0.12966318981618266","6689","6689","6689","0.7775953404359568","0.7775953404359568","0.7775953404359568","1293","1293","1293","0.16269502411934259","0.16269502411934259","0.16269502411934259","4029","4029","4029","0.7728940774028633","0.7728940774028633","0.7728940774028633","3953","3953","3953","","","","","","","","","","","","","","","","","","","","","","","","","","","","","","","","","","","","","","","","","","","","","","","","","0.9727401422196782","0.9727401422196782","0.9727401422196782","1293","1293","1293","","","","","","","","","","","","","","","","","","","","","","","","","","","","","","","","","","","","","","","","","",""
"76","0.2935333585525518","0.2935333585525518","0.2935333585525518","6777","6777","6777","0.760854010271533","0.760854010271533","0.760854010271533","1310","1310","1310","0.7349761281984086","0.7349761281984086","0.7349761281984086","4005","4005","4005","0.22265179931105925","0.22265179931105925","0.22265179931105925","4082","4082","4082","","","","","","","0.8594914060619826","0.8594914060619826","0.8594914060619826","4005","4005","4005","","","","","","","0.8486872709756446","0.8486872709756446","0.8486872709756446","1310","1310","1310","0.14428680504779198","0.14428680504779198","0.14428680504779198","6777","6777","6777","0.7689786363552533","0.7689786363552533","0.7689786363552533","1310","1310","1310","0.17560269630151695","0.17560269630151695","0.17560269630151695","4082","4082","4082","0.7718685823615072","0.7718685823615072","0.7718685823615072","4005","4005","4005","","","","","","","","","","","","","","","","","","","","","","","","","","","","","","","","","","","","","","","","","","","","","","","","","0.9655313545917042","0.9655313545917042","0.9655313545917042","1310","1310","1310","","","","","","","","","","","","","","","","","","","","","","","","","","","","","","","","","","","","","","","","","",""
"77","0.33506858995895267","0.33506858995895267","0.33506858995895267","6865","6865","6865","0.7575876655554785","0.7575876655554785","0.7575876655554785","1327","1327","1327","0.7709161510565233","0.7709161510565233","0.7709161510565233","4057","4057","4057","0.21683923655742887","0.21683923655742887","0.21683923655742887","4135","4135","4135","","","","","","","0.8888466642512546","0.8888466642512546","0.8888466642512546","4057","4057","4057","","","","","","","0.8634195565199668","0.8634195565199668","0.8634195565199668","1327","1327","1327","0.14167300259397939","0.14167300259397939","0.14167300259397939","6865","6865","6865","0.7854112916600655","0.7854112916600655","0.7854112916600655","1327","1327","1327","0.17511541290116647","0.17511541290116647","0.17511541290116647","4135","4135","4135","0.7956515739787274","0.7956515739787274","0.7956515739787274","4057","4057","4057","","","","","","","","","","","","","","","","","","","","","","","","","","","","","","","","","","","","","","","","","","","","","","","","","0.9781068919678306","0.9781068919678306","0.9781068919678306","1327","1327","1327","","","","","","","","","","","","","","","","","","","","","","","","","","","","","","","","","","","","","","","","","",""
"78","0.3185346891420012","0.3185346891420012","0.3185346891420012","6953","6953","6953","0.771572863669356","0.771572863669356","0.771572863669356","1344","1344","1344","0.7596975225835612","0.7596975225835612","0.7596975225835612","4109","4109","4109","0.22805605233034623","0.22805605233034623","0.22805605233034623","4188","4188","4188","","","","","","","0.8969664418252323","0.8969664418252323","0.8969664418252323","4109","4109","4109","","","","","","","0.8488192841537279","0.8488192841537279","0.8488192841537279","1344","1344","1344","0.1532503675760572","0.1532503675760572","0.1532503675760572","6953","6953","6953","0.7810924629281522","0.7810924629281522","0.7810924629281522","1344","1344","1344","0.16960954528132277","0.16960954528132277","0.16960954528132277","4188","4188","4188","0.7996977968412052","0.7996977968412052","0.7996977968412052","4109","4109","4109","","","","","","","","","","","","","","","","","","","","","","","","","","","","","","","","","","","","","","","","","","","","","","","","","0.981515404507294","0.981515404507294","0.981515404507294","1344","1344","1344","","","","","","","","","","","","","","","","","","","","","","","","","","","","","","","","","","","","","","","","","",""
"79","0.2895739663138677","0.2895739663138677","0.2895739663138677","7041","7041","7041","0.7707541433660889","0.7707541433660889","0.7707541433660889","1361","1361","1361","0.750429634571414","0.750429634571414","0.750429634571414","4161","4161","4161","0.2273910055531809","0.2273910055531809","0.2273910055531809","4241","4241","4241","","","","","","","0.9128870758862805","0.9128870758862805","0.9128870758862805","4161","4161","4161","","","","","","","0.8756810508436605","0.8756810508436605","0.8756810508436605","1361","1361","1361","0.14627294986082662","0.14627294986082662","0.14627294986082662","7041","7041","7041","0.7706384163616522","0.7706384163616522","0.7706384163616522","1361","1361","1361","0.1826797504751804","0.1826797504751804","0.1826797504751804","4241","4241","4241","0.797994537167645","0.797994537167645","0.797994537167645","4161","4161","4161","","","","","","","","","","","","","","","","","","","","","","","","","","","","","","","","","","","","","","","","","","","","","","","","","0.9779559345859368","0.9779559345859368","0.9779559345859368","1361","1361","1361","","","","","","","","","","","","","","","","","","","","","","","","","","","","","","","","","","","","","","","","","",""
"80","0.321120670464392","0.321120670464392","0.321120670464392","7129","7129","7129","0.7820574347614813","0.7820574347614813","0.7820574347614813","1378","1378","1378","0.7557200920404831","0.7557200920404831","0.7557200920404831","4213","4213","4213","0.23313676138603012","0.23313676138603012","0.23313676138603012","4294","4294","4294","","","","","","","0.9310213769468785","0.9310213769468785","0.9310213769468785","4213","4213","4213","","","","","","","0.892017413384231","0.892017413384231","0.892017413384231","1378","1378","1378","0.16652014879317173","0.16652014879317173","0.16652014879317173","7129","7129","7129","0.7661866070888329","0.7661866070888329","0.7661866070888329","1378","1378","1378","0.16281331349484","0.16281331349484","0.16281331349484","4294","4294","4294","0.7999655171562524","0.7999655171562524","0.7999655171562524","4213","4213","4213","","","","","","","","","","","","","","","","","","","","","","","","","","","","","","","","","","","","","","","","","","","","","","","","","0.9789288795980409","0.9789288795980409","0.9789288795980409","1378","1378","1378","","","","","","","","","","","","","","","","","","","","","","","","","","","","","","","","","","","","","","","","","",""
"81","0.33449576835411843","0.33449576835411843","0.33449576835411843","7217","7217","7217","0.769031356396465","0.769031356396465","0.769031356396465","1395","1395","1395","0.7535365272474203","0.7535365272474203","0.7535365272474203","4265","4265","4265","0.22698544604449175","0.22698544604449175","0.22698544604449175","4347","4347","4347","","","","","","","0.8408727089510873","0.8408727089510873","0.8408727089510873","4265","4265","4265","","","","","","","0.7653792957414476","0.7653792957414476","0.7653792957414476","1395","1395","1395","0.18168552218225525","0.18168552218225525","0.18168552218225525","7217","7217","7217","0.766419316546634","0.766419316546634","0.766419316546634","1395","1395","1395","0.13691345968769517","0.13691345968769517","0.13691345968769517","4347","4347","4347","0.7925560173762051","0.7925560173762051","0.7925560173762051","4265","4265","4265","","","","","","","","","","","","","","","","","","","","","","","","","","","","","","","","","","","","","","","","","","","","","","","","","0.9640356549102982","0.9640356549102982","0.9640356549102982","1395","1395","1395","","","","","","","","","","","","","","","","","","","","","","","","","","","","","","","","","","","","","","","","","",""
"82","0.323599053246877","0.323599053246877","0.323599053246877","7305","7305","7305","0.7744230191671178","0.7744230191671178","0.7744230191671178","1412","1412","1412","0.7717693347952612","0.7717693347952612","0.7717693347952612","4317","4317","4317","0.21894171676535545","0.21894171676535545","0.21894171676535545","4400","4400","4400","","","","","","","0.8060218098670556","0.8060218098670556","0.8060218098670556","4317","4317","4317","","","","","","","0.7526261821327126","0.7526261821327126","0.7526261821327126","1412","1412","1412","0.1546466836987551","0.1546466836987551","0.1546466836987551","7305","7305","7305","0.777052444549468","0.777052444549468","0.777052444549468","1412","1412","1412","0.15897502217114037","0.15897502217114037","0.15897502217114037","4400","4400","4400","0.8102908267733033","0.8102908267733033","0.8102908267733033","4317","4317","4317","","","","","","","","","","","","","","","","","","","","","","","","","","","","","","","","","","","","","","","","","","","","","","","","","0.9670620973197745","0.9670620973197745","0.9670620973197745","1412","1412","1412","","","","","","","","","","","","","","","","","","","","","","","","","","","","","","","","","","","","","","","","","",""
"83","0.3227846056567424","0.3227846056567424","0.3227846056567424","7393","7393","7393","0.7873267745829782","0.7873267745829782","0.7873267745829782","1429","1429","1429","0.7757843588466574","0.7757843588466574","0.7757843588466574","4369","4369","4369","0.24057467525904244","0.24057467525904244","0.24057467525904244","4453","4453","4453","","","","","","","0.8590350818477024","0.8590350818477024","0.8590350818477024","4369","4369","4369","","","","","","","0.7889780968788327","0.7889780968788327","0.7889780968788327","1429","1429","1429","0.14686777994421427","0.14686777994421427","0.14686777994421427","7393","7393","7393","0.784927118100629","0.784927118100629","0.784927118100629","1429","1429","1429","0.1646382638223349","0.1646382638223349","0.1646382638223349","4453","4453","4453","0.808255955069924","0.808255955069924","0.808255955069924","4369","4369","4369","","","","","","","","","","","","","","","","","","","","","","","","","","","","","","","","","","","","","","","","","","","","","","","","","0.9695637055956347","0.9695637055956347","0.9695637055956347","1429","1429","1429","","","","","","","","","","","","","","","","","","","","","","","","","","","","","","","","","","","","","","","","","",""
"84","0.3313272123685108","0.3313272123685108","0.3313272123685108","7481","7481","7481","0.7717682906988902","0.7717682906988902","0.7717682906988902","1446","1446","1446","0.7282613766279769","0.7282613766279769","0.7282613766279769","4421","4421","4421","0.22546176442386226","0.22546176442386226","0.22546176442386226","4506","4506","4506","","","","","","","0.861901473981478","0.861901473981478","0.861901473981478","4421","4421","4421","","","","","","","0.8066345451397055","0.8066345451397055","0.8066345451397055","1446","1446","1446","0.1435222518616919","0.1435222518616919","0.1435222518616919","7481","7481","7481","0.7874157632303668","0.7874157632303668","0.7874157632303668","1446","1446","1446","0.14345115422532725","0.14345115422532725","0.14345115422532725","4506","4506","4506","0.7990241440985284","0.7990241440985284","0.7990241440985284","4421","4421","4421","","","","","","","","","","","","","","","","","","","","","","","","","","","","","","","","","","","","","","","","","","","","","","","","","0.9638222292807452","0.9638222292807452","0.9638222292807452","1446","1446","1446","","","","","","","","","","","","","","","","","","","","","","","","","","","","","","","","","","","","","","","","","",""
"85","0.3382025576134233","0.3382025576134233","0.3382025576134233","7569","7569","7569","0.79968954115286","0.79968954115286","0.79968954115286","1463","1463","1463","0.7716335272754865","0.7716335272754865","0.7716335272754865","4473","4473","4473","0.25462054096398395","0.25462054096398395","0.25462054096398395","4559","4559","4559","","","","","","","0.9031405554931886","0.9031405554931886","0.9031405554931886","4473","4473","4473","","","","","","","0.8337259158809512","0.8337259158809512","0.8337259158809512","1463","1463","1463","0.15456978744410668","0.15456978744410668","0.15456978744410668","7569","7569","7569","0.8087149444792318","0.8087149444792318","0.8087149444792318","1463","1463","1463","0.21605408049563823","0.21605408049563823","0.21605408049563823","4559","4559","4559","0.8008841464984707","0.8008841464984707","0.8008841464984707","4473","4473","4473","","","","","","","","","","","","","","","","","","","","","","","","","","","","","","","","","","","","","","","","","","","","","","","","","0.9693756689422528","0.9693756689422528","0.9693756689422528","1463","1463","1463","","","","","","","","","","","","","","","","","","","","","","","","","","","","","","","","","","","","","","","","","",""
"86","0.3038297017941924","0.3038297017941924","0.3038297017941924","7657","7657","7657","0.8020298729692869","0.8020298729692869","0.8020298729692869","1480","1480","1480","0.7733617656133204","0.7733617656133204","0.7733617656133204","4525","4525","4525","0.21533788308303167","0.21533788308303167","0.21533788308303167","4612","4612","4612","","","","","","","0.7854658889856548","0.7854658889856548","0.7854658889856548","4525","4525","4525","","","","","","","0.727012838278359","0.727012838278359","0.727012838278359","1480","1480","1480","0.11566108994115674","0.11566108994115674","0.11566108994115674","7657","7657","7657","0.7761993271095132","0.7761993271095132","0.7761993271095132","1480","1480","1480","0.16201489801459482","0.16201489801459482","0.16201489801459482","4612","4612","4612","0.799365441803261","0.799365441803261","0.799365441803261","4525","4525","4525","","","","","","","","","","","","","","","","","","","","","","","","","","","","","","","","","","","","","","","","","","","","","","","","","0.9679673323698398","0.9679673323698398","0.9679673323698398","1480","1480","1480","","","","","","","","","","","","","","","","","","","","","","","","","","","","","","","","","","","","","","","","","",""
"87","0.3420632583084042","0.3420632583084042","0.3420632583084042","7745","7745","7745","0.7974092698413521","0.7974092698413521","0.7974092698413521","1497","1497","1497","0.7512531740117879","0.7512531740117879","0.7512531740117879","4577","4577","4577","0.24161012738591583","0.24161012738591583","0.24161012738591583","4665","4665","4665","","","","","","","0.7435112958747612","0.7435112958747612","0.7435112958747612","4577","4577","4577","","","","","","","0.7395896044643436","0.7395896044643436","0.7395896044643436","1497","1497","1497","0.1540149341828349","0.1540149341828349","0.1540149341828349","7745","7745","7745","0.8009642295513372","0.8009642295513372","0.8009642295513372","1497","1497","1497","0.18571355621260055","0.18571355621260055","0.18571355621260055","4665","4665","4665","0.8032287948691698","0.8032287948691698","0.8032287948691698","4577","4577","4577","","","","","","","","","","","","","","","","","","","","","","","","","","","","","","","","","","","","","","","","","","","","","","","","","0.9771733792004278","0.9771733792004278","0.9771733792004278","1497","1497","1497","","","","","","","","","","","","","","","","","","","","","","","","","","","","","","","","","","","","","","","","","",""
"88","0.3304010152800593","0.3304010152800593","0.3304010152800593","7833","7833","7833","0.7864555188372438","0.7864555188372438","0.7864555188372438","1514","1514","1514","0.755578004868826","0.755578004868826","0.755578004868826","4629","4629","4629","0.2385653780692225","0.2385653780692225","0.2385653780692225","4718","4718","4718","","","","","","","0.7842477188568175","0.7842477188568175","0.7842477188568175","4629","4629","4629","","","","","","","0.7604339519998884","0.7604339519998884","0.7604339519998884","1514","1514","1514","0.12708318716721337","0.12708318716721337","0.12708318716721337","7833","7833","7833","0.7737560083362673","0.7737560083362673","0.7737560083362673","1514","1514","1514","0.22032826902536826","0.22032826902536826","0.22032826902536826","4718","4718","4718","0.7833558075893519","0.7833558075893519","0.7833558075893519","4629","4629","4629","","","","","","","","","","","","","","","","","","","","","","","","","","","","","","","","","","","","","","","","","","","","","","","","","0.9757636833574735","0.9757636833574735","0.9757636833574735","1514","1514","1514","","","","","","","","","","","","","","","","","","","","","","","","","","","","","","","","","","","","","","","","","",""
"89","0.34360573138505174","0.34360573138505174","0.34360573138505174","7921","7921","7921","0.7937527550133613","0.7937527550133613","0.7937527550133613","1531","1531","1531","0.7895223574058968","0.7895223574058968","0.7895223574058968","4681","4681","4681","0.22517753976192875","0.22517753976192875","0.22517753976192875","4771","4771","4771","","","","","","","0.7326831087091022","0.7326831087091022","0.7326831087091022","4681","4681","4681","","","","","","","0.7795566427928584","0.7795566427928584","0.7795566427928584","1531","1531","1531","0.13965595794442087","0.13965595794442087","0.13965595794442087","7921","7921","7921","0.7941067947612506","0.7941067947612506","0.7941067947612506","1531","1531","1531","0.2030196781600149","0.2030196781600149","0.2030196781600149","4771","4771","4771","0.822879596419375","0.822879596419375","0.822879596419375","4681","4681","4681","","","","","","","","","","","","","","","","","","","","","","","","","","","","","","","","","","","","","","","","","","","","","","","","","0.9680347897144573","0.9680347897144573","0.9680347897144573","1531","1531","1531","","","","","","","","","","","","","","","","","","","","","","","","","","","","","","","","","","","","","","","","","",""
"90","0.3411736196084023","0.3411736196084023","0.3411736196084023","8009","8009","8009","0.8091924672211394","0.8091924672211394","0.8091924672211394","1548","1548","1548","0.7846153941723748","0.7846153941723748","0.7846153941723748","4733","4733","4733","0.23034544837355517","0.23034544837355517","0.23034544837355517","4824","4824","4824","","","","","","","0.7742568482259868","0.7742568482259868","0.7742568482259868","4733","4733","4733","","","","","","","0.7835580005784271","0.7835580005784271","0.7835580005784271","1548","1548","1548","0.12475788087250014","0.12475788087250014","0.12475788087250014","8009","8009","8009","0.7996781017225687","0.7996781017225687","0.7996781017225687","1548","1548","1548","0.18859173419023326","0.18859173419023326","0.18859173419023326","4824","4824","4824","0.7897766342301341","0.7897766342301341","0.7897766342301341","4733","4733","4733","","","","","","","","","","","","","","","","","","","","","","","","","","","","","","","","","","","","","","","","","","","","","","","","","0.9752813552158907","0.9752813552158907","0.9752813552158907","1548","1548","1548","","","","","","","","","","","","","","","","","","","","","","","","","","","","","","","","","","","","","","","","","",""
"91","0.3236069619555263","0.3236069619555263","0.3236069619555263","8097","8097","8097","0.7934445462884437","0.7934445462884437","0.7934445462884437","1565","1565","1565","0.7748434251460811","0.7748434251460811","0.7748434251460811","4785","4785","4785","0.23203311891351808","0.23203311891351808","0.23203311891351808","4877","4877","4877","","","","","","","0.8207269907537921","0.8207269907537921","0.8207269907537921","4785","4785","4785","","","","","","","0.813321707162554","0.813321707162554","0.813321707162554","1565","1565","1565","0.10718022697574063","0.10718022697574063","0.10718022697574063","8097","8097","8097","0.8217389585778512","0.8217389585778512","0.8217389585778512","1565","1565","1565","0.1839258513340648","0.1839258513340648","0.1839258513340648","4877","4877","4877","0.7844209919014987","0.7844209919014987","0.7844209919014987","4785","4785","4785","","","","","","","","","","","","","","","","","","","","","","","","","","","","","","","","","","","","","","","","","","","","","","","","","0.9679848775115791","0.9679848775115791","0.9679848775115791","1565","1565","1565","","","","","","","","","","","","","","","","","","","","","","","","","","","","","","","","","","","","","","","","","",""
"92","0.34447214551107774","0.34447214551107774","0.34447214551107774","8185","8185","8185","0.8250059354872024","0.8250059354872024","0.8250059354872024","1582","1582","1582","0.7935371653889349","0.7935371653889349","0.7935371653889349","4837","4837","4837","0.23903412585078923","0.23903412585078923","0.23903412585078923","4930","4930","4930","","","","","","","0.8659135998594547","0.8659135998594547","0.8659135998594547","4837","4837","4837","","","","","","","0.8393008204236672","0.8393008204236672","0.8393008204236672","1582","1582","1582","0.12716270191373985","0.12716270191373985","0.12716270191373985","8185","8185","8185","0.7961861679778783","0.7961861679778783","0.7961861679778783","1582","1582","1582","0.18897130011696525","0.18897130011696525","0.18897130011696525","4930","4930","4930","0.8028598551965613","0.8028598551965613","0.8028598551965613","4837","4837","4837","","","","","","","","","","","","","","","","","","","","","","","","","","","","","","","","","","","","","","","","","","","","","","","","","0.9767682869595411","0.9767682869595411","0.9767682869595411","1582","1582","1582","","","","","","","","","","","","","","","","","","","","","","","","","","","","","","","","","","","","","","","","","",""
"93","0.33521587566213645","0.33521587566213645","0.33521587566213645","8273","8273","8273","0.8009188021177255","0.8009188021177255","0.8009188021177255","1599","1599","1599","0.7941480515515591","0.7941480515515591","0.7941480515515591","4889","4889","4889","0.22278788236335","0.22278788236335","0.22278788236335","4983","4983","4983","","","","","","","0.8750609564050084","0.8750609564050084","0.8750609564050084","4889","4889","4889","","","","","","","0.8554088220653007","0.8554088220653007","0.8554088220653007","1599","1599","1599","0.15459660401033465","0.15459660401033465","0.15459660401033465","8273","8273","8273","0.8220660213320512","0.8220660213320512","0.8220660213320512","1599","1599","1599","0.19158160254043555","0.19158160254043555","0.19158160254043555","4983","4983","4983","0.8388645633443376","0.8388645633443376","0.8388645633443376","4889","4889","4889","","","","","","","","","","","","","","","","","","","","","","","","","","","","","","","","","","","","","","","","","","","","","","","","","0.9793538815701602","0.9793538815701602","0.9793538815701602","1599","1599","1599","","","","","","","","","","","","","","","","","","","","","","","","","","","","","","","","","","","","","","","","","",""
"94","0.3471255624165876","0.3471255624165876","0.3471255624165876","8361","8361","8361","0.8243598156348653","0.8243598156348653","0.8243598156348653","1616","1616","1616","0.7781852691625145","0.7781852691625145","0.7781852691625145","4941","4941","4941","0.22804432691098742","0.22804432691098742","0.22804432691098742","5036","5036","5036","","","","","","","0.8102054182935016","0.8102054182935016","0.8102054182935016","4941","4941","4941","","","","","","","0.8420480745065518","0.8420480745065518","0.8420480745065518","1616","1616","1616","0.16352816484711216","0.16352816484711216","0.16352816484711216","8361","8361","8361","0.8207892093835006","0.8207892093835006","0.8207892093835006","1616","1616","1616","0.23133357839066382","0.23133357839066382","0.23133357839066382","5036","5036","5036","0.8339095846655047","0.8339095846655047","0.8339095846655047","4941","4941","4941","","","","","","","","","","","","","","","","","","","","","","","","","","","","","","","","","","","","","","","","","","","","","","","","","0.9695973876245862","0.9695973876245862","0.9695973876245862","1616","1616","1616","","","","","","","","","","","","","","","","","","","","","","","","","","","","","","","","","","","","","","","","","",""
"95","0.3255187524524233","0.3255187524524233","0.3255187524524233","8449","8449","8449","0.7954490288930327","0.7954490288930327","0.7954490288930327","1633","1633","1633","0.7884291477786494","0.7884291477786494","0.7884291477786494","4993","4993","4993","0.2372441252851812","0.2372441252851812","0.2372441252851812","5089","5089","5089","","","","","","","0.8008874009922421","0.8008874009922421","0.8008874009922421","4993","4993","4993","","","","","","","0.868854343018028","0.868854343018028","0.868854343018028","1633","1633","1633","0.15720200141791424","0.15720200141791424","0.15720200141791424","8449","8449","8449","0.8059730004677029","0.8059730004677029","0.8059730004677029","1633","1633","1633","0.1949044663397903","0.1949044663397903","0.1949044663397903","5089","5089","5089","0.8463266941115288","0.8463266941115288","0.8463266941115288","4993","4993","4993","","","","","","","","","","","","","","","","","","","","","","","","","","","","","","","","","","","","","","","","","","","","","","","","","0.9705491369639304","0.9705491369639304","0.9705491369639304","1633","1633","1633","","","","","","","","","","","","","","","","","","","","","","","","","","","","","","","","","","","","","","","","","",""
"96","0.3373424331661373","0.3373424331661373","0.3373424331661373","8537","8537","8537","0.8363692047780849","0.8363692047780849","0.8363692047780849","1650","1650","1650","0.7960744273859933","0.7960744273859933","0.7960744273859933","5045","5045","5045","0.22862803259365386","0.22862803259365386","0.22862803259365386","5142","5142","5142","","","","","","","0.8311162604127342","0.8311162604127342","0.8311162604127342","5045","5045","5045","","","","","","","0.8728233329351596","0.8728233329351596","0.8728233329351596","1650","1650","1650","0.1734160641995162","0.1734160641995162","0.1734160641995162","8537","8537","8537","0.8161614088952209","0.8161614088952209","0.8161614088952209","1650","1650","1650","0.1608623258496186","0.1608623258496186","0.1608623258496186","5142","5142","5142","0.838743213702684","0.838743213702684","0.838743213702684","5045","5045","5045","","","","","","","","","","","","","","","","","","","","","","","","","","","","","","","","","","","","","","","","","","","","","","","","","0.9780910948262527","0.9780910948262527","0.9780910948262527","1650","1650","1650","","","","","","","","","","","","","","","","","","","","","","","","","","","","","","","","","","","","","","","","","",""
"97","0.32463716349737454","0.32463716349737454","0.32463716349737454","8625","8625","8625","0.8187709089644403","0.8187709089644403","0.8187709089644403","1667","1667","1667","0.7978638447222771","0.7978638447222771","0.7978638447222771","5097","5097","5097","0.21566617465212104","0.21566617465212104","0.21566617465212104","5195","5195","5195","","","","","","","0.8300316641944946","0.8300316641944946","0.8300316641944946","5097","5097","5097","","","","","","","0.8746300609374528","0.8746300609374528","0.8746300609374528","1667","1667","1667","0.18303654734017016","0.18303654734017016","0.18303654734017016","8625","8625","8625","0.8329811704189539","0.8329811704189539","0.8329811704189539","1667","1667","1667","0.18153210736248138","0.18153210736248138","0.18153210736248138","5195","5195","5195","0.8278238925023804","0.8278238925023804","0.8278238925023804","5097","5097","5097","","","","","","","","","","","","","","","","","","","","","","","","","","","","","","","","","","","","","","","","","","","","","","","","","0.9743536737287933","0.9743536737287933","0.9743536737287933","1667","1667","1667","","","","","","","","","","","","","","","","","","","","","","","","","","","","","","","","","","","","","","","","","",""
"98","0.30557636954177","0.30557636954177","0.30557636954177","8713","8713","8713","0.8341404435560626","0.8341404435560626","0.8341404435560626","1684","1684","1684","0.7905462463703024","0.7905462463703024","0.7905462463703024","5149","5149","5149","0.24769410731139638","0.24769410731139638","0.24769410731139638","5248","5248","5248","","","","","","","0.8714048904423932","0.8714048904423932","0.8714048904423932","5149","5149","5149","","","","","","","0.8906362746312463","0.8906362746312463","0.8906362746312463","1684","1684","1684","0.17404599193356454","0.17404599193356454","0.17404599193356454","8713","8713","8713","0.8322320751415228","0.8322320751415228","0.8322320751415228","1684","1684","1684","0.17846902289933766","0.17846902289933766","0.17846902289933766","5248","5248","5248","0.8189941797939964","0.8189941797939964","0.8189941797939964","5149","5149","5149","","","","","","","","","","","","","","","","","","","","","","","","","","","","","","","","","","","","","","","","","","","","","","","","","0.9840148197406873","0.9840148197406873","0.9840148197406873","1684","1684","1684","","","","","","","","","","","","","","","","","","","","","","","","","","","","","","","","","","","","","","","","","",""
"99","0.33429150866902124","0.33429150866902124","0.33429150866902124","8801","8801","8801","0.8229203563881322","0.8229203563881322","0.8229203563881322","1701","1701","1701","0.7961316779820802","0.7961316779820802","0.7961316779820802","5201","5201","5201","0.2650674052772083","0.2650674052772083","0.2650674052772083","5301","5301","5301","","","","","","","0.8470493993170426","0.8470493993170426","0.8470493993170426","5201","5201","5201","","","","","","","0.8768103571208785","0.8768103571208785","0.8768103571208785","1701","1701","1701","0.16513245894108425","0.16513245894108425","0.16513245894108425","8801","8801","8801","0.8030273544747627","0.8030273544747627","0.8030273544747627","1701","1701","1701","0.14617682499887674","0.14617682499887674","0.14617682499887674","5301","5301","5301","0.8041014714931122","0.8041014714931122","0.8041014714931122","5201","5201","5201","","","","","","","","","","","","","","","","","","","","","","","","","","","","","","","","","","","","","","","","","","","","","","","","","0.9767858174193131","0.9767858174193131","0.9767858174193131","1701","1701","1701","","","","","","","","","","","","","","","","","","","","","","","","","","","","","","","","","","","","","","","","","",""
"100","0.3231906229320921","0.3231906229320921","0.3231906229320921","8889","8889","8889","0.8197156064839152","0.8197156064839152","0.8197156064839152","1718","1718","1718","0.7743988858105557","0.7743988858105557","0.7743988858105557","5253","5253","5253","0.2341492840534436","0.2341492840534436","0.2341492840534436","5354","5354","5354","","","","","","","","","","","","","","","","","","","","","","","","","0.17443705664729356","0.17443705664729356","0.17443705664729356","8889","8889","8889","0.800983041220371","0.800983041220371","0.800983041220371","1718","1718","1718","0.16412506116172118","0.16412506116172118","0.16412506116172118","5354","5354","5354","0.7995546135076457","0.7995546135076457","0.7995546135076457","5253","5253","5253","","","","","","","","","","","","","","","","","","","","","","","","","","","","","","","","","","","","","","","","","","","","","","","","","0.9829276336295643","0.9829276336295643","0.9829276336295643","1718","1718","1718","","","","","","","","","","","","","","","","","","","","","","","","","","","","","","","","","","","","","","","","","",""
"101","0.33885562530899005","0.33885562530899005","0.33885562530899005","8977","8977","8977","0.8100887995612096","0.8100887995612096","0.8100887995612096","1735","1735","1735","0.7980525096584021","0.7980525096584021","0.7980525096584021","5305","5305","5305","0.2458578280239178","0.2458578280239178","0.2458578280239178","5407","5407","5407","","","","","","","","","","","","","","","","","","","","","","","","","0.18014239394953888","0.18014239394953888","0.18014239394953888","8977","8977","8977","0.8432905221408337","0.8432905221408337","0.8432905221408337","1735","1735","1735","0.1764668391654835","0.1764668391654835","0.1764668391654835","5407","5407","5407","0.8376045125526816","0.8376045125526816","0.8376045125526816","5305","5305","5305","","","","","","","","","","","","","","","","","","","","","","","","","","","","","","","","","","","","","","","","","","","","","","","","","0.9730560199361741","0.9730560199361741","0.9730560199361741","1735","1735","1735","","","","","","","","","","","","","","","","","","","","","","","","","","","","","","","","","","","","","","","","","",""
"102","0.33391626655384415","0.33391626655384415","0.33391626655384415","9065","9065","9065","0.7831828226168988","0.7831828226168988","0.7831828226168988","1752","1752","1752","0.7576904502710416","0.7576904502710416","0.7576904502710416","5357","5357","5357","0.2404689601856907","0.2404689601856907","0.2404689601856907","5460","5460","5460","","","","","","","","","","","","","","","","","","","","","","","","","0.17427568640091773","0.17427568640091773","0.17427568640091773","9065","9065","9065","0.8193093467523449","0.8193093467523449","0.8193093467523449","1752","1752","1752","0.17728177009056012","0.17728177009056012","0.17728177009056012","5460","5460","5460","0.8624592814495396","0.8624592814495396","0.8624592814495396","5357","5357","5357","","","","","","","","","","","","","","","","","","","","","","","","","","","","","","","","","","","","","","","","","","","","","","","","","0.9720836365415769","0.9720836365415769","0.9720836365415769","1752","1752","1752","","","","","","","","","","","","","","","","","","","","","","","","","","","","","","","","","","","","","","","","","",""
"103","0.3454056212858762","0.3454056212858762","0.3454056212858762","9153","9153","9153","0.7671726556048301","0.7671726556048301","0.7671726556048301","1769","1769","1769","0.7690404681659421","0.7690404681659421","0.7690404681659421","5409","5409","5409","0.24023202890375625","0.24023202890375625","0.24023202890375625","5513","5513","5513","","","","","","","","","","","","","","","","","","","","","","","","","0.18848901571519525","0.18848901571519525","0.18848901571519525","9153","9153","9153","0.8156974069705951","0.8156974069705951","0.8156974069705951","1769","1769","1769","0.1973306488344902","0.1973306488344902","0.1973306488344902","5513","5513","5513","0.8545984864123184","0.8545984864123184","0.8545984864123184","5409","5409","5409","","","","","","","","","","","","","","","","","","","","","","","","","","","","","","","","","","","","","","","","","","","","","","","","","0.9802406472183705","0.9802406472183705","0.9802406472183705","1769","1769","1769","","","","","","","","","","","","","","","","","","","","","","","","","","","","","","","","","","","","","","","","","",""
"104","0.32804354381959794","0.32804354381959794","0.32804354381959794","9241","9241","9241","0.8154038156256748","0.8154038156256748","0.8154038156256748","1786","1786","1786","0.7786272540795298","0.7786272540795298","0.7786272540795298","5461","5461","5461","0.22895642223137458","0.22895642223137458","0.22895642223137458","5566","5566","5566","","","","","","","","","","","","","","","","","","","","","","","","","0.17833242186664341","0.17833242186664341","0.17833242186664341","9241","9241","9241","0.8301225162428448","0.8301225162428448","0.8301225162428448","1786","1786","1786","0.19288764614836865","0.19288764614836865","0.19288764614836865","5566","5566","5566","0.8851569307599194","0.8851569307599194","0.8851569307599194","5461","5461","5461","","","","","","","","","","","","","","","","","","","","","","","","","","","","","","","","","","","","","","","","","","","","","","","","","0.9788942198557599","0.9788942198557599","0.9788942198557599","1786","1786","1786","","","","","","","","","","","","","","","","","","","","","","","","","","","","","","","","","","","","","","","","","",""
"105","0.311275165454459","0.311275165454459","0.311275165454459","9329","9329","9329","0.8096578693028726","0.8096578693028726","0.8096578693028726","1803","1803","1803","0.8101367189804618","0.8101367189804618","0.8101367189804618","5513","5513","5513","0.23827146846869904","0.23827146846869904","0.23827146846869904","5619","5619","5619","","","","","","","","","","","","","","","","","","","","","","","","","0.2078145526735628","0.2078145526735628","0.2078145526735628","9329","9329","9329","0.8238473296389153","0.8238473296389153","0.8238473296389153","1803","1803","1803","0.2032951512682286","0.2032951512682286","0.2032951512682286","5619","5619","5619","0.8375066968116099","0.8375066968116099","0.8375066968116099","5513","5513","5513","","","","","","","","","","","","","","","","","","","","","","","","","","","","","","","","","","","","","","","","","","","","","","","","","0.9821470739559521","0.9821470739559521","0.9821470739559521","1803","1803","1803","","","","","","","","","","","","","","","","","","","","","","","","","","","","","","","","","","","","","","","","","",""
"106","0.3427680508670415","0.3427680508670415","0.3427680508670415","9417","9417","9417","0.8196019478063686","0.8196019478063686","0.8196019478063686","1820","1820","1820","0.7864035697464252","0.7864035697464252","0.7864035697464252","5565","5565","5565","0.2489198779433469","0.2489198779433469","0.2489198779433469","5672","5672","5672","","","","","","","","","","","","","","","","","","","","","","","","","0.1836975568624705","0.1836975568624705","0.1836975568624705","9417","9417","9417","0.8384228733607684","0.8384228733607684","0.8384228733607684","1820","1820","1820","0.18071850103403794","0.18071850103403794","0.18071850103403794","5672","5672","5672","0.8607673640192484","0.8607673640192484","0.8607673640192484","5565","5565","5565","","","","","","","","","","","","","","","","","","","","","","","","","","","","","","","","","","","","","","","","","","","","","","","","","0.9807711403353477","0.9807711403353477","0.9807711403353477","1820","1820","1820","","","","","","","","","","","","","","","","","","","","","","","","","","","","","","","","","","","","","","","","","",""
"107","0.35080521092653694","0.35080521092653694","0.35080521092653694","9505","9505","9505","0.8094973162154432","0.8094973162154432","0.8094973162154432","1837","1837","1837","0.7854678758552393","0.7854678758552393","0.7854678758552393","5617","5617","5617","0.25754268052627444","0.25754268052627444","0.25754268052627444","5725","5725","5725","","","","","","","","","","","","","","","","","","","","","","","","","0.19726837119154797","0.19726837119154797","0.19726837119154797","9505","9505","9505","0.8223161790672291","0.8223161790672291","0.8223161790672291","1837","1837","1837","0.19232609527953148","0.19232609527953148","0.19232609527953148","5725","5725","5725","0.8393346388911438","0.8393346388911438","0.8393346388911438","5617","5617","5617","","","","","","","","","","","","","","","","","","","","","","","","","","","","","","","","","","","","","","","","","","","","","","","","","0.9774849277809947","0.9774849277809947","0.9774849277809947","1837","1837","1837","","","","","","","","","","","","","","","","","","","","","","","","","","","","","","","","","","","","","","","","","",""
"108","0.34629802105278396","0.34629802105278396","0.34629802105278396","9593","9593","9593","0.8077993646592181","0.8077993646592181","0.8077993646592181","1854","1854","1854","0.7904473678139954","0.7904473678139954","0.7904473678139954","5669","5669","5669","0.2513836939529869","0.2513836939529869","0.2513836939529869","5778","5778","5778","","","","","","","","","","","","","","","","","","","","","","","","","0.18043056384459807","0.18043056384459807","0.18043056384459807","9593","9593","9593","0.8538302863454739","0.8538302863454739","0.8538302863454739","1854","1854","1854","0.1874562779482981","0.1874562779482981","0.1874562779482981","5778","5778","5778","0.8701885639353695","0.8701885639353695","0.8701885639353695","5669","5669","5669","","","","","","","","","","","","","","","","","","","","","","","","","","","","","","","","","","","","","","","","","","","","","","","","","0.9771136425579177","0.9771136425579177","0.9771136425579177","1854","1854","1854","","","","","","","","","","","","","","","","","","","","","","","","","","","","","","","","","","","","","","","","","",""
"109","0.3634272873618983","0.3634272873618983","0.3634272873618983","9681","9681","9681","0.800472069163346","0.800472069163346","0.800472069163346","1871","1871","1871","0.7882573509612699","0.7882573509612699","0.7882573509612699","5721","5721","5721","0.25032284564216206","0.25032284564216206","0.25032284564216206","5831","5831","5831","","","","","","","","","","","","","","","","","","","","","","","","","0.1910100564506211","0.1910100564506211","0.1910100564506211","9681","9681","9681","0.8502096581779446","0.8502096581779446","0.8502096581779446","1871","1871","1871","0.1887131421387719","0.1887131421387719","0.1887131421387719","5831","5831","5831","0.8675788419534225","0.8675788419534225","0.8675788419534225","5721","5721","5721","","","","","","","","","","","","","","","","","","","","","","","","","","","","","","","","","","","","","","","","","","","","","","","","","0.9819567638640133","0.9819567638640133","0.9819567638640133","1871","1871","1871","","","","","","","","","","","","","","","","","","","","","","","","","","","","","","","","","","","","","","","","","",""
"110","0.34032222608112306","0.34032222608112306","0.34032222608112306","9769","9769","9769","0.7991918674828739","0.7991918674828739","0.7991918674828739","1888","1888","1888","0.7898881579286857","0.7898881579286857","0.7898881579286857","5773","5773","5773","0.2498759406492299","0.2498759406492299","0.2498759406492299","5884","5884","5884","","","","","","","","","","","","","","","","","","","","","","","","","0.20888910908621477","0.20888910908621477","0.20888910908621477","9769","9769","9769","0.8526095003235001","0.8526095003235001","0.8526095003235001","1888","1888","1888","0.1882661809472111","0.1882661809472111","0.1882661809472111","5884","5884","5884","0.8745290806786579","0.8745290806786579","0.8745290806786579","5773","5773","5773","","","","","","","","","","","","","","","","","","","","","","","","","","","","","","","","","","","","","","","","","","","","","","","","","0.9872446043784449","0.9872446043784449","0.9872446043784449","1888","1888","1888","","","","","","","","","","","","","","","","","","","","","","","","","","","","","","","","","","","","","","","","","",""
"111","0.3477218340556046","0.3477218340556046","0.3477218340556046","9857","9857","9857","0.812368614823543","0.812368614823543","0.812368614823543","1905","1905","1905","0.8147221576528473","0.8147221576528473","0.8147221576528473","5825","5825","5825","0.2498452939084593","0.2498452939084593","0.2498452939084593","5937","5937","5937","","","","","","","","","","","","","","","","","","","","","","","","","0.2065942147513812","0.2065942147513812","0.2065942147513812","9857","9857","9857","0.8484189877257811","0.8484189877257811","0.8484189877257811","1905","1905","1905","0.1874511011825275","0.1874511011825275","0.1874511011825275","5937","5937","5937","0.8454879903352451","0.8454879903352451","0.8454879903352451","5825","5825","5825","","","","","","","","","","","","","","","","","","","","","","","","","","","","","","","","","","","","","","","","","","","","","","","","","0.9852460394447904","0.9852460394447904","0.9852460394447904","1905","1905","1905","","","","","","","","","","","","","","","","","","","","","","","","","","","","","","","","","","","","","","","","","",""
"112","0.3349319959711653","0.3349319959711653","0.3349319959711653","9945","9945","9945","0.8199799388177104","0.8199799388177104","0.8199799388177104","1922","1922","1922","0.7937653250831832","0.7937653250831832","0.7937653250831832","5877","5877","5877","0.25951347387801393","0.25951347387801393","0.25951347387801393","5990","5990","5990","","","","","","","","","","","","","","","","","","","","","","","","","0.20432591795359348","0.20432591795359348","0.20432591795359348","9945","9945","9945","0.835447746038331","0.835447746038331","0.835447746038331","1922","1922","1922","0.18190631646919908","0.18190631646919908","0.18190631646919908","5990","5990","5990","0.8990831557712534","0.8990831557712534","0.8990831557712534","5877","5877","5877","","","","","","","","","","","","","","","","","","","","","","","","","","","","","","","","","","","","","","","","","","","","","","","","","0.9840233451617666","0.9840233451617666","0.9840233451617666","1922","1922","1922","","","","","","","","","","","","","","","","","","","","","","","","","","","","","","","","","","","","","","","","","",""
"113","0.3564382528107545","0.3564382528107545","0.3564382528107545","10033","10033","10033","0.8398863182571592","0.8398863182571592","0.8398863182571592","1939","1939","1939","0.8232947379553831","0.8232947379553831","0.8232947379553831","5929","5929","5929","0.2524068553488847","0.2524068553488847","0.2524068553488847","6043","6043","6043","","","","","","","","","","","","","","","","","","","","","","","","","0.24733207387812656","0.24733207387812656","0.24733207387812656","10033","10033","10033","0.8536356445362921","0.8536356445362921","0.8536356445362921","1939","1939","1939","0.23289576827639227","0.23289576827639227","0.23289576827639227","6043","6043","6043","0.8728077298228232","0.8728077298228232","0.8728077298228232","5929","5929","5929","","","","","","","","","","","","","","","","","","","","","","","","","","","","","","","","","","","","","","","","","","","","","","","","","0.9835213640096354","0.9835213640096354","0.9835213640096354","1939","1939","1939","","","","","","","","","","","","","","","","","","","","","","","","","","","","","","","","","","","","","","","","","",""
"114","0.371340068275558","0.371340068275558","0.371340068275558","10121","10121","10121","0.8228226296576721","0.8228226296576721","0.8228226296576721","1956","1956","1956","0.7775653129797719","0.7775653129797719","0.7775653129797719","5981","5981","5981","0.25311664420345226","0.25311664420345226","0.25311664420345226","6096","6096","6096","","","","","","","","","","","","","","","","","","","","","","","","","0.2237680657746342","0.2237680657746342","0.2237680657746342","10121","10121","10121","0.8681255588264375","0.8681255588264375","0.8681255588264375","1956","1956","1956","0.23194977931274746","0.23194977931274746","0.23194977931274746","6096","6096","6096","0.8879273434258422","0.8879273434258422","0.8879273434258422","5981","5981","5981","","","","","","","","","","","","","","","","","","","","","","","","","","","","","","","","","","","","","","","","","","","","","","","","","0.9877360750963506","0.9877360750963506","0.9877360750963506","1956","1956","1956","","","","","","","","","","","","","","","","","","","","","","","","","","","","","","","","","","","","","","","","","",""
"115","0.36117268697288557","0.36117268697288557","0.36117268697288557","10209","10209","10209","0.8113793948061097","0.8113793948061097","0.8113793948061097","1973","1973","1973","0.7760754117955343","0.7760754117955343","0.7760754117955343","6033","6033","6033","0.24479566923603424","0.24479566923603424","0.24479566923603424","6149","6149","6149","","","","","","","","","","","","","","","","","","","","","","","","","0.23262910088061736","0.23262910088061736","0.23262910088061736","10209","10209","10209","0.8482932709950857","0.8482932709950857","0.8482932709950857","1973","1973","1973","0.22054887377463175","0.22054887377463175","0.22054887377463175","6149","6149","6149","0.8366637399504434","0.8366637399504434","0.8366637399504434","6033","6033","6033","","","","","","","","","","","","","","","","","","","","","","","","","","","","","","","","","","","","","","","","","","","","","","","","","0.9898734272703644","0.9898734272703644","0.9898734272703644","1973","1973","1973","","","","","","","","","","","","","","","","","","","","","","","","","","","","","","","","","","","","","","","","","",""
"116","0.3644093019115685","0.3644093019115685","0.3644093019115685","10297","10297","10297","0.8286938505316608","0.8286938505316608","0.8286938505316608","1990","1990","1990","0.7788078333477745","0.7788078333477745","0.7788078333477745","6085","6085","6085","0.2878217815354317","0.2878217815354317","0.2878217815354317","6202","6202","6202","","","","","","","","","","","","","","","","","","","","","","","","","0.19395116423451123","0.19395116423451123","0.19395116423451123","10297","10297","10297","0.8530396235520186","0.8530396235520186","0.8530396235520186","1990","1990","1990","0.25316076093283446","0.25316076093283446","0.25316076093283446","6202","6202","6202","0.8706441981382083","0.8706441981382083","0.8706441981382083","6085","6085","6085","","","","","","","","","","","","","","","","","","","","","","","","","","","","","","","","","","","","","","","","","","","","","","","","","0.9879198096640669","0.9879198096640669","0.9879198096640669","1990","1990","1990","","","","","","","","","","","","","","","","","","","","","","","","","","","","","","","","","","","","","","","","","",""
"117","0.33535170858242824","0.33535170858242824","0.33535170858242824","10385","10385","10385","0.8030901903326932","0.8030901903326932","0.8030901903326932","2007","2007","2007","0.7979858480713524","0.7979858480713524","0.7979858480713524","6137","6137","6137","0.24682320479281356","0.24682320479281356","0.24682320479281356","6255","6255","6255","","","","","","","","","","","","","","","","","","","","","","","","","0.19955289560727935","0.19955289560727935","0.19955289560727935","10385","10385","10385","0.8706172961449858","0.8706172961449858","0.8706172961449858","2007","2007","2007","0.20435694961569362","0.20435694961569362","0.20435694961569362","6255","6255","6255","0.8776171999883441","0.8776171999883441","0.8776171999883441","6137","6137","6137","","","","","","","","","","","","","","","","","","","","","","","","","","","","","","","","","","","","","","","","","","","","","","","","","0.9867585629798615","0.9867585629798615","0.9867585629798615","2007","2007","2007","","","","","","","","","","","","","","","","","","","","","","","","","","","","","","","","","","","","","","","","","",""
"118","0.3848681803767561","0.3848681803767561","0.3848681803767561","10473","10473","10473","0.84588709751353","0.84588709751353","0.84588709751353","2024","2024","2024","0.8112430395880286","0.8112430395880286","0.8112430395880286","6189","6189","6189","0.27058996678545516","0.27058996678545516","0.27058996678545516","6308","6308","6308","","","","","","","","","","","","","","","","","","","","","","","","","0.246395330680087","0.246395330680087","0.246395330680087","10473","10473","10473","0.8689478075342941","0.8689478075342941","0.8689478075342941","2024","2024","2024","0.21518467052941748","0.21518467052941748","0.21518467052941748","6308","6308","6308","0.8644170166369837","0.8644170166369837","0.8644170166369837","6189","6189","6189","","","","","","","","","","","","","","","","","","","","","","","","","","","","","","","","","","","","","","","","","","","","","","","","","0.9894504185657638","0.9894504185657638","0.9894504185657638","2024","2024","2024","","","","","","","","","","","","","","","","","","","","","","","","","","","","","","","","","","","","","","","","","",""
"119","0.36761083379643245","0.36761083379643245","0.36761083379643245","10561","10561","10561","0.8235985286582354","0.8235985286582354","0.8235985286582354","2041","2041","2041","0.8036696019826004","0.8036696019826004","0.8036696019826004","6241","6241","6241","0.2681099693565404","0.2681099693565404","0.2681099693565404","6361","6361","6361","","","","","","","","","","","","","","","","","","","","","","","","","0.19924487070309702","0.19924487070309702","0.19924487070309702","10561","10561","10561","0.8902153921652758","0.8902153921652758","0.8902153921652758","2041","2041","2041","0.21917187581435935","0.21917187581435935","0.21917187581435935","6361","6361","6361","0.870269300481537","0.870269300481537","0.870269300481537","6241","6241","6241","","","","","","","","","","","","","","","","","","","","","","","","","","","","","","","","","","","","","","","","","","","","","","","","","0.9840948471185419","0.9840948471185419","0.9840948471185419","2041","2041","2041","","","","","","","","","","","","","","","","","","","","","","","","","","","","","","","","","","","","","","","","","",""
"120","0.37295662298852456","0.37295662298852456","0.37295662298852456","10649","10649","10649","0.8126699393134692","0.8126699393134692","0.8126699393134692","2058","2058","2058","0.7996046085728111","0.7996046085728111","0.7996046085728111","6293","6293","6293","0.2873431482892568","0.2873431482892568","0.2873431482892568","6414","6414","6414","","","","","","","","","","","","","","","","","","","","","","","","","0.24041488587608464","0.24041488587608464","0.24041488587608464","10649","10649","10649","0.8637834153672848","0.8637834153672848","0.8637834153672848","2058","2058","2058","0.22859164140298635","0.22859164140298635","0.22859164140298635","6414","6414","6414","0.8891672961321394","0.8891672961321394","0.8891672961321394","6293","6293","6293","","","","","","","","","","","","","","","","","","","","","","","","","","","","","","","","","","","","","","","","","","","","","","","","","0.9888445422171257","0.9888445422171257","0.9888445422171257","2058","2058","2058","","","","","","","","","","","","","","","","","","","","","","","","","","","","","","","","","","","","","","","","","",""
"121","0.3464378569571271","0.3464378569571271","0.3464378569571271","10737","10737","10737","0.8292095805428539","0.8292095805428539","0.8292095805428539","2075","2075","2075","0.8090807529267997","0.8090807529267997","0.8090807529267997","6345","6345","6345","0.27277871826918143","0.27277871826918143","0.27277871826918143","6467","6467","6467","","","","","","","","","","","","","","","","","","","","","","","","","0.20586634361453995","0.20586634361453995","0.20586634361453995","10737","10737","10737","0.871015317588888","0.871015317588888","0.871015317588888","2075","2075","2075","0.23304081395582865","0.23304081395582865","0.23304081395582865","6467","6467","6467","0.8922159210061579","0.8922159210061579","0.8922159210061579","6345","6345","6345","","","","","","","","","","","","","","","","","","","","","","","","","","","","","","","","","","","","","","","","","","","","","","","","","0.989805422418394","0.989805422418394","0.989805422418394","2075","2075","2075","","","","","","","","","","","","","","","","","","","","","","","","","","","","","","","","","","","","","","","","","",""
"122","0.38892747587015775","0.38892747587015775","0.38892747587015775","10825","10825","10825","0.8423109280515056","0.8423109280515056","0.8423109280515056","2092","2092","2092","0.7963397994214396","0.7963397994214396","0.7963397994214396","6397","6397","6397","0.25647747589619035","0.25647747589619035","0.25647747589619035","6520","6520","6520","","","","","","","","","","","","","","","","","","","","","","","","","0.2172814611267655","0.2172814611267655","0.2172814611267655","10825","10825","10825","0.8729165448801557","0.8729165448801557","0.8729165448801557","2092","2092","2092","0.24232622019782207","0.24232622019782207","0.24232622019782207","6520","6520","6520","0.8687773619753123","0.8687773619753123","0.8687773619753123","6397","6397","6397","","","","","","","","","","","","","","","","","","","","","","","","","","","","","","","","","","","","","","","","","","","","","","","","","0.9897468803558057","0.9897468803558057","0.9897468803558057","2092","2092","2092","","","","","","","","","","","","","","","","","","","","","","","","","","","","","","","","","","","","","","","","","",""
"123","0.3511334641058676","0.3511334641058676","0.3511334641058676","10913","10913","10913","0.8138689925674365","0.8138689925674365","0.8138689925674365","2109","2109","2109","0.8153623010732292","0.8153623010732292","0.8153623010732292","6449","6449","6449","0.2765809638848523","0.2765809638848523","0.2765809638848523","6573","6573","6573","","","","","","","","","","","","","","","","","","","","","","","","","0.23284338701000606","0.23284338701000606","0.23284338701000606","10913","10913","10913","0.8982708346613898","0.8982708346613898","0.8982708346613898","2109","2109","2109","0.2401537319553916","0.2401537319553916","0.2401537319553916","6573","6573","6573","0.871151768839124","0.871151768839124","0.871151768839124","6449","6449","6449","","","","","","","","","","","","","","","","","","","","","","","","","","","","","","","","","","","","","","","","","","","","","","","","","0.9930040833368777","0.9930040833368777","0.9930040833368777","2109","2109","2109","","","","","","","","","","","","","","","","","","","","","","","","","","","","","","","","","","","","","","","","","",""
"124","0.3507303806492101","0.3507303806492101","0.3507303806492101","11001","11001","11001","0.8473069702501974","0.8473069702501974","0.8473069702501974","2126","2126","2126","0.8101350507717898","0.8101350507717898","0.8101350507717898","6501","6501","6501","0.2679676507035312","0.2679676507035312","0.2679676507035312","6626","6626","6626","","","","","","","","","","","","","","","","","","","","","","","","","0.23057945931514187","0.23057945931514187","0.23057945931514187","11001","11001","11001","0.8711768518421111","0.8711768518421111","0.8711768518421111","2126","2126","2126","0.25180784992573835","0.25180784992573835","0.25180784992573835","6626","6626","6626","0.89625243047836","0.89625243047836","0.89625243047836","6501","6501","6501","","","","","","","","","","","","","","","","","","","","","","","","","","","","","","","","","","","","","","","","","","","","","","","","","0.9922642941929493","0.9922642941929493","0.9922642941929493","2126","2126","2126","","","","","","","","","","","","","","","","","","","","","","","","","","","","","","","","","","","","","","","","","",""
"125","0.3908116321332042","0.3908116321332042","0.3908116321332042","11089","11089","11089","0.8378363241008027","0.8378363241008027","0.8378363241008027","2143","2143","2143","0.8037350551430117","0.8037350551430117","0.8037350551430117","6553","6553","6553","0.2781905526394779","0.2781905526394779","0.2781905526394779","6679","6679","6679","","","","","","","","","","","","","","","","","","","","","","","","","0.20454659414009285","0.20454659414009285","0.20454659414009285","11089","11089","11089","0.9014231420156409","0.9014231420156409","0.9014231420156409","2143","2143","2143","0.22579151429386368","0.22579151429386368","0.22579151429386368","6679","6679","6679","0.8775901146637859","0.8775901146637859","0.8775901146637859","6553","6553","6553","","","","","","","","","","","","","","","","","","","","","","","","","","","","","","","","","","","","","","","","","","","","","","","","","0.9909532936516108","0.9909532936516108","0.9909532936516108","2143","2143","2143","","","","","","","","","","","","","","","","","","","","","","","","","","","","","","","","","","","","","","","","","",""
"126","0.3754845863814022","0.3754845863814022","0.3754845863814022","11177","11177","11177","0.8376018645137754","0.8376018645137754","0.8376018645137754","2160","2160","2160","0.8147205430001231","0.8147205430001231","0.8147205430001231","6605","6605","6605","0.27388079574537444","0.27388079574537444","0.27388079574537444","6732","6732","6732","","","","","","","","","","","","","","","","","","","","","","","","","0.2367976278349732","0.2367976278349732","0.2367976278349732","11177","11177","11177","0.8642414042892906","0.8642414042892906","0.8642414042892906","2160","2160","2160","0.2488690380189658","0.2488690380189658","0.2488690380189658","6732","6732","6732","0.8785790286912726","0.8785790286912726","0.8785790286912726","6605","6605","6605","","","","","","","","","","","","","","","","","","","","","","","","","","","","","","","","","","","","","","","","","","","","","","","","","0.9882733769107316","0.9882733769107316","0.9882733769107316","2160","2160","2160","","","","","","","","","","","","","","","","","","","","","","","","","","","","","","","","","","","","","","","","","",""
"127","0.3739373513184497","0.3739373513184497","0.3739373513184497","11265","11265","11265","0.845353991850727","0.845353991850727","0.845353991850727","2177","2177","2177","0.781110106190524","0.781110106190524","0.781110106190524","6657","6657","6657","0.24649634043077753","0.24649634043077753","0.24649634043077753","6785","6785","6785","","","","","","","","","","","","","","","","","","","","","","","","","0.2127143256544515","0.2127143256544515","0.2127143256544515","11265","11265","11265","0.8976531553091875","0.8976531553091875","0.8976531553091875","2177","2177","2177","0.22527886166616984","0.22527886166616984","0.22527886166616984","6785","6785","6785","0.8908811700410731","0.8908811700410731","0.8908811700410731","6657","6657","6657","","","","","","","","","","","","","","","","","","","","","","","","","","","","","","","","","","","","","","","","","","","","","","","","","0.9792348819511414","0.9792348819511414","0.9792348819511414","2177","2177","2177","","","","","","","","","","","","","","","","","","","","","","","","","","","","","","","","","","","","","","","","","",""
"128","0.3817964509666763","0.3817964509666763","0.3817964509666763","11353","11353","11353","0.8373660847138871","0.8373660847138871","0.8373660847138871","2194","2194","2194","0.817595025546907","0.817595025546907","0.817595025546907","6709","6709","6709","0.2767238135447317","0.2767238135447317","0.2767238135447317","6838","6838","6838","","","","","","","","","","","","","","","","","","","","","","","","","0.23558396807588175","0.23558396807588175","0.23558396807588175","11353","11353","11353","0.9129784484714466","0.9129784484714466","0.9129784484714466","2194","2194","2194","0.233121507390172","0.233121507390172","0.233121507390172","6838","6838","6838","0.8993235558136081","0.8993235558136081","0.8993235558136081","6709","6709","6709","","","","","","","","","","","","","","","","","","","","","","","","","","","","","","","","","","","","","","","","","","","","","","","","","0.9778463082054651","0.9778463082054651","0.9778463082054651","2194","2194","2194","","","","","","","","","","","","","","","","","","","","","","","","","","","","","","","","","","","","","","","","","",""
"129","0.35274550349023537","0.35274550349023537","0.35274550349023537","11441","11441","11441","0.840926751184643","0.840926751184643","0.840926751184643","2211","2211","2211","0.8141622876368443","0.8141622876368443","0.8141622876368443","6761","6761","6761","0.2752370320799023","0.2752370320799023","0.2752370320799023","6891","6891","6891","","","","","","","","","","","","","","","","","","","","","","","","","0.2337413676022448","0.2337413676022448","0.2337413676022448","11441","11441","11441","0.9040160799057485","0.9040160799057485","0.9040160799057485","2211","2211","2211","0.25410415218669913","0.25410415218669913","0.25410415218669913","6891","6891","6891","0.9074020170714263","0.9074020170714263","0.9074020170714263","6761","6761","6761","","","","","","","","","","","","","","","","","","","","","","","","","","","","","","","","","","","","","","","","","","","","","","","","","0.9793325814261794","0.9793325814261794","0.9793325814261794","2211","2211","2211","","","","","","","","","","","","","","","","","","","","","","","","","","","","","","","","","","","","","","","","","",""
"130","0.39412378762228273","0.39412378762228273","0.39412378762228273","11529","11529","11529","0.8379352468175323","0.8379352468175323","0.8379352468175323","2228","2228","2228","0.8179782324345031","0.8179782324345031","0.8179782324345031","6813","6813","6813","0.2931812795084173","0.2931812795084173","0.2931812795084173","6944","6944","6944","","","","","","","","","","","","","","","","","","","","","","","","","0.22059525991972653","0.22059525991972653","0.22059525991972653","11529","11529","11529","0.9008832702497471","0.9008832702497471","0.9008832702497471","2228","2228","2228","0.2214838617876235","0.2214838617876235","0.2214838617876235","6944","6944","6944","0.9168924067388344","0.9168924067388344","0.9168924067388344","6813","6813","6813","","","","","","","","","","","","","","","","","","","","","","","","","","","","","","","","","","","","","","","","","","","","","","","","","0.9831621208216053","0.9831621208216053","0.9831621208216053","2228","2228","2228","","","","","","","","","","","","","","","","","","","","","","","","","","","","","","","","","","","","","","","","","",""
"131","0.3738111166537756","0.3738111166537756","0.3738111166537756","11617","11617","11617","0.8450547319034791","0.8450547319034791","0.8450547319034791","2245","2245","2245","0.7914183486774292","0.7914183486774292","0.7914183486774292","6865","6865","6865","0.2781041775541955","0.2781041775541955","0.2781041775541955","6997","6997","6997","","","","","","","","","","","","","","","","","","","","","","","","","0.22610883311555768","0.22610883311555768","0.22610883311555768","11617","11617","11617","0.8844507036262886","0.8844507036262886","0.8844507036262886","2245","2245","2245","0.23836502181814923","0.23836502181814923","0.23836502181814923","6997","6997","6997","0.8931483838550383","0.8931483838550383","0.8931483838550383","6865","6865","6865","","","","","","","","","","","","","","","","","","","","","","","","","","","","","","","","","","","","","","","","","","","","","","","","","0.9893621244138565","0.9893621244138565","0.9893621244138565","2245","2245","2245","","","","","","","","","","","","","","","","","","","","","","","","","","","","","","","","","","","","","","","","","",""
"132","0.37099690498737126","0.37099690498737126","0.37099690498737126","11705","11705","11705","0.8464387088090283","0.8464387088090283","0.8464387088090283","2262","2262","2262","0.8079308410824301","0.8079308410824301","0.8079308410824301","6917","6917","6917","0.2915481777185381","0.2915481777185381","0.2915481777185381","7050","7050","7050","","","","","","","","","","","","","","","","","","","","","","","","","0.22445919391151328","0.22445919391151328","0.22445919391151328","11705","11705","11705","0.9051831668303698","0.9051831668303698","0.9051831668303698","2262","2262","2262","0.24413490698707863","0.24413490698707863","0.24413490698707863","7050","7050","7050","0.8981747089828587","0.8981747089828587","0.8981747089828587","6917","6917","6917","","","","","","","","","","","","","","","","","","","","","","","","","","","","","","","","","","","","","","","","","","","","","","","","","0.989336524577345","0.989336524577345","0.989336524577345","2262","2262","2262","","","","","","","","","","","","","","","","","","","","","","","","","","","","","","","","","","","","","","","","","",""
"133","0.3702005862299456","0.3702005862299456","0.3702005862299456","11793","11793","11793","0.8421245335970171","0.8421245335970171","0.8421245335970171","2279","2279","2279","0.8098078783805824","0.8098078783805824","0.8098078783805824","6969","6969","6969","0.2843524506622432","0.2843524506622432","0.2843524506622432","7103","7103","7103","","","","","","","","","","","","","","","","","","","","","","","","","0.22298901262960322","0.22298901262960322","0.22298901262960322","11793","11793","11793","0.9378598767382333","0.9378598767382333","0.9378598767382333","2279","2279","2279","0.25987583868113884","0.25987583868113884","0.25987583868113884","7103","7103","7103","0.9249983490296517","0.9249983490296517","0.9249983490296517","6969","6969","6969","","","","","","","","","","","","","","","","","","","","","","","","","","","","","","","","","","","","","","","","","","","","","","","","","0.984894241609087","0.984894241609087","0.984894241609087","2279","2279","2279","","","","","","","","","","","","","","","","","","","","","","","","","","","","","","","","","","","","","","","","","",""
"134","0.3897325029755671","0.3897325029755671","0.3897325029755671","11881","11881","11881","0.8244999146562474","0.8244999146562474","0.8244999146562474","2296","2296","2296","0.7966532592973028","0.7966532592973028","0.7966532592973028","7021","7021","7021","0.30059049778644037","0.30059049778644037","0.30059049778644037","7156","7156","7156","","","","","","","","","","","","","","","","","","","","","","","","","0.23633775197624918","0.23633775197624918","0.23633775197624918","11881","11881","11881","0.9051422940087671","0.9051422940087671","0.9051422940087671","2296","2296","2296","0.26612761487312603","0.26612761487312603","0.26612761487312603","7156","7156","7156","0.9316309365822952","0.9316309365822952","0.9316309365822952","7021","7021","7021","","","","","","","","","","","","","","","","","","","","","","","","","","","","","","","","","","","","","","","","","","","","","","","","","0.9807777047895789","0.9807777047895789","0.9807777047895789","2296","2296","2296","","","","","","","","","","","","","","","","","","","","","","","","","","","","","","","","","","","","","","","","","",""
"135","0.3591499709774969","0.3591499709774969","0.3591499709774969","11969","11969","11969","0.8330720691371145","0.8330720691371145","0.8330720691371145","2313","2313","2313","0.8198997700727987","0.8198997700727987","0.8198997700727987","7073","7073","7073","0.2852866465429705","0.2852866465429705","0.2852866465429705","7209","7209","7209","","","","","","","","","","","","","","","","","","","","","","","","","0.21365278691044856","0.21365278691044856","0.21365278691044856","11969","11969","11969","0.9177092149963","0.9177092149963","0.9177092149963","2313","2313","2313","0.2761607660162522","0.2761607660162522","0.2761607660162522","7209","7209","7209","0.9164028420439714","0.9164028420439714","0.9164028420439714","7073","7073","7073","","","","","","","","","","","","","","","","","","","","","","","","","","","","","","","","","","","","","","","","","","","","","","","","","0.9886993412595442","0.9886993412595442","0.9886993412595442","2313","2313","2313","","","","","","","","","","","","","","","","","","","","","","","","","","","","","","","","","","","","","","","","","",""
"136","0.35575410037079075","0.35575410037079075","0.35575410037079075","12057","12057","12057","0.8273174533443237","0.8273174533443237","0.8273174533443237","2330","2330","2330","0.8034081460152123","0.8034081460152123","0.8034081460152123","7125","7125","7125","0.26868891944120843","0.26868891944120843","0.26868891944120843","7262","7262","7262","","","","","","","","","","","","","","","","","","","","","","","","","0.2403929178767165","0.2403929178767165","0.2403929178767165","12057","12057","12057","0.930072980787346","0.930072980787346","0.930072980787346","2330","2330","2330","0.27048869652571383","0.27048869652571383","0.27048869652571383","7262","7262","7262","0.925986832623477","0.925986832623477","0.925986832623477","7125","7125","7125","","","","","","","","","","","","","","","","","","","","","","","","","","","","","","","","","","","","","","","","","","","","","","","","","0.9900477989999048","0.9900477989999048","0.9900477989999048","2330","2330","2330","","","","","","","","","","","","","","","","","","","","","","","","","","","","","","","","","","","","","","","","","",""
"137","0.36767342024742367","0.36767342024742367","0.36767342024742367","12145","12145","12145","0.8503558135840095","0.8503558135840095","0.8503558135840095","2347","2347","2347","0.8247473832823806","0.8247473832823806","0.8247473832823806","7177","7177","7177","0.27345690417179613","0.27345690417179613","0.27345690417179613","7315","7315","7315","","","","","","","","","","","","","","","","","","","","","","","","","0.23364702866521764","0.23364702866521764","0.23364702866521764","12145","12145","12145","0.9153012685398716","0.9153012685398716","0.9153012685398716","2347","2347","2347","0.26759074843121056","0.26759074843121056","0.26759074843121056","7315","7315","7315","0.9057780735105209","0.9057780735105209","0.9057780735105209","7177","7177","7177","","","","","","","","","","","","","","","","","","","","","","","","","","","","","","","","","","","","","","","","","","","","","","","","","0.9953809702198777","0.9953809702198777","0.9953809702198777","2347","2347","2347","","","","","","","","","","","","","","","","","","","","","","","","","","","","","","","","","","","","","","","","","",""
"138","0.37424549142629704","0.37424549142629704","0.37424549142629704","12233","12233","12233","0.8466399023060602","0.8466399023060602","0.8466399023060602","2364","2364","2364","0.8238293498867478","0.8238293498867478","0.8238293498867478","7229","7229","7229","0.26655897640113124","0.26655897640113124","0.26655897640113124","7368","7368","7368","","","","","","","","","","","","","","","","","","","","","","","","","0.253515754137792","0.253515754137792","0.253515754137792","12233","12233","12233","0.8897886163517696","0.8897886163517696","0.8897886163517696","2364","2364","2364","0.25831414286201926","0.25831414286201926","0.25831414286201926","7368","7368","7368","0.9053738557732363","0.9053738557732363","0.9053738557732363","7229","7229","7229","","","","","","","","","","","","","","","","","","","","","","","","","","","","","","","","","","","","","","","","","","","","","","","","","0.9927400316802778","0.9927400316802778","0.9927400316802778","2364","2364","2364","","","","","","","","","","","","","","","","","","","","","","","","","","","","","","","","","","","","","","","","","",""
"139","0.37288114670692113","0.37288114670692113","0.37288114670692113","12321","12321","12321","0.8711205819680564","0.8711205819680564","0.8711205819680564","2381","2381","2381","0.8395036229622355","0.8395036229622355","0.8395036229622355","7281","7281","7281","0.2617015633326862","0.2617015633326862","0.2617015633326862","7421","7421","7421","","","","","","","","","","","","","","","","","","","","","","","","","0.22467528244503251","0.22467528244503251","0.22467528244503251","12321","12321","12321","0.910973131393771","0.910973131393771","0.910973131393771","2381","2381","2381","0.25048220207630595","0.25048220207630595","0.25048220207630595","7421","7421","7421","0.9379000779098308","0.9379000779098308","0.9379000779098308","7281","7281","7281","","","","","","","","","","","","","","","","","","","","","","","","","","","","","","","","","","","","","","","","","","","","","","","","","0.9948503714191825","0.9948503714191825","0.9948503714191825","2381","2381","2381","","","","","","","","","","","","","","","","","","","","","","","","","","","","","","","","","","","","","","","","","",""
"140","0.3882019769661781","0.3882019769661781","0.3882019769661781","12409","12409","12409","0.8690446850963717","0.8690446850963717","0.8690446850963717","2398","2398","2398","0.8239229943518505","0.8239229943518505","0.8239229943518505","7333","7333","7333","0.29082319534668083","0.29082319534668083","0.29082319534668083","7474","7474","7474","","","","","","","","","","","","","","","","","","","","","","","","","0.2239116234119913","0.2239116234119913","0.2239116234119913","12409","12409","12409","0.9400136471548263","0.9400136471548263","0.9400136471548263","2398","2398","2398","0.2833142347550185","0.2833142347550185","0.2833142347550185","7474","7474","7474","0.9373514095755231","0.9373514095755231","0.9373514095755231","7333","7333","7333","","","","","","","","","","","","","","","","","","","","","","","","","","","","","","","","","","","","","","","","","","","","","","","","","0.9942986948766106","0.9942986948766106","0.9942986948766106","2398","2398","2398","","","","","","","","","","","","","","","","","","","","","","","","","","","","","","","","","","","","","","","","","",""
"141","0.393825135503089","0.393825135503089","0.393825135503089","12497","12497","12497","0.8314919493379386","0.8314919493379386","0.8314919493379386","2415","2415","2415","0.803824262393201","0.803824262393201","0.803824262393201","7385","7385","7385","0.29002521243669643","0.29002521243669643","0.29002521243669643","7527","7527","7527","","","","","","","","","","","","","","","","","","","","","","","","","0.2328520118779374","0.2328520118779374","0.2328520118779374","12497","12497","12497","0.9035695342813097","0.9035695342813097","0.9035695342813097","2415","2415","2415","0.26694980521247513","0.26694980521247513","0.26694980521247513","7527","7527","7527","0.9288945353946891","0.9288945353946891","0.9288945353946891","7385","7385","7385","","","","","","","","","","","","","","","","","","","","","","","","","","","","","","","","","","","","","","","","","","","","","","","","","0.9938851252482924","0.9938851252482924","0.9938851252482924","2415","2415","2415","","","","","","","","","","","","","","","","","","","","","","","","","","","","","","","","","","","","","","","","","",""
"142","0.37981887768942524","0.37981887768942524","0.37981887768942524","12585","12585","12585","0.8380186223618185","0.8380186223618185","0.8380186223618185","2432","2432","2432","0.805764210278949","0.805764210278949","0.805764210278949","7437","7437","7437","0.2660981696028158","0.2660981696028158","0.2660981696028158","7580","7580","7580","","","","","","","","","","","","","","","","","","","","","","","","","0.21426626117564834","0.21426626117564834","0.21426626117564834","12585","12585","12585","0.9033734264722656","0.9033734264722656","0.9033734264722656","2432","2432","2432","0.2458658915552049","0.2458658915552049","0.2458658915552049","7580","7580","7580","0.9029024181200106","0.9029024181200106","0.9029024181200106","7437","7437","7437","","","","","","","","","","","","","","","","","","","","","","","","","","","","","","","","","","","","","","","","","","","","","","","","","0.9921113087903285","0.9921113087903285","0.9921113087903285","2432","2432","2432","","","","","","","","","","","","","","","","","","","","","","","","","","","","","","","","","","","","","","","","","",""
"143","0.37411060282315406","0.37411060282315406","0.37411060282315406","12673","12673","12673","0.8487528636424438","0.8487528636424438","0.8487528636424438","2449","2449","2449","0.8189650528346993","0.8189650528346993","0.8189650528346993","7489","7489","7489","0.2830493707283306","0.2830493707283306","0.2830493707283306","7633","7633","7633","","","","","","","","","","","","","","","","","","","","","","","","","0.23474115328951142","0.23474115328951142","0.23474115328951142","12673","12673","12673","0.8992926382944583","0.8992926382944583","0.8992926382944583","2449","2449","2449","0.243098277955921","0.243098277955921","0.243098277955921","7633","7633","7633","0.9247188030756988","0.9247188030756988","0.9247188030756988","7489","7489","7489","","","","","","","","","","","","","","","","","","","","","","","","","","","","","","","","","","","","","","","","","","","","","","","","","0.995281379418955","0.995281379418955","0.995281379418955","2449","2449","2449","","","","","","","","","","","","","","","","","","","","","","","","","","","","","","","","","","","","","","","","","",""
"144","0.4096316031419496","0.4096316031419496","0.4096316031419496","12761","12761","12761","0.8562227410465872","0.8562227410465872","0.8562227410465872","2466","2466","2466","0.8211868466927436","0.8211868466927436","0.8211868466927436","7541","7541","7541","0.25243125945122175","0.25243125945122175","0.25243125945122175","7686","7686","7686","","","","","","","","","","","","","","","","","","","","","","","","","0.2316530726596665","0.2316530726596665","0.2316530726596665","12761","12761","12761","0.9339629478870418","0.9339629478870418","0.9339629478870418","2466","2466","2466","0.2616652374048463","0.2616652374048463","0.2616652374048463","7686","7686","7686","0.9181614986724227","0.9181614986724227","0.9181614986724227","7541","7541","7541","","","","","","","","","","","","","","","","","","","","","","","","","","","","","","","","","","","","","","","","","","","","","","","","","0.9921558249925078","0.9921558249925078","0.9921558249925078","2466","2466","2466","","","","","","","","","","","","","","","","","","","","","","","","","","","","","","","","","","","","","","","","","",""
"145","0.374813136235679","0.374813136235679","0.374813136235679","12849","12849","12849","0.8402679624831124","0.8402679624831124","0.8402679624831124","2483","2483","2483","0.8270917186077029","0.8270917186077029","0.8270917186077029","7593","7593","7593","0.27691859569832106","0.27691859569832106","0.27691859569832106","7739","7739","7739","","","","","","","","","","","","","","","","","","","","","","","","","0.23575804727472213","0.23575804727472213","0.23575804727472213","12849","12849","12849","0.9222856258961135","0.9222856258961135","0.9222856258961135","2483","2483","2483","0.2783606431579997","0.2783606431579997","0.2783606431579997","7739","7739","7739","0.9223835856247944","0.9223835856247944","0.9223835856247944","7593","7593","7593","","","","","","","","","","","","","","","","","","","","","","","","","","","","","","","","","","","","","","","","","","","","","","","","","0.9897128529477918","0.9897128529477918","0.9897128529477918","2483","2483","2483","","","","","","","","","","","","","","","","","","","","","","","","","","","","","","","","","","","","","","","","","",""
"146","0.4001878242859936","0.4001878242859936","0.4001878242859936","12937","12937","12937","0.8608299286797026","0.8608299286797026","0.8608299286797026","2500","2500","2500","0.7964003672112645","0.7964003672112645","0.7964003672112645","7645","7645","7645","0.29460400123962793","0.29460400123962793","0.29460400123962793","7792","7792","7792","","","","","","","","","","","","","","","","","","","","","","","","","0.23843078478463553","0.23843078478463553","0.23843078478463553","12937","12937","12937","0.9231632029741831","0.9231632029741831","0.9231632029741831","2500","2500","2500","0.2607798040814479","0.2607798040814479","0.2607798040814479","7792","7792","7792","0.9305034620351913","0.9305034620351913","0.9305034620351913","7645","7645","7645","","","","","","","","","","","","","","","","","","","","","","","","","","","","","","","","","","","","","","","","","","","","","","","","","0.9936340007987363","0.9936340007987363","0.9936340007987363","2500","2500","2500","","","","","","","","","","","","","","","","","","","","","","","","","","","","","","","","","","","","","","","","","",""
"147","0.40700309123309936","0.40700309123309936","0.40700309123309936","13025","13025","13025","0.8434528469472123","0.8434528469472123","0.8434528469472123","2517","2517","2517","0.8176929568209989","0.8176929568209989","0.8176929568209989","7697","7697","7697","0.2895379487584866","0.2895379487584866","0.2895379487584866","7845","7845","7845","","","","","","","","","","","","","","","","","","","","","","","","","0.24668159169905435","0.24668159169905435","0.24668159169905435","13025","13025","13025","0.9267366492566089","0.9267366492566089","0.9267366492566089","2517","2517","2517","0.2778972001130782","0.2778972001130782","0.2778972001130782","7845","7845","7845","0.9415476444098525","0.9415476444098525","0.9415476444098525","7697","7697","7697","","","","","","","","","","","","","","","","","","","","","","","","","","","","","","","","","","","","","","","","","","","","","","","","","0.9909486759174164","0.9909486759174164","0.9909486759174164","2517","2517","2517","","","","","","","","","","","","","","","","","","","","","","","","","","","","","","","","","","","","","","","","","",""
"148","0.41888154004057715","0.41888154004057715","0.41888154004057715","13113","13113","13113","0.8254532899963349","0.8254532899963349","0.8254532899963349","2534","2534","2534","0.8269976476997173","0.8269976476997173","0.8269976476997173","7749","7749","7749","0.2944319130595315","0.2944319130595315","0.2944319130595315","7898","7898","7898","","","","","","","","","","","","","","","","","","","","","","","","","0.23776900792058933","0.23776900792058933","0.23776900792058933","13113","13113","13113","0.9411500276082315","0.9411500276082315","0.9411500276082315","2534","2534","2534","0.2874452194086854","0.2874452194086854","0.2874452194086854","7898","7898","7898","0.9324134300788802","0.9324134300788802","0.9324134300788802","7749","7749","7749","","","","","","","","","","","","","","","","","","","","","","","","","","","","","","","","","","","","","","","","","","","","","","","","","0.9953139630478735","0.9953139630478735","0.9953139630478735","2534","2534","2534","","","","","","","","","","","","","","","","","","","","","","","","","","","","","","","","","","","","","","","","","",""
"149","0.3881366956161658","0.3881366956161658","0.3881366956161658","13201","13201","13201","0.8250629930110758","0.8250629930110758","0.8250629930110758","2551","2551","2551","0.8228954243122023","0.8228954243122023","0.8228954243122023","7801","7801","7801","0.2686817072446709","0.2686817072446709","0.2686817072446709","7951","7951","7951","","","","","","","","","","","","","","","","","","","","","","","","","0.24543721623885795","0.24543721623885795","0.24543721623885795","13201","13201","13201","0.9470608571094159","0.9470608571094159","0.9470608571094159","2551","2551","2551","0.29616452177208386","0.29616452177208386","0.29616452177208386","7951","7951","7951","0.9432063647261822","0.9432063647261822","0.9432063647261822","7801","7801","7801","","","","","","","","","","","","","","","","","","","","","","","","","","","","","","","","","","","","","","","","","","","","","","","","","0.9953914919423533","0.9953914919423533","0.9953914919423533","2551","2551","2551","","","","","","","","","","","","","","","","","","","","","","","","","","","","","","","","","","","","","","","","","",""
"150","","","","","","","","","","","","","","","","","","","","","","","","","","","","","","","","","","","","","","","","","","","","","","","","","","","","","","","0.9366050227003476","0.9366050227003476","0.9366050227003476","2568","2568","2568","","","","","","","0.9433035383455509","0.9433035383455509","0.9433035383455509","7853","7853","7853","","","","","","","","","","","","","","","","","","","","","","","","","","","","","","","","","","","","","","","","","","","","","","","","","0.9956503466564914","0.9956503466564914","0.9956503466564914","2568","2568","2568","","","","","","","","","","","","","","","","","","","","","","","","","","","","","","","","","","","","","","","","","",""
"151","","","","","","","","","","","","","","","","","","","","","","","","","","","","","","","","","","","","","","","","","","","","","","","","","","","","","","","0.9535529405573153","0.9535529405573153","0.9535529405573153","2585","2585","2585","","","","","","","0.9377092764158846","0.9377092764158846","0.9377092764158846","7905","7905","7905","","","","","","","","","","","","","","","","","","","","","","","","","","","","","","","","","","","","","","","","","","","","","","","","","0.99420957396533","0.99420957396533","0.99420957396533","2585","2585","2585","","","","","","","","","","","","","","","","","","","","","","","","","","","","","","","","","","","","","","","","","",""
"152","","","","","","","","","","","","","","","","","","","","","","","","","","","","","","","","","","","","","","","","","","","","","","","","","","","","","","","0.9293369431569913","0.9293369431569913","0.9293369431569913","2602","2602","2602","","","","","","","0.9564924188973292","0.9564924188973292","0.9564924188973292","7957","7957","7957","","","","","","","","","","","","","","","","","","","","","","","","","","","","","","","","","","","","","","","","","","","","","","","","","0.9940860801078667","0.9940860801078667","0.9940860801078667","2602","2602","2602","","","","","","","","","","","","","","","","","","","","","","","","","","","","","","","","","","","","","","","","","",""
"153","","","","","","","","","","","","","","","","","","","","","","","","","","","","","","","","","","","","","","","","","","","","","","","","","","","","","","","0.9303064226512074","0.9303064226512074","0.9303064226512074","2619","2619","2619","","","","","","","0.9247680032687665","0.9247680032687665","0.9247680032687665","8009","8009","8009","","","","","","","","","","","","","","","","","","","","","","","","","","","","","","","","","","","","","","","","","","","","","","","","","0.9935446596578181","0.9935446596578181","0.9935446596578181","2619","2619","2619","","","","","","","","","","","","","","","","","","","","","","","","","","","","","","","","","","","","","","","","","",""
"154","","","","","","","","","","","","","","","","","","","","","","","","","","","","","","","","","","","","","","","","","","","","","","","","","","","","","","","0.9509835502888604","0.9509835502888604","0.9509835502888604","2636","2636","2636","","","","","","","0.9542341362019879","0.9542341362019879","0.9542341362019879","8061","8061","8061","","","","","","","","","","","","","","","","","","","","","","","","","","","","","","","","","","","","","","","","","","","","","","","","","0.9950692184238793","0.9950692184238793","0.9950692184238793","2636","2636","2636","","","","","","","","","","","","","","","","","","","","","","","","","","","","","","","","","","","","","","","","","",""
"155","","","","","","","","","","","","","","","","","","","","","","","","","","","","","","","","","","","","","","","","","","","","","","","","","","","","","","","0.9555042480190502","0.9555042480190502","0.9555042480190502","2653","2653","2653","","","","","","","0.942601835677265","0.942601835677265","0.942601835677265","8113","8113","8113","","","","","","","","","","","","","","","","","","","","","","","","","","","","","","","","","","","","","","","","","","","","","","","","","0.9938602822606983","0.9938602822606983","0.9938602822606983","2653","2653","2653","","","","","","","","","","","","","","","","","","","","","","","","","","","","","","","","","","","","","","","","","",""
"156","","","","","","","","","","","","","","","","","","","","","","","","","","","","","","","","","","","","","","","","","","","","","","","","","","","","","","","0.9600524058404146","0.9600524058404146","0.9600524058404146","2670","2670","2670","","","","","","","0.941055065129725","0.941055065129725","0.941055065129725","8165","8165","8165","","","","","","","","","","","","","","","","","","","","","","","","","","","","","","","","","","","","","","","","","","","","","","","","","0.9939437983617161","0.9939437983617161","0.9939437983617161","2670","2670","2670","","","","","","","","","","","","","","","","","","","","","","","","","","","","","","","","","","","","","","","","","",""
"157","","","","","","","","","","","","","","","","","","","","","","","","","","","","","","","","","","","","","","","","","","","","","","","","","","","","","","","0.946547400944625","0.946547400944625","0.946547400944625","2687","2687","2687","","","","","","","0.9422384475171857","0.9422384475171857","0.9422384475171857","8217","8217","8217","","","","","","","","","","","","","","","","","","","","","","","","","","","","","","","","","","","","","","","","","","","","","","","","","0.9931857899546193","0.9931857899546193","0.9931857899546193","2687","2687","2687","","","","","","","","","","","","","","","","","","","","","","","","","","","","","","","","","","","","","","","","","",""
"158","","","","","","","","","","","","","","","","","","","","","","","","","","","","","","","","","","","","","","","","","","","","","","","","","","","","","","","0.9636511001047126","0.9636511001047126","0.9636511001047126","2704","2704","2704","","","","","","","0.9498543080638546","0.9498543080638546","0.9498543080638546","8269","8269","8269","","","","","","","","","","","","","","","","","","","","","","","","","","","","","","","","","","","","","","","","","","","","","","","","","0.9945397816889422","0.9945397816889422","0.9945397816889422","2704","2704","2704","","","","","","","","","","","","","","","","","","","","","","","","","","","","","","","","","","","","","","","","","",""
"159","","","","","","","","","","","","","","","","","","","","","","","","","","","","","","","","","","","","","","","","","","","","","","","","","","","","","","","0.9352045215254581","0.9352045215254581","0.9352045215254581","2721","2721","2721","","","","","","","0.9497484768870796","0.9497484768870796","0.9497484768870796","8321","8321","8321","","","","","","","","","","","","","","","","","","","","","","","","","","","","","","","","","","","","","","","","","","","","","","","","","0.9955807400236164","0.9955807400236164","0.9955807400236164","2721","2721","2721","","","","","","","","","","","","","","","","","","","","","","","","","","","","","","","","","","","","","","","","","",""
"160","","","","","","","","","","","","","","","","","","","","","","","","","","","","","","","","","","","","","","","","","","","","","","","","","","","","","","","0.9557685630201254","0.9557685630201254","0.9557685630201254","2738","2738","2738","","","","","","","0.960933399464355","0.960933399464355","0.960933399464355","8373","8373","8373","","","","","","","","","","","","","","","","","","","","","","","","","","","","","","","","","","","","","","","","","","","","","","","","","0.9932974332415192","0.9932974332415192","0.9932974332415192","2738","2738","2738","","","","","","","","","","","","","","","","","","","","","","","","","","","","","","","","","","","","","","","","","",""
"161","","","","","","","","","","","","","","","","","","","","","","","","","","","","","","","","","","","","","","","","","","","","","","","","","","","","","","","0.9379855746760917","0.9379855746760917","0.9379855746760917","2755","2755","2755","","","","","","","0.9565797361466488","0.9565797361466488","0.9565797361466488","8425","8425","8425","","","","","","","","","","","","","","","","","","","","","","","","","","","","","","","","","","","","","","","","","","","","","","","","","0.9950704409395594","0.9950704409395594","0.9950704409395594","2755","2755","2755","","","","","","","","","","","","","","","","","","","","","","","","","","","","","","","","","","","","","","","","","",""
"162","","","","","","","","","","","","","","","","","","","","","","","","","","","","","","","","","","","","","","","","","","","","","","","","","","","","","","","0.9504114142701698","0.9504114142701698","0.9504114142701698","2772","2772","2772","","","","","","","0.9554543728713141","0.9554543728713141","0.9554543728713141","8477","8477","8477","","","","","","","","","","","","","","","","","","","","","","","","","","","","","","","","","","","","","","","","","","","","","","","","","0.9939502926571002","0.9939502926571002","0.9939502926571002","2772","2772","2772","","","","","","","","","","","","","","","","","","","","","","","","","","","","","","","","","","","","","","","","","",""
"163","","","","","","","","","","","","","","","","","","","","","","","","","","","","","","","","","","","","","","","","","","","","","","","","","","","","","","","0.9557992714427042","0.9557992714427042","0.9557992714427042","2789","2789","2789","","","","","","","0.9516377049474137","0.9516377049474137","0.9516377049474137","8529","8529","8529","","","","","","","","","","","","","","","","","","","","","","","","","","","","","","","","","","","","","","","","","","","","","","","","","0.993397288478866","0.993397288478866","0.993397288478866","2789","2789","2789","","","","","","","","","","","","","","","","","","","","","","","","","","","","","","","","","","","","","","","","","",""
"164","","","","","","","","","","","","","","","","","","","","","","","","","","","","","","","","","","","","","","","","","","","","","","","","","","","","","","","0.9618767918968231","0.9618767918968231","0.9618767918968231","2806","2806","2806","","","","","","","0.9619112567930249","0.9619112567930249","0.9619112567930249","8581","8581","8581","","","","","","","","","","","","","","","","","","","","","","","","","","","","","","","","","","","","","","","","","","","","","","","","","0.9945936799478413","0.9945936799478413","0.9945936799478413","2806","2806","2806","","","","","","","","","","","","","","","","","","","","","","","","","","","","","","","","","","","","","","","","","",""
"165","","","","","","","","","","","","","","","","","","","","","","","","","","","","","","","","","","","","","","","","","","","","","","","","","","","","","","","0.9704497866473425","0.9704497866473425","0.9704497866473425","2823","2823","2823","","","","","","","0.9586899349300839","0.9586899349300839","0.9586899349300839","8633","8633","8633","","","","","","","","","","","","","","","","","","","","","","","","","","","","","","","","","","","","","","","","","","","","","","","","","0.9932770723246833","0.9932770723246833","0.9932770723246833","2823","2823","2823","","","","","","","","","","","","","","","","","","","","","","","","","","","","","","","","","","","","","","","","","",""
"166","","","","","","","","","","","","","","","","","","","","","","","","","","","","","","","","","","","","","","","","","","","","","","","","","","","","","","","0.972224424886171","0.972224424886171","0.972224424886171","2840","2840","2840","","","","","","","0.9701616621270868","0.9701616621270868","0.9701616621270868","8685","8685","8685","","","","","","","","","","","","","","","","","","","","","","","","","","","","","","","","","","","","","","","","","","","","","","","","","0.9946742536539572","0.9946742536539572","0.9946742536539572","2840","2840","2840","","","","","","","","","","","","","","","","","","","","","","","","","","","","","","","","","","","","","","","","","",""
"167","","","","","","","","","","","","","","","","","","","","","","","","","","","","","","","","","","","","","","","","","","","","","","","","","","","","","","","0.9630580433242409","0.9630580433242409","0.9630580433242409","2857","2857","2857","","","","","","","0.9613439884702109","0.9613439884702109","0.9613439884702109","8737","8737","8737","","","","","","","","","","","","","","","","","","","","","","","","","","","","","","","","","","","","","","","","","","","","","","","","","0.9956777828838661","0.9956777828838661","0.9956777828838661","2857","2857","2857","","","","","","","","","","","","","","","","","","","","","","","","","","","","","","","","","","","","","","","","","",""
"168","","","","","","","","","","","","","","","","","","","","","","","","","","","","","","","","","","","","","","","","","","","","","","","","","","","","","","","0.9582728261374941","0.9582728261374941","0.9582728261374941","2874","2874","2874","","","","","","","0.9552078910175039","0.9552078910175039","0.9552078910175039","8789","8789","8789","","","","","","","","","","","","","","","","","","","","","","","","","","","","","","","","","","","","","","","","","","","","","","","","","0.9928843781105963","0.9928843781105963","0.9928843781105963","2874","2874","2874","","","","","","","","","","","","","","","","","","","","","","","","","","","","","","","","","","","","","","","","","",""
"169","","","","","","","","","","","","","","","","","","","","","","","","","","","","","","","","","","","","","","","","","","","","","","","","","","","","","","","0.9559177053429366","0.9559177053429366","0.9559177053429366","2891","2891","2891","","","","","","","0.9687390262835978","0.9687390262835978","0.9687390262835978","8841","8841","8841","","","","","","","","","","","","","","","","","","","","","","","","","","","","","","","","","","","","","","","","","","","","","","","","","0.9868302216534546","0.9868302216534546","0.9868302216534546","2891","2891","2891","","","","","","","","","","","","","","","","","","","","","","","","","","","","","","","","","","","","","","","","","",""
"170","","","","","","","","","","","","","","","","","","","","","","","","","","","","","","","","","","","","","","","","","","","","","","","","","","","","","","","0.9697873351828402","0.9697873351828402","0.9697873351828402","2908","2908","2908","","","","","","","0.9727222739609926","0.9727222739609926","0.9727222739609926","8893","8893","8893","","","","","","","","","","","","","","","","","","","","","","","","","","","","","","","","","","","","","","","","","","","","","","","","","0.9934892042744969","0.9934892042744969","0.9934892042744969","2908","2908","2908","","","","","","","","","","","","","","","","","","","","","","","","","","","","","","","","","","","","","","","","","",""
"171","","","","","","","","","","","","","","","","","","","","","","","","","","","","","","","","","","","","","","","","","","","","","","","","","","","","","","","0.973007949131415","0.973007949131415","0.973007949131415","2925","2925","2925","","","","","","","0.9669975656424598","0.9669975656424598","0.9669975656424598","8945","8945","8945","","","","","","","","","","","","","","","","","","","","","","","","","","","","","","","","","","","","","","","","","","","","","","","","","0.9921937989895935","0.9921937989895935","0.9921937989895935","2925","2925","2925","","","","","","","","","","","","","","","","","","","","","","","","","","","","","","","","","","","","","","","","","",""
"172","","","","","","","","","","","","","","","","","","","","","","","","","","","","","","","","","","","","","","","","","","","","","","","","","","","","","","","0.970808203203338","0.970808203203338","0.970808203203338","2942","2942","2942","","","","","","","0.9666338645705485","0.9666338645705485","0.9666338645705485","8997","8997","8997","","","","","","","","","","","","","","","","","","","","","","","","","","","","","","","","","","","","","","","","","","","","","","","","","0.9901820040359209","0.9901820040359209","0.9901820040359209","2942","2942","2942","","","","","","","","","","","","","","","","","","","","","","","","","","","","","","","","","","","","","","","","","",""
"173","","","","","","","","","","","","","","","","","","","","","","","","","","","","","","","","","","","","","","","","","","","","","","","","","","","","","","","0.9718040812382744","0.9718040812382744","0.9718040812382744","2959","2959","2959","","","","","","","0.9788492219259506","0.9788492219259506","0.9788492219259506","9049","9049","9049","","","","","","","","","","","","","","","","","","","","","","","","","","","","","","","","","","","","","","","","","","","","","","","","","0.9934835919049378","0.9934835919049378","0.9934835919049378","2959","2959","2959","","","","","","","","","","","","","","","","","","","","","","","","","","","","","","","","","","","","","","","","","",""
"174","","","","","","","","","","","","","","","","","","","","","","","","","","","","","","","","","","","","","","","","","","","","","","","","","","","","","","","0.9567535465367824","0.9567535465367824","0.9567535465367824","2976","2976","2976","","","","","","","0.9685913938462937","0.9685913938462937","0.9685913938462937","9101","9101","9101","","","","","","","","","","","","","","","","","","","","","","","","","","","","","","","","","","","","","","","","","","","","","","","","","0.9932801186615765","0.9932801186615765","0.9932801186615765","2976","2976","2976","","","","","","","","","","","","","","","","","","","","","","","","","","","","","","","","","","","","","","","","","",""
"175","","","","","","","","","","","","","","","","","","","","","","","","","","","","","","","","","","","","","","","","","","","","","","","","","","","","","","","0.9673751475481587","0.9673751475481587","0.9673751475481587","2993","2993","2993","","","","","","","0.9767685398292305","0.9767685398292305","0.9767685398292305","9153","9153","9153","","","","","","","","","","","","","","","","","","","","","","","","","","","","","","","","","","","","","","","","","","","","","","","","","0.9979630296124968","0.9979630296124968","0.9979630296124968","2993","2993","2993","","","","","","","","","","","","","","","","","","","","","","","","","","","","","","","","","","","","","","","","","",""
"176","","","","","","","","","","","","","","","","","","","","","","","","","","","","","","","","","","","","","","","","","","","","","","","","","","","","","","","0.967109218186346","0.967109218186346","0.967109218186346","3010","3010","3010","","","","","","","0.9770615427080893","0.9770615427080893","0.9770615427080893","9205","9205","9205","","","","","","","","","","","","","","","","","","","","","","","","","","","","","","","","","","","","","","","","","","","","","","","","","0.995375532322455","0.995375532322455","0.995375532322455","3010","3010","3010","","","","","","","","","","","","","","","","","","","","","","","","","","","","","","","","","","","","","","","","","",""
"177","","","","","","","","","","","","","","","","","","","","","","","","","","","","","","","","","","","","","","","","","","","","","","","","","","","","","","","0.967925330520646","0.967925330520646","0.967925330520646","3027","3027","3027","","","","","","","0.9820635371283303","0.9820635371283303","0.9820635371283303","9257","9257","9257","","","","","","","","","","","","","","","","","","","","","","","","","","","","","","","","","","","","","","","","","","","","","","","","","0.9967931927229894","0.9967931927229894","0.9967931927229894","3027","3027","3027","","","","","","","","","","","","","","","","","","","","","","","","","","","","","","","","","","","","","","","","","",""
"178","","","","","","","","","","","","","","","","","","","","","","","","","","","","","","","","","","","","","","","","","","","","","","","","","","","","","","","0.9782852514420632","0.9782852514420632","0.9782852514420632","3044","3044","3044","","","","","","","0.9773248579219137","0.9773248579219137","0.9773248579219137","9309","9309","9309","","","","","","","","","","","","","","","","","","","","","","","","","","","","","","","","","","","","","","","","","","","","","","","","","0.9950583750107805","0.9950583750107805","0.9950583750107805","3044","3044","3044","","","","","","","","","","","","","","","","","","","","","","","","","","","","","","","","","","","","","","","","","",""
"179","","","","","","","","","","","","","","","","","","","","","","","","","","","","","","","","","","","","","","","","","","","","","","","","","","","","","","","0.9716777300479056","0.9716777300479056","0.9716777300479056","3061","3061","3061","","","","","","","0.985962858464576","0.985962858464576","0.985962858464576","9361","9361","9361","","","","","","","","","","","","","","","","","","","","","","","","","","","","","","","","","","","","","","","","","","","","","","","","","0.9939692244219032","0.9939692244219032","0.9939692244219032","3061","3061","3061","","","","","","","","","","","","","","","","","","","","","","","","","","","","","","","","","","","","","","","","","",""
"180","","","","","","","","","","","","","","","","","","","","","","","","","","","","","","","","","","","","","","","","","","","","","","","","","","","","","","","0.9603655864848022","0.9603655864848022","0.9603655864848022","3078","3078","3078","","","","","","","0.975006223112373","0.975006223112373","0.975006223112373","9413","9413","9413","","","","","","","","","","","","","","","","","","","","","","","","","","","","","","","","","","","","","","","","","","","","","","","","","0.9968400331447309","0.9968400331447309","0.9968400331447309","3078","3078","3078","","","","","","","","","","","","","","","","","","","","","","","","","","","","","","","","","","","","","","","","","",""
"181","","","","","","","","","","","","","","","","","","","","","","","","","","","","","","","","","","","","","","","","","","","","","","","","","","","","","","","0.9724456747784931","0.9724456747784931","0.9724456747784931","3095","3095","3095","","","","","","","0.9792039859049375","0.9792039859049375","0.9792039859049375","9465","9465","9465","","","","","","","","","","","","","","","","","","","","","","","","","","","","","","","","","","","","","","","","","","","","","","","","","0.9958303947891965","0.9958303947891965","0.9958303947891965","3095","3095","3095","","","","","","","","","","","","","","","","","","","","","","","","","","","","","","","","","","","","","","","","","",""
"182","","","","","","","","","","","","","","","","","","","","","","","","","","","","","","","","","","","","","","","","","","","","","","","","","","","","","","","0.9756573088486918","0.9756573088486918","0.9756573088486918","3112","3112","3112","","","","","","","0.9794365043068722","0.9794365043068722","0.9794365043068722","9517","9517","9517","","","","","","","","","","","","","","","","","","","","","","","","","","","","","","","","","","","","","","","","","","","","","","","","","0.9964199566818696","0.9964199566818696","0.9964199566818696","3112","3112","3112","","","","","","","","","","","","","","","","","","","","","","","","","","","","","","","","","","","","","","","","","",""
"183","","","","","","","","","","","","","","","","","","","","","","","","","","","","","","","","","","","","","","","","","","","","","","","","","","","","","","","0.980982863533814","0.980982863533814","0.980982863533814","3129","3129","3129","","","","","","","0.9892035433375519","0.9892035433375519","0.9892035433375519","9569","9569","9569","","","","","","","","","","","","","","","","","","","","","","","","","","","","","","","","","","","","","","","","","","","","","","","","","0.9974771385682601","0.9974771385682601","0.9974771385682601","3129","3129","3129","","","","","","","","","","","","","","","","","","","","","","","","","","","","","","","","","","","","","","","","","",""
"184","","","","","","","","","","","","","","","","","","","","","","","","","","","","","","","","","","","","","","","","","","","","","","","","","","","","","","","0.9776979235972179","0.9776979235972179","0.9776979235972179","3146","3146","3146","","","","","","","0.9795001288323236","0.9795001288323236","0.9795001288323236","9621","9621","9621","","","","","","","","","","","","","","","","","","","","","","","","","","","","","","","","","","","","","","","","","","","","","","","","","0.9965970394975884","0.9965970394975884","0.9965970394975884","3146","3146","3146","","","","","","","","","","","","","","","","","","","","","","","","","","","","","","","","","","","","","","","","","",""
"185","","","","","","","","","","","","","","","","","","","","","","","","","","","","","","","","","","","","","","","","","","","","","","","","","","","","","","","0.9853397178898722","0.9853397178898722","0.9853397178898722","3163","3163","3163","","","","","","","0.9849404586674139","0.9849404586674139","0.9849404586674139","9673","9673","9673","","","","","","","","","","","","","","","","","","","","","","","","","","","","","","","","","","","","","","","","","","","","","","","","","0.9982310981202034","0.9982310981202034","0.9982310981202034","3163","3163","3163","","","","","","","","","","","","","","","","","","","","","","","","","","","","","","","","","","","","","","","","","",""
"186","","","","","","","","","","","","","","","","","","","","","","","","","","","","","","","","","","","","","","","","","","","","","","","","","","","","","","","0.9783799445695869","0.9783799445695869","0.9783799445695869","3180","3180","3180","","","","","","","0.9768460313182451","0.9768460313182451","0.9768460313182451","9725","9725","9725","","","","","","","","","","","","","","","","","","","","","","","","","","","","","","","","","","","","","","","","","","","","","","","","","0.995835243120904","0.995835243120904","0.995835243120904","3180","3180","3180","","","","","","","","","","","","","","","","","","","","","","","","","","","","","","","","","","","","","","","","","",""
"187","","","","","","","","","","","","","","","","","","","","","","","","","","","","","","","","","","","","","","","","","","","","","","","","","","","","","","","0.9789505591464239","0.9789505591464239","0.9789505591464239","3197","3197","3197","","","","","","","0.9889325009790015","0.9889325009790015","0.9889325009790015","9777","9777","9777","","","","","","","","","","","","","","","","","","","","","","","","","","","","","","","","","","","","","","","","","","","","","","","","","0.9976289300019108","0.9976289300019108","0.9976289300019108","3197","3197","3197","","","","","","","","","","","","","","","","","","","","","","","","","","","","","","","","","","","","","","","","","",""
"188","","","","","","","","","","","","","","","","","","","","","","","","","","","","","","","","","","","","","","","","","","","","","","","","","","","","","","","0.9806441697980751","0.9806441697980751","0.9806441697980751","3214","3214","3214","","","","","","","0.9761563641663911","0.9761563641663911","0.9761563641663911","9829","9829","9829","","","","","","","","","","","","","","","","","","","","","","","","","","","","","","","","","","","","","","","","","","","","","","","","","0.9977405004611398","0.9977405004611398","0.9977405004611398","3214","3214","3214","","","","","","","","","","","","","","","","","","","","","","","","","","","","","","","","","","","","","","","","","",""
"189","","","","","","","","","","","","","","","","","","","","","","","","","","","","","","","","","","","","","","","","","","","","","","","","","","","","","","","0.9783719974047086","0.9783719974047086","0.9783719974047086","3231","3231","3231","","","","","","","0.9630820246064578","0.9630820246064578","0.9630820246064578","9881","9881","9881","","","","","","","","","","","","","","","","","","","","","","","","","","","","","","","","","","","","","","","","","","","","","","","","","0.9950370487556699","0.9950370487556699","0.9950370487556699","3231","3231","3231","","","","","","","","","","","","","","","","","","","","","","","","","","","","","","","","","","","","","","","","","",""
"190","","","","","","","","","","","","","","","","","","","","","","","","","","","","","","","","","","","","","","","","","","","","","","","","","","","","","","","0.9775298631945679","0.9775298631945679","0.9775298631945679","3248","3248","3248","","","","","","","0.9617332402799641","0.9617332402799641","0.9617332402799641","9933","9933","9933","","","","","","","","","","","","","","","","","","","","","","","","","","","","","","","","","","","","","","","","","","","","","","","","","0.9977005723160355","0.9977005723160355","0.9977005723160355","3248","3248","3248","","","","","","","","","","","","","","","","","","","","","","","","","","","","","","","","","","","","","","","","","",""
"191","","","","","","","","","","","","","","","","","","","","","","","","","","","","","","","","","","","","","","","","","","","","","","","","","","","","","","","0.9893852231992675","0.9893852231992675","0.9893852231992675","3265","3265","3265","","","","","","","0.987680602071825","0.987680602071825","0.987680602071825","9985","9985","9985","","","","","","","","","","","","","","","","","","","","","","","","","","","","","","","","","","","","","","","","","","","","","","","","","0.9977929879210501","0.9977929879210501","0.9977929879210501","3265","3265","3265","","","","","","","","","","","","","","","","","","","","","","","","","","","","","","","","","","","","","","","","","",""
"192","","","","","","","","","","","","","","","","","","","","","","","","","","","","","","","","","","","","","","","","","","","","","","","","","","","","","","","0.9812110964344921","0.9812110964344921","0.9812110964344921","3282","3282","3282","","","","","","","0.9917559137714885","0.9917559137714885","0.9917559137714885","10037","10037","10037","","","","","","","","","","","","","","","","","","","","","","","","","","","","","","","","","","","","","","","","","","","","","","","","","0.9981115483396867","0.9981115483396867","0.9981115483396867","3282","3282","3282","","","","","","","","","","","","","","","","","","","","","","","","","","","","","","","","","","","","","","","","","",""
"193","","","","","","","","","","","","","","","","","","","","","","","","","","","","","","","","","","","","","","","","","","","","","","","","","","","","","","","0.9852420005599645","0.9852420005599645","0.9852420005599645","3299","3299","3299","","","","","","","0.9873968388425111","0.9873968388425111","0.9873968388425111","10089","10089","10089","","","","","","","","","","","","","","","","","","","","","","","","","","","","","","","","","","","","","","","","","","","","","","","","","0.9966539650674247","0.9966539650674247","0.9966539650674247","3299","3299","3299","","","","","","","","","","","","","","","","","","","","","","","","","","","","","","","","","","","","","","","","","",""
"194","","","","","","","","","","","","","","","","","","","","","","","","","","","","","","","","","","","","","","","","","","","","","","","","","","","","","","","0.9914313862310706","0.9914313862310706","0.9914313862310706","3316","3316","3316","","","","","","","0.9925344609707916","0.9925344609707916","0.9925344609707916","10141","10141","10141","","","","","","","","","","","","","","","","","","","","","","","","","","","","","","","","","","","","","","","","","","","","","","","","","0.9978122899971943","0.9978122899971943","0.9978122899971943","3316","3316","3316","","","","","","","","","","","","","","","","","","","","","","","","","","","","","","","","","","","","","","","","","",""
"195","","","","","","","","","","","","","","","","","","","","","","","","","","","","","","","","","","","","","","","","","","","","","","","","","","","","","","","0.9886969442003166","0.9886969442003166","0.9886969442003166","3333","3333","3333","","","","","","","0.9852311727051787","0.9852311727051787","0.9852311727051787","10193","10193","10193","","","","","","","","","","","","","","","","","","","","","","","","","","","","","","","","","","","","","","","","","","","","","","","","","0.9945216336702698","0.9945216336702698","0.9945216336702698","3333","3333","3333","","","","","","","","","","","","","","","","","","","","","","","","","","","","","","","","","","","","","","","","","",""
"196","","","","","","","","","","","","","","","","","","","","","","","","","","","","","","","","","","","","","","","","","","","","","","","","","","","","","","","0.9909763030577904","0.9909763030577904","0.9909763030577904","3350","3350","3350","","","","","","","0.9893267358129705","0.9893267358129705","0.9893267358129705","10245","10245","10245","","","","","","","","","","","","","","","","","","","","","","","","","","","","","","","","","","","","","","","","","","","","","","","","","0.9974243808855743","0.9974243808855743","0.9974243808855743","3350","3350","3350","","","","","","","","","","","","","","","","","","","","","","","","","","","","","","","","","","","","","","","","","",""
"197","","","","","","","","","","","","","","","","","","","","","","","","","","","","","","","","","","","","","","","","","","","","","","","","","","","","","","","0.9883873861998479","0.9883873861998479","0.9883873861998479","3367","3367","3367","","","","","","","0.9907859667232808","0.9907859667232808","0.9907859667232808","10297","10297","10297","","","","","","","","","","","","","","","","","","","","","","","","","","","","","","","","","","","","","","","","","","","","","","","","","0.9972443507436992","0.9972443507436992","0.9972443507436992","3367","3367","3367","","","","","","","","","","","","","","","","","","","","","","","","","","","","","","","","","","","","","","","","","",""
"198","","","","","","","","","","","","","","","","","","","","","","","","","","","","","","","","","","","","","","","","","","","","","","","","","","","","","","","0.9763075714517314","0.9763075714517314","0.9763075714517314","3384","3384","3384","","","","","","","0.9827427760556607","0.9827427760556607","0.9827427760556607","10349","10349","10349","","","","","","","","","","","","","","","","","","","","","","","","","","","","","","","","","","","","","","","","","","","","","","","","","0.996775069434881","0.996775069434881","0.996775069434881","3384","3384","3384","","","","","","","","","","","","","","","","","","","","","","","","","","","","","","","","","","","","","","","","","",""
"199","","","","","","","","","","","","","","","","","","","","","","","","","","","","","","","","","","","","","","","","","","","","","","","","","","","","","","","0.9938345212181695","0.9938345212181695","0.9938345212181695","3401","3401","3401","","","","","","","0.9935330181568822","0.9935330181568822","0.9935330181568822","10401","10401","10401","","","","","","","","","","","","","","","","","","","","","","","","","","","","","","","","","","","","","","","","","","","","","","","","","0.9978018555844895","0.9978018555844895","0.9978018555844895","3401","3401","3401","","","","","","","","","","","","","","","","","","","","","","","","","","","","","","","","","","","","","","","","","",""
"200","","","","","","","","","","","","","","","","","","","","","","","","","","","","","","","","","","","","","","","","","","","","","","","","","","","","","","","0.9923806047772395","0.9923806047772395","0.9923806047772395","3418","3418","3418","","","","","","","0.9901477942440431","0.9901477942440431","0.9901477942440431","10453","10453","10453","","","","","","","","","","","","","","","","","","","","","","","","","","","","","","","","","","","","","","","","","","","","","","","","","0.9962762709722566","0.9962762709722566","0.9962762709722566","3418","3418","3418","","","","","","","","","","","","","","","","","","","","","","","","","","","","","","","","","","","","","","","","","",""
"201","","","","","","","","","","","","","","","","","","","","","","","","","","","","","","","","","","","","","","","","","","","","","","","","","","","","","","","0.986602592177153","0.986602592177153","0.986602592177153","3435","3435","3435","","","","","","","0.993252672597493","0.993252672597493","0.993252672597493","10505","10505","10505","","","","","","","","","","","","","","","","","","","","","","","","","","","","","","","","","","","","","","","","","","","","","","","","","0.9945154167179482","0.9945154167179482","0.9945154167179482","3435","3435","3435","","","","","","","","","","","","","","","","","","","","","","","","","","","","","","","","","","","","","","","","","",""
"202","","","","","","","","","","","","","","","","","","","","","","","","","","","","","","","","","","","","","","","","","","","","","","","","","","","","","","","0.9910511890293047","0.9910511890293047","0.9910511890293047","3452","3452","3452","","","","","","","0.9860396207718866","0.9860396207718866","0.9860396207718866","10557","10557","10557","","","","","","","","","","","","","","","","","","","","","","","","","","","","","","","","","","","","","","","","","","","","","","","","","0.9965241433997618","0.9965241433997618","0.9965241433997618","3452","3452","3452","","","","","","","","","","","","","","","","","","","","","","","","","","","","","","","","","","","","","","","","","",""
"203","","","","","","","","","","","","","","","","","","","","","","","","","","","","","","","","","","","","","","","","","","","","","","","","","","","","","","","0.9857268550620292","0.9857268550620292","0.9857268550620292","3469","3469","3469","","","","","","","0.9899775200549581","0.9899775200549581","0.9899775200549581","10609","10609","10609","","","","","","","","","","","","","","","","","","","","","","","","","","","","","","","","","","","","","","","","","","","","","","","","","0.9965441396740568","0.9965441396740568","0.9965441396740568","3469","3469","3469","","","","","","","","","","","","","","","","","","","","","","","","","","","","","","","","","","","","","","","","","",""
"204","","","","","","","","","","","","","","","","","","","","","","","","","","","","","","","","","","","","","","","","","","","","","","","","","","","","","","","0.9922276976623841","0.9922276976623841","0.9922276976623841","3486","3486","3486","","","","","","","0.9941909557911647","0.9941909557911647","0.9941909557911647","10661","10661","10661","","","","","","","","","","","","","","","","","","","","","","","","","","","","","","","","","","","","","","","","","","","","","","","","","0.9972555244909775","0.9972555244909775","0.9972555244909775","3486","3486","3486","","","","","","","","","","","","","","","","","","","","","","","","","","","","","","","","","","","","","","","","","",""
"205","","","","","","","","","","","","","","","","","","","","","","","","","","","","","","","","","","","","","","","","","","","","","","","","","","","","","","","0.995127468117142","0.995127468117142","0.995127468117142","3503","3503","3503","","","","","","","0.9963091005633629","0.9963091005633629","0.9963091005633629","10713","10713","10713","","","","","","","","","","","","","","","","","","","","","","","","","","","","","","","","","","","","","","","","","","","","","","","","","0.9942712331821781","0.9942712331821781","0.9942712331821781","3503","3503","3503","","","","","","","","","","","","","","","","","","","","","","","","","","","","","","","","","","","","","","","","","",""
"206","","","","","","","","","","","","","","","","","","","","","","","","","","","","","","","","","","","","","","","","","","","","","","","","","","","","","","","0.9963443690613509","0.9963443690613509","0.9963443690613509","3520","3520","3520","","","","","","","0.99620869299721","0.99620869299721","0.99620869299721","10765","10765","10765","","","","","","","","","","","","","","","","","","","","","","","","","","","","","","","","","","","","","","","","","","","","","","","","","0.996059708506652","0.996059708506652","0.996059708506652","3520","3520","3520","","","","","","","","","","","","","","","","","","","","","","","","","","","","","","","","","","","","","","","","","",""
"207","","","","","","","","","","","","","","","","","","","","","","","","","","","","","","","","","","","","","","","","","","","","","","","","","","","","","","","0.9949766807143775","0.9949766807143775","0.9949766807143775","3537","3537","3537","","","","","","","0.9936518000486411","0.9936518000486411","0.9936518000486411","10817","10817","10817","","","","","","","","","","","","","","","","","","","","","","","","","","","","","","","","","","","","","","","","","","","","","","","","","0.9976052158056843","0.9976052158056843","0.9976052158056843","3537","3537","3537","","","","","","","","","","","","","","","","","","","","","","","","","","","","","","","","","","","","","","","","","",""
"208","","","","","","","","","","","","","","","","","","","","","","","","","","","","","","","","","","","","","","","","","","","","","","","","","","","","","","","0.9924855696273901","0.9924855696273901","0.9924855696273901","3554","3554","3554","","","","","","","0.9988202552004231","0.9988202552004231","0.9988202552004231","10869","10869","10869","","","","","","","","","","","","","","","","","","","","","","","","","","","","","","","","","","","","","","","","","","","","","","","","","0.9968213418014813","0.9968213418014813","0.9968213418014813","3554","3554","3554","","","","","","","","","","","","","","","","","","","","","","","","","","","","","","","","","","","","","","","","","",""
"209","","","","","","","","","","","","","","","","","","","","","","","","","","","","","","","","","","","","","","","","","","","","","","","","","","","","","","","0.9936317590450485","0.9936317590450485","0.9936317590450485","3571","3571","3571","","","","","","","0.9972391571942996","0.9972391571942996","0.9972391571942996","10921","10921","10921","","","","","","","","","","","","","","","","","","","","","","","","","","","","","","","","","","","","","","","","","","","","","","","","","0.9976137143119852","0.9976137143119852","0.9976137143119852","3571","3571","3571","","","","","","","","","","","","","","","","","","","","","","","","","","","","","","","","","","","","","","","","","",""
"210","","","","","","","","","","","","","","","","","","","","","","","","","","","","","","","","","","","","","","","","","","","","","","","","","","","","","","","0.996259835070127","0.996259835070127","0.996259835070127","3588","3588","3588","","","","","","","0.9943967381942199","0.9943967381942199","0.9943967381942199","10973","10973","10973","","","","","","","","","","","","","","","","","","","","","","","","","","","","","","","","","","","","","","","","","","","","","","","","","0.9982005605774517","0.9982005605774517","0.9982005605774517","3588","3588","3588","","","","","","","","","","","","","","","","","","","","","","","","","","","","","","","","","","","","","","","","","",""
"211","","","","","","","","","","","","","","","","","","","","","","","","","","","","","","","","","","","","","","","","","","","","","","","","","","","","","","","0.989025821750628","0.989025821750628","0.989025821750628","3605","3605","3605","","","","","","","0.9987016264127508","0.9987016264127508","0.9987016264127508","11025","11025","11025","","","","","","","","","","","","","","","","","","","","","","","","","","","","","","","","","","","","","","","","","","","","","","","","","0.9981920316667258","0.9981920316667258","0.9981920316667258","3605","3605","3605","","","","","","","","","","","","","","","","","","","","","","","","","","","","","","","","","","","","","","","","","",""
"212","","","","","","","","","","","","","","","","","","","","","","","","","","","","","","","","","","","","","","","","","","","","","","","","","","","","","","","0.9963236700470094","0.9963236700470094","0.9963236700470094","3622","3622","3622","","","","","","","0.9959048658710469","0.9959048658710469","0.9959048658710469","11077","11077","11077","","","","","","","","","","","","","","","","","","","","","","","","","","","","","","","","","","","","","","","","","","","","","","","","","0.9948965854468816","0.9948965854468816","0.9948965854468816","3622","3622","3622","","","","","","","","","","","","","","","","","","","","","","","","","","","","","","","","","","","","","","","","","",""
"213","","","","","","","","","","","","","","","","","","","","","","","","","","","","","","","","","","","","","","","","","","","","","","","","","","","","","","","0.988784212260069","0.988784212260069","0.988784212260069","3639","3639","3639","","","","","","","0.9974424794771232","0.9974424794771232","0.9974424794771232","11129","11129","11129","","","","","","","","","","","","","","","","","","","","","","","","","","","","","","","","","","","","","","","","","","","","","","","","","0.995584268672941","0.995584268672941","0.995584268672941","3639","3639","3639","","","","","","","","","","","","","","","","","","","","","","","","","","","","","","","","","","","","","","","","","",""
"214","","","","","","","","","","","","","","","","","","","","","","","","","","","","","","","","","","","","","","","","","","","","","","","","","","","","","","","0.9857566337881438","0.9857566337881438","0.9857566337881438","3656","3656","3656","","","","","","","0.9844330924656237","0.9844330924656237","0.9844330924656237","11181","11181","11181","","","","","","","","","","","","","","","","","","","","","","","","","","","","","","","","","","","","","","","","","","","","","","","","","0.9970198824058778","0.9970198824058778","0.9970198824058778","3656","3656","3656","","","","","","","","","","","","","","","","","","","","","","","","","","","","","","","","","","","","","","","","","",""
"215","","","","","","","","","","","","","","","","","","","","","","","","","","","","","","","","","","","","","","","","","","","","","","","","","","","","","","","0.9927856546057807","0.9927856546057807","0.9927856546057807","3673","3673","3673","","","","","","","0.9957208333636224","0.9957208333636224","0.9957208333636224","11233","11233","11233","","","","","","","","","","","","","","","","","","","","","","","","","","","","","","","","","","","","","","","","","","","","","","","","","0.9954248954379018","0.9954248954379018","0.9954248954379018","3673","3673","3673","","","","","","","","","","","","","","","","","","","","","","","","","","","","","","","","","","","","","","","","","",""
"216","","","","","","","","","","","","","","","","","","","","","","","","","","","","","","","","","","","","","","","","","","","","","","","","","","","","","","","0.995314029866478","0.995314029866478","0.995314029866478","3690","3690","3690","","","","","","","0.9987772113410542","0.9987772113410542","0.9987772113410542","11285","11285","11285","","","","","","","","","","","","","","","","","","","","","","","","","","","","","","","","","","","","","","","","","","","","","","","","","0.9978086138398033","0.9978086138398033","0.9978086138398033","3690","3690","3690","","","","","","","","","","","","","","","","","","","","","","","","","","","","","","","","","","","","","","","","","",""
"217","","","","","","","","","","","","","","","","","","","","","","","","","","","","","","","","","","","","","","","","","","","","","","","","","","","","","","","0.9859782764419802","0.9859782764419802","0.9859782764419802","3707","3707","3707","","","","","","","0.9991985550708529","0.9991985550708529","0.9991985550708529","11337","11337","11337","","","","","","","","","","","","","","","","","","","","","","","","","","","","","","","","","","","","","","","","","","","","","","","","","0.9983063621766712","0.9983063621766712","0.9983063621766712","3707","3707","3707","","","","","","","","","","","","","","","","","","","","","","","","","","","","","","","","","","","","","","","","","",""
"218","","","","","","","","","","","","","","","","","","","","","","","","","","","","","","","","","","","","","","","","","","","","","","","","","","","","","","","0.9963793722831527","0.9963793722831527","0.9963793722831527","3724","3724","3724","","","","","","","0.9942563114443049","0.9942563114443049","0.9942563114443049","11389","11389","11389","","","","","","","","","","","","","","","","","","","","","","","","","","","","","","","","","","","","","","","","","","","","","","","","","0.9985441553054915","0.9985441553054915","0.9985441553054915","3724","3724","3724","","","","","","","","","","","","","","","","","","","","","","","","","","","","","","","","","","","","","","","","","",""
"219","","","","","","","","","","","","","","","","","","","","","","","","","","","","","","","","","","","","","","","","","","","","","","","","","","","","","","","0.9957917979010167","0.9957917979010167","0.9957917979010167","3741","3741","3741","","","","","","","0.9982055845971848","0.9982055845971848","0.9982055845971848","11441","11441","11441","","","","","","","","","","","","","","","","","","","","","","","","","","","","","","","","","","","","","","","","","","","","","","","","","0.9967193097774171","0.9967193097774171","0.9967193097774171","3741","3741","3741","","","","","","","","","","","","","","","","","","","","","","","","","","","","","","","","","","","","","","","","","",""
"220","","","","","","","","","","","","","","","","","","","","","","","","","","","","","","","","","","","","","","","","","","","","","","","","","","","","","","","0.9969915755904548","0.9969915755904548","0.9969915755904548","3758","3758","3758","","","","","","","0.9977972587374742","0.9977972587374742","0.9977972587374742","11493","11493","11493","","","","","","","","","","","","","","","","","","","","","","","","","","","","","","","","","","","","","","","","","","","","","","","","","0.9971546400466744","0.9971546400466744","0.9971546400466744","3758","3758","3758","","","","","","","","","","","","","","","","","","","","","","","","","","","","","","","","","","","","","","","","","",""
"221","","","","","","","","","","","","","","","","","","","","","","","","","","","","","","","","","","","","","","","","","","","","","","","","","","","","","","","0.9982765062141131","0.9982765062141131","0.9982765062141131","3775","3775","3775","","","","","","","0.9941562280674555","0.9941562280674555","0.9941562280674555","11545","11545","11545","","","","","","","","","","","","","","","","","","","","","","","","","","","","","","","","","","","","","","","","","","","","","","","","","0.9988425207894192","0.9988425207894192","0.9988425207894192","3775","3775","3775","","","","","","","","","","","","","","","","","","","","","","","","","","","","","","","","","","","","","","","","","",""
"222","","","","","","","","","","","","","","","","","","","","","","","","","","","","","","","","","","","","","","","","","","","","","","","","","","","","","","","0.9967655541506902","0.9967655541506902","0.9967655541506902","3792","3792","3792","","","","","","","0.9971502628520216","0.9971502628520216","0.9971502628520216","11597","11597","11597","","","","","","","","","","","","","","","","","","","","","","","","","","","","","","","","","","","","","","","","","","","","","","","","","0.9981452611974211","0.9981452611974211","0.9981452611974211","3792","3792","3792","","","","","","","","","","","","","","","","","","","","","","","","","","","","","","","","","","","","","","","","","",""
"223","","","","","","","","","","","","","","","","","","","","","","","","","","","","","","","","","","","","","","","","","","","","","","","","","","","","","","","0.9953463940870999","0.9953463940870999","0.9953463940870999","3809","3809","3809","","","","","","","0.9992009294609872","0.9992009294609872","0.9992009294609872","11649","11649","11649","","","","","","","","","","","","","","","","","","","","","","","","","","","","","","","","","","","","","","","","","","","","","","","","","0.9982988777278812","0.9982988777278812","0.9982988777278812","3809","3809","3809","","","","","","","","","","","","","","","","","","","","","","","","","","","","","","","","","","","","","","","","","",""
"224","","","","","","","","","","","","","","","","","","","","","","","","","","","","","","","","","","","","","","","","","","","","","","","","","","","","","","","0.995448099641736","0.995448099641736","0.995448099641736","3826","3826","3826","","","","","","","0.9997452823185907","0.9997452823185907","0.9997452823185907","11701","11701","11701","","","","","","","","","","","","","","","","","","","","","","","","","","","","","","","","","","","","","","","","","","","","","","","","","0.9983918703502017","0.9983918703502017","0.9983918703502017","3826","3826","3826","","","","","","","","","","","","","","","","","","","","","","","","","","","","","","","","","","","","","","","","","",""
"225","","","","","","","","","","","","","","","","","","","","","","","","","","","","","","","","","","","","","","","","","","","","","","","","","","","","","","","0.9897743553366816","0.9897743553366816","0.9897743553366816","3843","3843","3843","","","","","","","0.9982475152518091","0.9982475152518091","0.9982475152518091","11753","11753","11753","","","","","","","","","","","","","","","","","","","","","","","","","","","","","","","","","","","","","","","","","","","","","","","","","0.997407201352082","0.997407201352082","0.997407201352082","3843","3843","3843","","","","","","","","","","","","","","","","","","","","","","","","","","","","","","","","","","","","","","","","","",""
"226","","","","","","","","","","","","","","","","","","","","","","","","","","","","","","","","","","","","","","","","","","","","","","","","","","","","","","","0.9986777663343497","0.9986777663343497","0.9986777663343497","3860","3860","3860","","","","","","","0.9986785516011728","0.9986785516011728","0.9986785516011728","11805","11805","11805","","","","","","","","","","","","","","","","","","","","","","","","","","","","","","","","","","","","","","","","","","","","","","","","","0.99728955126129","0.99728955126129","0.99728955126129","3860","3860","3860","","","","","","","","","","","","","","","","","","","","","","","","","","","","","","","","","","","","","","","","","",""
"227","","","","","","","","","","","","","","","","","","","","","","","","","","","","","","","","","","","","","","","","","","","","","","","","","","","","","","","0.9960171785266807","0.9960171785266807","0.9960171785266807","3877","3877","3877","","","","","","","0.9977911637918302","0.9977911637918302","0.9977911637918302","11857","11857","11857","","","","","","","","","","","","","","","","","","","","","","","","","","","","","","","","","","","","","","","","","","","","","","","","","0.9982569751032433","0.9982569751032433","0.9982569751032433","3877","3877","3877","","","","","","","","","","","","","","","","","","","","","","","","","","","","","","","","","","","","","","","","","",""
"228","","","","","","","","","","","","","","","","","","","","","","","","","","","","","","","","","","","","","","","","","","","","","","","","","","","","","","","0.9969824520540795","0.9969824520540795","0.9969824520540795","3894","3894","3894","","","","","","","0.9956965544898364","0.9956965544898364","0.9956965544898364","11909","11909","11909","","","","","","","","","","","","","","","","","","","","","","","","","","","","","","","","","","","","","","","","","","","","","","","","","0.9985969192591875","0.9985969192591875","0.9985969192591875","3894","3894","3894","","","","","","","","","","","","","","","","","","","","","","","","","","","","","","","","","","","","","","","","","",""
"229","","","","","","","","","","","","","","","","","","","","","","","","","","","","","","","","","","","","","","","","","","","","","","","","","","","","","","","0.9987656895124883","0.9987656895124883","0.9987656895124883","3911","3911","3911","","","","","","","0.9935292657977607","0.9935292657977607","0.9935292657977607","11961","11961","11961","","","","","","","","","","","","","","","","","","","","","","","","","","","","","","","","","","","","","","","","","","","","","","","","","0.9962906001782883","0.9962906001782883","0.9962906001782883","3911","3911","3911","","","","","","","","","","","","","","","","","","","","","","","","","","","","","","","","","","","","","","","","","",""
"230","","","","","","","","","","","","","","","","","","","","","","","","","","","","","","","","","","","","","","","","","","","","","","","","","","","","","","","0.9979669901961385","0.9979669901961385","0.9979669901961385","3928","3928","3928","","","","","","","0.9998909169798993","0.9998909169798993","0.9998909169798993","12013","12013","12013","","","","","","","","","","","","","","","","","","","","","","","","","","","","","","","","","","","","","","","","","","","","","","","","","0.996331224430053","0.996331224430053","0.996331224430053","3928","3928","3928","","","","","","","","","","","","","","","","","","","","","","","","","","","","","","","","","","","","","","","","","",""
"231","","","","","","","","","","","","","","","","","","","","","","","","","","","","","","","","","","","","","","","","","","","","","","","","","","","","","","","0.999624691892066","0.999624691892066","0.999624691892066","3945","3945","3945","","","","","","","0.9949932103351654","0.9949932103351654","0.9949932103351654","12065","12065","12065","","","","","","","","","","","","","","","","","","","","","","","","","","","","","","","","","","","","","","","","","","","","","","","","","0.9909456282116526","0.9909456282116526","0.9909456282116526","3945","3945","3945","","","","","","","","","","","","","","","","","","","","","","","","","","","","","","","","","","","","","","","","","",""
"232","","","","","","","","","","","","","","","","","","","","","","","","","","","","","","","","","","","","","","","","","","","","","","","","","","","","","","","0.9987392915577662","0.9987392915577662","0.9987392915577662","3962","3962","3962","","","","","","","0.9982877546190724","0.9982877546190724","0.9982877546190724","12117","12117","12117","","","","","","","","","","","","","","","","","","","","","","","","","","","","","","","","","","","","","","","","","","","","","","","","","0.9962353825473643","0.9962353825473643","0.9962353825473643","3962","3962","3962","","","","","","","","","","","","","","","","","","","","","","","","","","","","","","","","","","","","","","","","","",""
"233","","","","","","","","","","","","","","","","","","","","","","","","","","","","","","","","","","","","","","","","","","","","","","","","","","","","","","","0.9972176185587717","0.9972176185587717","0.9972176185587717","3979","3979","3979","","","","","","","0.9991994836721735","0.9991994836721735","0.9991994836721735","12169","12169","12169","","","","","","","","","","","","","","","","","","","","","","","","","","","","","","","","","","","","","","","","","","","","","","","","","0.9974151097024836","0.9974151097024836","0.9974151097024836","3979","3979","3979","","","","","","","","","","","","","","","","","","","","","","","","","","","","","","","","","","","","","","","","","",""
"234","","","","","","","","","","","","","","","","","","","","","","","","","","","","","","","","","","","","","","","","","","","","","","","","","","","","","","","0.9976540562161916","0.9976540562161916","0.9976540562161916","3996","3996","3996","","","","","","","0.998301288905779","0.998301288905779","0.998301288905779","12221","12221","12221","","","","","","","","","","","","","","","","","","","","","","","","","","","","","","","","","","","","","","","","","","","","","","","","","0.9961083515675119","0.9961083515675119","0.9961083515675119","3996","3996","3996","","","","","","","","","","","","","","","","","","","","","","","","","","","","","","","","","","","","","","","","","",""
"235","","","","","","","","","","","","","","","","","","","","","","","","","","","","","","","","","","","","","","","","","","","","","","","","","","","","","","","0.998830983654858","0.998830983654858","0.998830983654858","4013","4013","4013","","","","","","","0.9994733571080081","0.9994733571080081","0.9994733571080081","12273","12273","12273","","","","","","","","","","","","","","","","","","","","","","","","","","","","","","","","","","","","","","","","","","","","","","","","","0.9978285966574634","0.9978285966574634","0.9978285966574634","4013","4013","4013","","","","","","","","","","","","","","","","","","","","","","","","","","","","","","","","","","","","","","","","","",""
"236","","","","","","","","","","","","","","","","","","","","","","","","","","","","","","","","","","","","","","","","","","","","","","","","","","","","","","","0.9986309646877644","0.9986309646877644","0.9986309646877644","4030","4030","4030","","","","","","","0.9992338139944553","0.9992338139944553","0.9992338139944553","12325","12325","12325","","","","","","","","","","","","","","","","","","","","","","","","","","","","","","","","","","","","","","","","","","","","","","","","","0.9988094388809191","0.9988094388809191","0.9988094388809191","4030","4030","4030","","","","","","","","","","","","","","","","","","","","","","","","","","","","","","","","","","","","","","","","","",""
"237","","","","","","","","","","","","","","","","","","","","","","","","","","","","","","","","","","","","","","","","","","","","","","","","","","","","","","","0.9982026297878454","0.9982026297878454","0.9982026297878454","4047","4047","4047","","","","","","","0.9978198722437799","0.9978198722437799","0.9978198722437799","12377","12377","12377","","","","","","","","","","","","","","","","","","","","","","","","","","","","","","","","","","","","","","","","","","","","","","","","","0.9987563036443335","0.9987563036443335","0.9987563036443335","4047","4047","4047","","","","","","","","","","","","","","","","","","","","","","","","","","","","","","","","","","","","","","","","","",""
"238","","","","","","","","","","","","","","","","","","","","","","","","","","","","","","","","","","","","","","","","","","","","","","","","","","","","","","","0.998593937005603","0.998593937005603","0.998593937005603","4064","4064","4064","","","","","","","0.999481549122383","0.999481549122383","0.999481549122383","12429","12429","12429","","","","","","","","","","","","","","","","","","","","","","","","","","","","","","","","","","","","","","","","","","","","","","","","","0.9954031809890873","0.9954031809890873","0.9954031809890873","4064","4064","4064","","","","","","","","","","","","","","","","","","","","","","","","","","","","","","","","","","","","","","","","","",""
"239","","","","","","","","","","","","","","","","","","","","","","","","","","","","","","","","","","","","","","","","","","","","","","","","","","","","","","","0.994544916457302","0.994544916457302","0.994544916457302","4081","4081","4081","","","","","","","0.9968609867806488","0.9968609867806488","0.9968609867806488","12481","12481","12481","","","","","","","","","","","","","","","","","","","","","","","","","","","","","","","","","","","","","","","","","","","","","","","","","0.997205986515397","0.997205986515397","0.997205986515397","4081","4081","4081","","","","","","","","","","","","","","","","","","","","","","","","","","","","","","","","","","","","","","","","","",""
"240","","","","","","","","","","","","","","","","","","","","","","","","","","","","","","","","","","","","","","","","","","","","","","","","","","","","","","","0.9975945647174531","0.9975945647174531","0.9975945647174531","4098","4098","4098","","","","","","","0.9975375747698163","0.9975375747698163","0.9975375747698163","12533","12533","12533","","","","","","","","","","","","","","","","","","","","","","","","","","","","","","","","","","","","","","","","","","","","","","","","","0.9966170966422236","0.9966170966422236","0.9966170966422236","4098","4098","4098","","","","","","","","","","","","","","","","","","","","","","","","","","","","","","","","","","","","","","","","","",""
"241","","","","","","","","","","","","","","","","","","","","","","","","","","","","","","","","","","","","","","","","","","","","","","","","","","","","","","","0.9991074456880701","0.9991074456880701","0.9991074456880701","4115","4115","4115","","","","","","","0.9989067044135416","0.9989067044135416","0.9989067044135416","12585","12585","12585","","","","","","","","","","","","","","","","","","","","","","","","","","","","","","","","","","","","","","","","","","","","","","","","","0.9973312761705988","0.9973312761705988","0.9973312761705988","4115","4115","4115","","","","","","","","","","","","","","","","","","","","","","","","","","","","","","","","","","","","","","","","","",""
"242","","","","","","","","","","","","","","","","","","","","","","","","","","","","","","","","","","","","","","","","","","","","","","","","","","","","","","","0.9979031844265278","0.9979031844265278","0.9979031844265278","4132","4132","4132","","","","","","","0.9987479610384831","0.9987479610384831","0.9987479610384831","12637","12637","12637","","","","","","","","","","","","","","","","","","","","","","","","","","","","","","","","","","","","","","","","","","","","","","","","","0.9965350223312832","0.9965350223312832","0.9965350223312832","4132","4132","4132","","","","","","","","","","","","","","","","","","","","","","","","","","","","","","","","","","","","","","","","","",""
"243","","","","","","","","","","","","","","","","","","","","","","","","","","","","","","","","","","","","","","","","","","","","","","","","","","","","","","","0.9989117801346412","0.9989117801346412","0.9989117801346412","4149","4149","4149","","","","","","","0.9992853101112364","0.9992853101112364","0.9992853101112364","12689","12689","12689","","","","","","","","","","","","","","","","","","","","","","","","","","","","","","","","","","","","","","","","","","","","","","","","","0.9974813363535809","0.9974813363535809","0.9974813363535809","4149","4149","4149","","","","","","","","","","","","","","","","","","","","","","","","","","","","","","","","","","","","","","","","","",""
"244","","","","","","","","","","","","","","","","","","","","","","","","","","","","","","","","","","","","","","","","","","","","","","","","","","","","","","","0.9982261353860402","0.9982261353860402","0.9982261353860402","4166","4166","4166","","","","","","","0.9995259927109088","0.9995259927109088","0.9995259927109088","12741","12741","12741","","","","","","","","","","","","","","","","","","","","","","","","","","","","","","","","","","","","","","","","","","","","","","","","","0.9987632700266194","0.9987632700266194","0.9987632700266194","4166","4166","4166","","","","","","","","","","","","","","","","","","","","","","","","","","","","","","","","","","","","","","","","","",""
"245","","","","","","","","","","","","","","","","","","","","","","","","","","","","","","","","","","","","","","","","","","","","","","","","","","","","","","","0.9997834144317934","0.9997834144317934","0.9997834144317934","4183","4183","4183","","","","","","","0.99700467693086","0.99700467693086","0.99700467693086","12793","12793","12793","","","","","","","","","","","","","","","","","","","","","","","","","","","","","","","","","","","","","","","","","","","","","","","","","0.9982126786110094","0.9982126786110094","0.9982126786110094","4183","4183","4183","","","","","","","","","","","","","","","","","","","","","","","","","","","","","","","","","","","","","","","","","",""
"246","","","","","","","","","","","","","","","","","","","","","","","","","","","","","","","","","","","","","","","","","","","","","","","","","","","","","","","0.9966275646940372","0.9966275646940372","0.9966275646940372","4200","4200","4200","","","","","","","0.998728807948732","0.998728807948732","0.998728807948732","12845","12845","12845","","","","","","","","","","","","","","","","","","","","","","","","","","","","","","","","","","","","","","","","","","","","","","","","","0.9982712773656934","0.9982712773656934","0.9982712773656934","4200","4200","4200","","","","","","","","","","","","","","","","","","","","","","","","","","","","","","","","","","","","","","","","","",""
"247","","","","","","","","","","","","","","","","","","","","","","","","","","","","","","","","","","","","","","","","","","","","","","","","","","","","","","","0.9932827204983513","0.9932827204983513","0.9932827204983513","4217","4217","4217","","","","","","","0.9981188151421813","0.9981188151421813","0.9981188151421813","12897","12897","12897","","","","","","","","","","","","","","","","","","","","","","","","","","","","","","","","","","","","","","","","","","","","","","","","","0.9984457910518679","0.9984457910518679","0.9984457910518679","4217","4217","4217","","","","","","","","","","","","","","","","","","","","","","","","","","","","","","","","","","","","","","","","","",""
"248","","","","","","","","","","","","","","","","","","","","","","","","","","","","","","","","","","","","","","","","","","","","","","","","","","","","","","","0.9976992423646026","0.9976992423646026","0.9976992423646026","4234","4234","4234","","","","","","","0.9952070284475196","0.9952070284475196","0.9952070284475196","12949","12949","12949","","","","","","","","","","","","","","","","","","","","","","","","","","","","","","","","","","","","","","","","","","","","","","","","","0.9977868363950367","0.9977868363950367","0.9977868363950367","4234","4234","4234","","","","","","","","","","","","","","","","","","","","","","","","","","","","","","","","","","","","","","","","","",""
"249","","","","","","","","","","","","","","","","","","","","","","","","","","","","","","","","","","","","","","","","","","","","","","","","","","","","","","","0.9992187454798361","0.9992187454798361","0.9992187454798361","4251","4251","4251","","","","","","","0.9994289275349585","0.9994289275349585","0.9994289275349585","13001","13001","13001","","","","","","","","","","","","","","","","","","","","","","","","","","","","","","","","","","","","","","","","","","","","","","","","","0.9982386765881762","0.9982386765881762","0.9982386765881762","4251","4251","4251","","","","","","","","","","","","","","","","","","","","","","","","","","","","","","","","","","","","","","","","","",""
"250","","","","","","","","","","","","","","","","","","","","","","","","","","","","","","","","","","","","","","","","","","","","","","","","","","","","","","","0.9990615796209462","0.9990615796209462","0.9990615796209462","4268","4268","4268","","","","","","","0.9993782977676727","0.9993782977676727","0.9993782977676727","13053","13053","13053","","","","","","","","","","","","","","","","","","","","","","","","","","","","","","","","","","","","","","","","","","","","","","","","","0.9977645938000396","0.9977645938000396","0.9977645938000396","4268","4268","4268","","","","","","","","","","","","","","","","","","","","","","","","","","","","","","","","","","","","","","","","","",""
"251","","","","","","","","","","","","","","","","","","","","","","","","","","","","","","","","","","","","","","","","","","","","","","","","","","","","","","","0.9989438684463467","0.9989438684463467","0.9989438684463467","4285","4285","4285","","","","","","","0.9993262815737011","0.9993262815737011","0.9993262815737011","13105","13105","13105","","","","","","","","","","","","","","","","","","","","","","","","","","","","","","","","","","","","","","","","","","","","","","","","","0.9981347358335041","0.9981347358335041","0.9981347358335041","4285","4285","4285","","","","","","","","","","","","","","","","","","","","","","","","","","","","","","","","","","","","","","","","","",""
"252","","","","","","","","","","","","","","","","","","","","","","","","","","","","","","","","","","","","","","","","","","","","","","","","","","","","","","","0.9987079384073048","0.9987079384073048","0.9987079384073048","4302","4302","4302","","","","","","","0.9986729533456542","0.9986729533456542","0.9986729533456542","13157","13157","13157","","","","","","","","","","","","","","","","","","","","","","","","","","","","","","","","","","","","","","","","","","","","","","","","","0.9989438053242985","0.9989438053242985","0.9989438053242985","4302","4302","4302","","","","","","","","","","","","","","","","","","","","","","","","","","","","","","","","","","","","","","","","","",""
"253","","","","","","","","","","","","","","","","","","","","","","","","","","","","","","","","","","","","","","","","","","","","","","","","","","","","","","","0.9987204059051368","0.9987204059051368","0.9987204059051368","4319","4319","4319","","","","","","","0.9997421587039728","0.9997421587039728","0.9997421587039728","13209","13209","13209","","","","","","","","","","","","","","","","","","","","","","","","","","","","","","","","","","","","","","","","","","","","","","","","","0.9991040023939988","0.9991040023939988","0.9991040023939988","4319","4319","4319","","","","","","","","","","","","","","","","","","","","","","","","","","","","","","","","","","","","","","","","","",""
"254","","","","","","","","","","","","","","","","","","","","","","","","","","","","","","","","","","","","","","","","","","","","","","","","","","","","","","","0.9994722352834726","0.9994722352834726","0.9994722352834726","4336","4336","4336","","","","","","","0.999757723424112","0.999757723424112","0.999757723424112","13261","13261","13261","","","","","","","","","","","","","","","","","","","","","","","","","","","","","","","","","","","","","","","","","","","","","","","","","0.9978029334338427","0.9978029334338427","0.9978029334338427","4336","4336","4336","","","","","","","","","","","","","","","","","","","","","","","","","","","","","","","","","","","","","","","","","",""
"255","","","","","","","","","","","","","","","","","","","","","","","","","","","","","","","","","","","","","","","","","","","","","","","","","","","","","","","0.997977378018942","0.997977378018942","0.997977378018942","4353","4353","4353","","","","","","","0.9989986639821918","0.9989986639821918","0.9989986639821918","13313","13313","13313","","","","","","","","","","","","","","","","","","","","","","","","","","","","","","","","","","","","","","","","","","","","","","","","","0.998645852900551","0.998645852900551","0.998645852900551","4353","4353","4353","","","","","","","","","","","","","","","","","","","","","","","","","","","","","","","","","","","","","","","","","",""
"256","","","","","","","","","","","","","","","","","","","","","","","","","","","","","","","","","","","","","","","","","","","","","","","","","","","","","","","0.9977651430574144","0.9977651430574144","0.9977651430574144","4370","4370","4370","","","","","","","0.9998892678156627","0.9998892678156627","0.9998892678156627","13365","13365","13365","","","","","","","","","","","","","","","","","","","","","","","","","","","","","","","","","","","","","","","","","","","","","","","","","0.9973849919381699","0.9973849919381699","0.9973849919381699","4370","4370","4370","","","","","","","","","","","","","","","","","","","","","","","","","","","","","","","","","","","","","","","","","",""
"257","","","","","","","","","","","","","","","","","","","","","","","","","","","","","","","","","","","","","","","","","","","","","","","","","","","","","","","0.9981887975312435","0.9981887975312435","0.9981887975312435","4387","4387","4387","","","","","","","0.9983327880751279","0.9983327880751279","0.9983327880751279","13417","13417","13417","","","","","","","","","","","","","","","","","","","","","","","","","","","","","","","","","","","","","","","","","","","","","","","","","0.9978560761746278","0.9978560761746278","0.9978560761746278","4387","4387","4387","","","","","","","","","","","","","","","","","","","","","","","","","","","","","","","","","","","","","","","","","",""
"258","","","","","","","","","","","","","","","","","","","","","","","","","","","","","","","","","","","","","","","","","","","","","","","","","","","","","","","0.9996635057408474","0.9996635057408474","0.9996635057408474","4404","4404","4404","","","","","","","0.9995384419861156","0.9995384419861156","0.9995384419861156","13469","13469","13469","","","","","","","","","","","","","","","","","","","","","","","","","","","","","","","","","","","","","","","","","","","","","","","","","0.9958824174233238","0.9958824174233238","0.9958824174233238","4404","4404","4404","","","","","","","","","","","","","","","","","","","","","","","","","","","","","","","","","","","","","","","","","",""
"259","","","","","","","","","","","","","","","","","","","","","","","","","","","","","","","","","","","","","","","","","","","","","","","","","","","","","","","0.9995092772942182","0.9995092772942182","0.9995092772942182","4421","4421","4421","","","","","","","0.999848133349158","0.999848133349158","0.999848133349158","13521","13521","13521","","","","","","","","","","","","","","","","","","","","","","","","","","","","","","","","","","","","","","","","","","","","","","","","","0.9988622719977303","0.9988622719977303","0.9988622719977303","4421","4421","4421","","","","","","","","","","","","","","","","","","","","","","","","","","","","","","","","","","","","","","","","","",""
"260","","","","","","","","","","","","","","","","","","","","","","","","","","","","","","","","","","","","","","","","","","","","","","","","","","","","","","","0.9976575225013297","0.9976575225013297","0.9976575225013297","4438","4438","4438","","","","","","","0.9983559686565938","0.9983559686565938","0.9983559686565938","13573","13573","13573","","","","","","","","","","","","","","","","","","","","","","","","","","","","","","","","","","","","","","","","","","","","","","","","","0.9988018188558447","0.9988018188558447","0.9988018188558447","4438","4438","4438","","","","","","","","","","","","","","","","","","","","","","","","","","","","","","","","","","","","","","","","","",""
"261","","","","","","","","","","","","","","","","","","","","","","","","","","","","","","","","","","","","","","","","","","","","","","","","","","","","","","","0.9991322264342527","0.9991322264342527","0.9991322264342527","4455","4455","4455","","","","","","","0.9996197327411234","0.9996197327411234","0.9996197327411234","13625","13625","13625","","","","","","","","","","","","","","","","","","","","","","","","","","","","","","","","","","","","","","","","","","","","","","","","","0.9971008799253858","0.9971008799253858","0.9971008799253858","4455","4455","4455","","","","","","","","","","","","","","","","","","","","","","","","","","","","","","","","","","","","","","","","","",""
"262","","","","","","","","","","","","","","","","","","","","","","","","","","","","","","","","","","","","","","","","","","","","","","","","","","","","","","","0.9983737801393388","0.9983737801393388","0.9983737801393388","4472","4472","4472","","","","","","","0.9999999999999999","0.9999999999999999","0.9999999999999999","13677","13677","13677","","","","","","","","","","","","","","","","","","","","","","","","","","","","","","","","","","","","","","","","","","","","","","","","","0.9990373259722423","0.9990373259722423","0.9990373259722423","4472","4472","4472","","","","","","","","","","","","","","","","","","","","","","","","","","","","","","","","","","","","","","","","","",""
"263","","","","","","","","","","","","","","","","","","","","","","","","","","","","","","","","","","","","","","","","","","","","","","","","","","","","","","","0.9995851130743896","0.9995851130743896","0.9995851130743896","4489","4489","4489","","","","","","","0.999491337053955","0.999491337053955","0.999491337053955","13729","13729","13729","","","","","","","","","","","","","","","","","","","","","","","","","","","","","","","","","","","","","","","","","","","","","","","","","0.9986300984968868","0.9986300984968868","0.9986300984968868","4489","4489","4489","","","","","","","","","","","","","","","","","","","","","","","","","","","","","","","","","","","","","","","","","",""
"264","","","","","","","","","","","","","","","","","","","","","","","","","","","","","","","","","","","","","","","","","","","","","","","","","","","","","","","0.9988048355371272","0.9988048355371272","0.9988048355371272","4506","4506","4506","","","","","","","0.999826517848629","0.999826517848629","0.999826517848629","13781","13781","13781","","","","","","","","","","","","","","","","","","","","","","","","","","","","","","","","","","","","","","","","","","","","","","","","","0.9982699560822177","0.9982699560822177","0.9982699560822177","4506","4506","4506","","","","","","","","","","","","","","","","","","","","","","","","","","","","","","","","","","","","","","","","","",""
"265","","","","","","","","","","","","","","","","","","","","","","","","","","","","","","","","","","","","","","","","","","","","","","","","","","","","","","","0.9998687715285752","0.9998687715285752","0.9998687715285752","4523","4523","4523","","","","","","","0.9994632222800286","0.9994632222800286","0.9994632222800286","13833","13833","13833","","","","","","","","","","","","","","","","","","","","","","","","","","","","","","","","","","","","","","","","","","","","","","","","","0.9967820376652858","0.9967820376652858","0.9967820376652858","4523","4523","4523","","","","","","","","","","","","","","","","","","","","","","","","","","","","","","","","","","","","","","","","","",""
"266","","","","","","","","","","","","","","","","","","","","","","","","","","","","","","","","","","","","","","","","","","","","","","","","","","","","","","","0.9998285773826341","0.9998285773826341","0.9998285773826341","4540","4540","4540","","","","","","","0.9999116241760471","0.9999116241760471","0.9999116241760471","13885","13885","13885","","","","","","","","","","","","","","","","","","","","","","","","","","","","","","","","","","","","","","","","","","","","","","","","","0.9973579167058058","0.9973579167058058","0.9973579167058058","4540","4540","4540","","","","","","","","","","","","","","","","","","","","","","","","","","","","","","","","","","","","","","","","","",""
"267","","","","","","","","","","","","","","","","","","","","","","","","","","","","","","","","","","","","","","","","","","","","","","","","","","","","","","","0.999868367176829","0.999868367176829","0.999868367176829","4557","4557","4557","","","","","","","0.9997163887275484","0.9997163887275484","0.9997163887275484","13937","13937","13937","","","","","","","","","","","","","","","","","","","","","","","","","","","","","","","","","","","","","","","","","","","","","","","","","0.9992600256110863","0.9992600256110863","0.9992600256110863","4557","4557","4557","","","","","","","","","","","","","","","","","","","","","","","","","","","","","","","","","","","","","","","","","",""
"268","","","","","","","","","","","","","","","","","","","","","","","","","","","","","","","","","","","","","","","","","","","","","","","","","","","","","","","0.9999347939488785","0.9999347939488785","0.9999347939488785","4574","4574","4574","","","","","","","0.9998493328828416","0.9998493328828416","0.9998493328828416","13989","13989","13989","","","","","","","","","","","","","","","","","","","","","","","","","","","","","","","","","","","","","","","","","","","","","","","","","0.9980753046767066","0.9980753046767066","0.9980753046767066","4574","4574","4574","","","","","","","","","","","","","","","","","","","","","","","","","","","","","","","","","","","","","","","","","",""
"269","","","","","","","","","","","","","","","","","","","","","","","","","","","","","","","","","","","","","","","","","","","","","","","","","","","","","","","0.9996719765463231","0.9996719765463231","0.9996719765463231","4591","4591","4591","","","","","","","0.9996792589127969","0.9996792589127969","0.9996792589127969","14041","14041","14041","","","","","","","","","","","","","","","","","","","","","","","","","","","","","","","","","","","","","","","","","","","","","","","","","0.9991502028039985","0.9991502028039985","0.9991502028039985","4591","4591","4591","","","","","","","","","","","","","","","","","","","","","","","","","","","","","","","","","","","","","","","","","",""
"270","","","","","","","","","","","","","","","","","","","","","","","","","","","","","","","","","","","","","","","","","","","","","","","","","","","","","","","0.9985513862696922","0.9985513862696922","0.9985513862696922","4608","4608","4608","","","","","","","0.9975680706268456","0.9975680706268456","0.9975680706268456","14093","14093","14093","","","","","","","","","","","","","","","","","","","","","","","","","","","","","","","","","","","","","","","","","","","","","","","","","0.9984138041563185","0.9984138041563185","0.9984138041563185","4608","4608","4608","","","","","","","","","","","","","","","","","","","","","","","","","","","","","","","","","","","","","","","","","",""
"271","","","","","","","","","","","","","","","","","","","","","","","","","","","","","","","","","","","","","","","","","","","","","","","","","","","","","","","0.9997412574972289","0.9997412574972289","0.9997412574972289","4625","4625","4625","","","","","","","0.9995404817864075","0.9995404817864075","0.9995404817864075","14145","14145","14145","","","","","","","","","","","","","","","","","","","","","","","","","","","","","","","","","","","","","","","","","","","","","","","","","0.9989595424702264","0.9989595424702264","0.9989595424702264","4625","4625","4625","","","","","","","","","","","","","","","","","","","","","","","","","","","","","","","","","","","","","","","","","",""
"272","","","","","","","","","","","","","","","","","","","","","","","","","","","","","","","","","","","","","","","","","","","","","","","","","","","","","","","1","1","1","4642","4642","4642","","","","","","","0.9985579877967422","0.9985579877967422","0.9985579877967422","14197","14197","14197","","","","","","","","","","","","","","","","","","","","","","","","","","","","","","","","","","","","","","","","","","","","","","","","","0.998508021414261","0.998508021414261","0.998508021414261","4642","4642","4642","","","","","","","","","","","","","","","","","","","","","","","","","","","","","","","","","","","","","","","","","",""
"273","","","","","","","","","","","","","","","","","","","","","","","","","","","","","","","","","","","","","","","","","","","","","","","","","","","","","","","0.9993324307235799","0.9993324307235799","0.9993324307235799","4659","4659","4659","","","","","","","1","1","1","14249","14249","14249","","","","","","","","","","","","","","","","","","","","","","","","","","","","","","","","","","","","","","","","","","","","","","","","","0.9993100348175219","0.9993100348175219","0.9993100348175219","4659","4659","4659","","","","","","","","","","","","","","","","","","","","","","","","","","","","","","","","","","","","","","","","","",""
"274","","","","","","","","","","","","","","","","","","","","","","","","","","","","","","","","","","","","","","","","","","","","","","","","","","","","","","","0.9985102925243772","0.9985102925243772","0.9985102925243772","4676","4676","4676","","","","","","","1","1","1","14301","14301","14301","","","","","","","","","","","","","","","","","","","","","","","","","","","","","","","","","","","","","","","","","","","","","","","","","0.9979418130048985","0.9979418130048985","0.9979418130048985","4676","4676","4676","","","","","","","","","","","","","","","","","","","","","","","","","","","","","","","","","","","","","","","","","",""
"275","","","","","","","","","","","","","","","","","","","","","","","","","","","","","","","","","","","","","","","","","","","","","","","","","","","","","","","0.9999563271099464","0.9999563271099464","0.9999563271099464","4693","4693","4693","","","","","","","0.9998262978622483","0.9998262978622483","0.9998262978622483","14353","14353","14353","","","","","","","","","","","","","","","","","","","","","","","","","","","","","","","","","","","","","","","","","","","","","","","","","0.9983866464995241","0.9983866464995241","0.9983866464995241","4693","4693","4693","","","","","","","","","","","","","","","","","","","","","","","","","","","","","","","","","","","","","","","","","",""
"276","","","","","","","","","","","","","","","","","","","","","","","","","","","","","","","","","","","","","","","","","","","","","","","","","","","","","","","0.9999563271099465","0.9999563271099465","0.9999563271099465","4710","4710","4710","","","","","","","0.9970039746030392","0.9970039746030392","0.9970039746030392","14405","14405","14405","","","","","","","","","","","","","","","","","","","","","","","","","","","","","","","","","","","","","","","","","","","","","","","","","0.9984313802879108","0.9984313802879108","0.9984313802879108","4710","4710","4710","","","","","","","","","","","","","","","","","","","","","","","","","","","","","","","","","","","","","","","","","",""
"277","","","","","","","","","","","","","","","","","","","","","","","","","","","","","","","","","","","","","","","","","","","","","","","","","","","","","","","0.9998450700814825","0.9998450700814825","0.9998450700814825","4727","4727","4727","","","","","","","1","1","1","14457","14457","14457","","","","","","","","","","","","","","","","","","","","","","","","","","","","","","","","","","","","","","","","","","","","","","","","","0.9986532143181432","0.9986532143181432","0.9986532143181432","4727","4727","4727","","","","","","","","","","","","","","","","","","","","","","","","","","","","","","","","","","","","","","","","","",""
"278","","","","","","","","","","","","","","","","","","","","","","","","","","","","","","","","","","","","","","","","","","","","","","","","","","","","","","","0.9999560200334412","0.9999560200334412","0.9999560200334412","4744","4744","4744","","","","","","","0.9995397681192671","0.9995397681192671","0.9995397681192671","14509","14509","14509","","","","","","","","","","","","","","","","","","","","","","","","","","","","","","","","","","","","","","","","","","","","","","","","","0.9981338052194574","0.9981338052194574","0.9981338052194574","4744","4744","4744","","","","","","","","","","","","","","","","","","","","","","","","","","","","","","","","","","","","","","","","","",""
"279","","","","","","","","","","","","","","","","","","","","","","","","","","","","","","","","","","","","","","","","","","","","","","","","","","","","","","","0.9998687715285752","0.9998687715285752","0.9998687715285752","4761","4761","4761","","","","","","","0.9999347939488785","0.9999347939488785","0.9999347939488785","14561","14561","14561","","","","","","","","","","","","","","","","","","","","","","","","","","","","","","","","","","","","","","","","","","","","","","","","","0.9971428768651172","0.9971428768651172","0.9971428768651172","4761","4761","4761","","","","","","","","","","","","","","","","","","","","","","","","","","","","","","","","","","","","","","","","","",""
"280","","","","","","","","","","","","","","","","","","","","","","","","","","","","","","","","","","","","","","","","","","","","","","","","","","","","","","","0.9986936653374153","0.9986936653374153","0.9986936653374153","4778","4778","4778","","","","","","","0.9997160100153679","0.9997160100153679","0.9997160100153679","14613","14613","14613","","","","","","","","","","","","","","","","","","","","","","","","","","","","","","","","","","","","","","","","","","","","","","","","","0.9978785141351131","0.9978785141351131","0.9978785141351131","4778","4778","4778","","","","","","","","","","","","","","","","","","","","","","","","","","","","","","","","","","","","","","","","","",""
"281","","","","","","","","","","","","","","","","","","","","","","","","","","","","","","","","","","","","","","","","","","","","","","","","","","","","","","","0.9999780615155104","0.9999780615155104","0.9999780615155104","4795","4795","4795","","","","","","","0.9982936178152823","0.9982936178152823","0.9982936178152823","14665","14665","14665","","","","","","","","","","","","","","","","","","","","","","","","","","","","","","","","","","","","","","","","","","","","","","","","","0.9979894984731861","0.9979894984731861","0.9979894984731861","4795","4795","4795","","","","","","","","","","","","","","","","","","","","","","","","","","","","","","","","","","","","","","","","","",""
"282","","","","","","","","","","","","","","","","","","","","","","","","","","","","","","","","","","","","","","","","","","","","","","","","","","","","","","","0.9999560200334412","0.9999560200334412","0.9999560200334412","4812","4812","4812","","","","","","","0.9994595454087123","0.9994595454087123","0.9994595454087123","14717","14717","14717","","","","","","","","","","","","","","","","","","","","","","","","","","","","","","","","","","","","","","","","","","","","","","","","","0.9987830960980614","0.9987830960980614","0.9987830960980614","4812","4812","4812","","","","","","","","","","","","","","","","","","","","","","","","","","","","","","","","","","","","","","","","","",""
"283","","","","","","","","","","","","","","","","","","","","","","","","","","","","","","","","","","","","","","","","","","","","","","","","","","","","","","","0.9996123427632927","0.9996123427632927","0.9996123427632927","4829","4829","4829","","","","","","","0.99968179524713","0.99968179524713","0.99968179524713","14769","14769","14769","","","","","","","","","","","","","","","","","","","","","","","","","","","","","","","","","","","","","","","","","","","","","","","","","0.9971231562925723","0.9971231562925723","0.9971231562925723","4829","4829","4829","","","","","","","","","","","","","","","","","","","","","","","","","","","","","","","","","","","","","","","","","",""
"284","","","","","","","","","","","","","","","","","","","","","","","","","","","","","","","","","","","","","","","","","","","","","","","","","","","","","","","1","1","1","4846","4846","4846","","","","","","","0.999889889770483","0.999889889770483","0.999889889770483","14821","14821","14821","","","","","","","","","","","","","","","","","","","","","","","","","","","","","","","","","","","","","","","","","","","","","","","","","0.998464669463494","0.998464669463494","0.998464669463494","4846","4846","4846","","","","","","","","","","","","","","","","","","","","","","","","","","","","","","","","","","","","","","","","","",""
"285","","","","","","","","","","","","","","","","","","","","","","","","","","","","","","","","","","","","","","","","","","","","","","","","","","","","","","","0.9999347939488784","0.9999347939488784","0.9999347939488784","4863","4863","4863","","","","","","","0.9997147189289753","0.9997147189289753","0.9997147189289753","14873","14873","14873","","","","","","","","","","","","","","","","","","","","","","","","","","","","","","","","","","","","","","","","","","","","","","","","","0.9964119903609842","0.9964119903609842","0.9964119903609842","4863","4863","4863","","","","","","","","","","","","","","","","","","","","","","","","","","","","","","","","","","","","","","","","","",""
"286","","","","","","","","","","","","","","","","","","","","","","","","","","","","","","","","","","","","","","","","","","","","","","","","","","","","","","","0.9998096688237534","0.9998096688237534","0.9998096688237534","4880","4880","4880","","","","","","","0.9993287711410268","0.9993287711410268","0.9993287711410268","14925","14925","14925","","","","","","","","","","","","","","","","","","","","","","","","","","","","","","","","","","","","","","","","","","","","","","","","","0.9986103932219277","0.9986103932219277","0.9986103932219277","4880","4880","4880","","","","","","","","","","","","","","","","","","","","","","","","","","","","","","","","","","","","","","","","","",""
"287","","","","","","","","","","","","","","","","","","","","","","","","","","","","","","","","","","","","","","","","","","","","","","","","","","","","","","","0.9973469877889232","0.9973469877889232","0.9973469877889232","4897","4897","4897","","","","","","","0.9991612236116195","0.9991612236116195","0.9991612236116195","14977","14977","14977","","","","","","","","","","","","","","","","","","","","","","","","","","","","","","","","","","","","","","","","","","","","","","","","","0.998882633104695","0.998882633104695","0.998882633104695","4897","4897","4897","","","","","","","","","","","","","","","","","","","","","","","","","","","","","","","","","","","","","","","","","",""
"288","","","","","","","","","","","","","","","","","","","","","","","","","","","","","","","","","","","","","","","","","","","","","","","","","","","","","","","0.9996454449324252","0.9996454449324252","0.9996454449324252","4914","4914","4914","","","","","","","1","1","1","15029","15029","15029","","","","","","","","","","","","","","","","","","","","","","","","","","","","","","","","","","","","","","","","","","","","","","","","","0.9983863006975013","0.9983863006975013","0.9983863006975013","4914","4914","4914","","","","","","","","","","","","","","","","","","","","","","","","","","","","","","","","","","","","","","","","","",""
"289","","","","","","","","","","","","","","","","","","","","","","","","","","","","","","","","","","","","","","","","","","","","","","","","","","","","","","","0.9989952012196177","0.9989952012196177","0.9989952012196177","4931","4931","4931","","","","","","","0.9998096688237533","0.9998096688237533","0.9998096688237533","15081","15081","15081","","","","","","","","","","","","","","","","","","","","","","","","","","","","","","","","","","","","","","","","","","","","","","","","","0.9981104870030846","0.9981104870030846","0.9981104870030846","4931","4931","4931","","","","","","","","","","","","","","","","","","","","","","","","","","","","","","","","","","","","","","","","","",""
"290","","","","","","","","","","","","","","","","","","","","","","","","","","","","","","","","","","","","","","","","","","","","","","","","","","","","","","","0.999228209706704","0.999228209706704","0.999228209706704","4948","4948","4948","","","","","","","0.9999134592501244","0.9999134592501244","0.9999134592501244","15133","15133","15133","","","","","","","","","","","","","","","","","","","","","","","","","","","","","","","","","","","","","","","","","","","","","","","","","0.9990508091984076","0.9990508091984076","0.9990508091984076","4948","4948","4948","","","","","","","","","","","","","","","","","","","","","","","","","","","","","","","","","","","","","","","","","",""
"291","","","","","","","","","","","","","","","","","","","","","","","","","","","","","","","","","","","","","","","","","","","","","","","","","","","","","","","0.9999563271099468","0.9999563271099468","0.9999563271099468","4965","4965","4965","","","","","","","0.9994963608551257","0.9994963608551257","0.9994963608551257","15185","15185","15185","","","","","","","","","","","","","","","","","","","","","","","","","","","","","","","","","","","","","","","","","","","","","","","","","0.99923462187058","0.99923462187058","0.99923462187058","4965","4965","4965","","","","","","","","","","","","","","","","","","","","","","","","","","","","","","","","","","","","","","","","","",""
"292","","","","","","","","","","","","","","","","","","","","","","","","","","","","","","","","","","","","","","","","","","","","","","","","","","","","","","","0.999848133349158","0.999848133349158","0.999848133349158","4982","4982","4982","","","","","","","0.9999338745821169","0.9999338745821169","0.9999338745821169","15237","15237","15237","","","","","","","","","","","","","","","","","","","","","","","","","","","","","","","","","","","","","","","","","","","","","","","","","0.9988220873161266","0.9988220873161266","0.9988220873161266","4982","4982","4982","","","","","","","","","","","","","","","","","","","","","","","","","","","","","","","","","","","","","","","","","",""
"293","","","","","","","","","","","","","","","","","","","","","","","","","","","","","","","","","","","","","","","","","","","","","","","","","","","","","","","0.9994182138068403","0.9994182138068403","0.9994182138068403","4999","4999","4999","","","","","","","0.9986949948277235","0.9986949948277235","0.9986949948277235","15289","15289","15289","","","","","","","","","","","","","","","","","","","","","","","","","","","","","","","","","","","","","","","","","","","","","","","","","0.998653300206648","0.998653300206648","0.998653300206648","4999","4999","4999","","","","","","","","","","","","","","","","","","","","","","","","","","","","","","","","","","","","","","","","","",""
"294","","","","","","","","","","","","","","","","","","","","","","","","","","","","","","","","","","","","","","","","","","","","","","","","","","","","","","","0.9998687715285752","0.9998687715285752","0.9998687715285752","5016","5016","5016","","","","","","","1","1","1","15341","15341","15341","","","","","","","","","","","","","","","","","","","","","","","","","","","","","","","","","","","","","","","","","","","","","","","","","0.9992238932828834","0.9992238932828834","0.9992238932828834","5016","5016","5016","","","","","","","","","","","","","","","","","","","","","","","","","","","","","","","","","","","","","","","","","",""
"295","","","","","","","","","","","","","","","","","","","","","","","","","","","","","","","","","","","","","","","","","","","","","","","","","","","","","","","0.999254634023661","0.999254634023661","0.999254634023661","5033","5033","5033","","","","","","","0.998224205245934","0.998224205245934","0.998224205245934","15393","15393","15393","","","","","","","","","","","","","","","","","","","","","","","","","","","","","","","","","","","","","","","","","","","","","","","","","0.997767194523068","0.997767194523068","0.997767194523068","5033","5033","5033","","","","","","","","","","","","","","","","","","","","","","","","","","","","","","","","","","","","","","","","","",""
"296","","","","","","","","","","","","","","","","","","","","","","","","","","","","","","","","","","","","","","","","","","","","","","","","","","","","","","","0.999712026911938","0.999712026911938","0.999712026911938","5050","5050","5050","","","","","","","0.9995404817864076","0.9995404817864076","0.9995404817864076","15445","15445","15445","","","","","","","","","","","","","","","","","","","","","","","","","","","","","","","","","","","","","","","","","","","","","","","","","0.9985199392827536","0.9985199392827536","0.9985199392827536","5050","5050","5050","","","","","","","","","","","","","","","","","","","","","","","","","","","","","","","","","","","","","","","","","",""
"297","","","","","","","","","","","","","","","","","","","","","","","","","","","","","","","","","","","","","","","","","","","","","","","","","","","","","","","0.9995924841621359","0.9995924841621359","0.9995924841621359","5067","5067","5067","","","","","","","1","1","1","15497","15497","15497","","","","","","","","","","","","","","","","","","","","","","","","","","","","","","","","","","","","","","","","","","","","","","","","","0.9989018494399778","0.9989018494399778","0.9989018494399778","5067","5067","5067","","","","","","","","","","","","","","","","","","","","","","","","","","","","","","","","","","","","","","","","","",""
"298","","","","","","","","","","","","","","","","","","","","","","","","","","","","","","","","","","","","","","","","","","","","","","","","","","","","","","","0.9999560200334413","0.9999560200334413","0.9999560200334413","5084","5084","5084","","","","","","","0.9996229320928943","0.9996229320928943","0.9996229320928943","15549","15549","15549","","","","","","","","","","","","","","","","","","","","","","","","","","","","","","","","","","","","","","","","","","","","","","","","","0.9958850776461056","0.9958850776461056","0.9958850776461056","5084","5084","5084","","","","","","","","","","","","","","","","","","","","","","","","","","","","","","","","","","","","","","","","","",""
"299","","","","","","","","","","","","","","","","","","","","","","","","","","","","","","","","","","","","","","","","","","","","","","","","","","","","","","","1","1","1","5101","5101","5101","","","","","","","1","1","1","15601","15601","15601","","","","","","","","","","","","","","","","","","","","","","","","","","","","","","","","","","","","","","","","","","","","","","","","","0.9975830301073642","0.9975830301073642","0.9975830301073642","5101","5101","5101","","","","","","","","","","","","","","","","","","","","","","","","","","","","","","","","","","","","","","","","","",""