"val/epoch/step","stg_nf_interaction_2026_04_29_14_02_10 - val/epoch/ap","stg_nf_interaction_2026_04_29_14_02_10 - val/epoch/ap__MIN","stg_nf_interaction_2026_04_29_14_02_10 - val/epoch/ap__MAX","stg_nf_interaction_2026_04_29_14_02_10 - _step","stg_nf_interaction_2026_04_29_14_02_10 - _step__MIN","stg_nf_interaction_2026_04_29_14_02_10 - _step__MAX","stg_nf_interaction_2026_04_29_11_08_02 - val/epoch/ap","stg_nf_interaction_2026_04_29_11_08_02 - val/epoch/ap__MIN","stg_nf_interaction_2026_04_29_11_08_02 - val/epoch/ap__MAX","stg_nf_interaction_2026_04_29_11_08_02 - _step","stg_nf_interaction_2026_04_29_11_08_02 - _step__MIN","stg_nf_interaction_2026_04_29_11_08_02 - _step__MAX","stg_nf_interaction_2026_04_29_16_04_13 - val/epoch/ap","stg_nf_interaction_2026_04_29_16_04_13 - val/epoch/ap__MIN","stg_nf_interaction_2026_04_29_16_04_13 - val/epoch/ap__MAX","stg_nf_interaction_2026_04_29_16_04_13 - _step","stg_nf_interaction_2026_04_29_16_04_13 - _step__MIN","stg_nf_interaction_2026_04_29_16_04_13 - _step__MAX","stg_nf_interaction_2026_04_29_14_57_03 - val/epoch/ap","stg_nf_interaction_2026_04_29_14_57_03 - val/epoch/ap__MIN","stg_nf_interaction_2026_04_29_14_57_03 - val/epoch/ap__MAX","stg_nf_interaction_2026_04_29_14_57_03 - _step","stg_nf_interaction_2026_04_29_14_57_03 - _step__MIN","stg_nf_interaction_2026_04_29_14_57_03 - _step__MAX","stgcn_interaction_2026_04_29_15_18_32 - val/epoch/ap","stgcn_interaction_2026_04_29_15_18_32 - val/epoch/ap__MIN","stgcn_interaction_2026_04_29_15_18_32 - val/epoch/ap__MAX","stgcn_interaction_2026_04_29_15_18_32 - _step","stgcn_interaction_2026_04_29_15_18_32 - _step__MIN","stgcn_interaction_2026_04_29_15_18_32 - _step__MAX","stgcn_interaction_2026_04_29_16_19_53 - val/epoch/ap","stgcn_interaction_2026_04_29_16_19_53 - val/epoch/ap__MIN","stgcn_interaction_2026_04_29_16_19_53 - val/epoch/ap__MAX","stgcn_interaction_2026_04_29_16_19_53 - _step","stgcn_interaction_2026_04_29_16_19_53 - _step__MIN","stgcn_interaction_2026_04_29_16_19_53 - _step__MAX","stgcn_interaction_2026_04_29_14_25_31 - val/epoch/ap","stgcn_interaction_2026_04_29_14_25_31 - val/epoch/ap__MIN","stgcn_interaction_2026_04_29_14_25_31 - val/epoch/ap__MAX","stgcn_interaction_2026_04_29_14_25_31 - _step","stgcn_interaction_2026_04_29_14_25_31 - _step__MIN","stgcn_interaction_2026_04_29_14_25_31 - _step__MAX","stgcn_interaction_2026_04_29_11_20_33 - val/epoch/ap","stgcn_interaction_2026_04_29_11_20_33 - val/epoch/ap__MIN","stgcn_interaction_2026_04_29_11_20_33 - val/epoch/ap__MAX","stgcn_interaction_2026_04_29_11_20_33 - _step","stgcn_interaction_2026_04_29_11_20_33 - _step__MIN","stgcn_interaction_2026_04_29_11_20_33 - _step__MAX","skateformer_interaction_2026_04_29_11_57_08 - val/epoch/ap","skateformer_interaction_2026_04_29_11_57_08 - val/epoch/ap__MIN","skateformer_interaction_2026_04_29_11_57_08 - val/epoch/ap__MAX","skateformer_interaction_2026_04_29_11_57_08 - _step","skateformer_interaction_2026_04_29_11_57_08 - _step__MIN","skateformer_interaction_2026_04_29_11_57_08 - _step__MAX","skateformer_interaction_2026_04_29_10_42_43 - val/epoch/ap","skateformer_interaction_2026_04_29_10_42_43 - val/epoch/ap__MIN","skateformer_interaction_2026_04_29_10_42_43 - val/epoch/ap__MAX","skateformer_interaction_2026_04_29_10_42_43 - _step","skateformer_interaction_2026_04_29_10_42_43 - _step__MIN","skateformer_interaction_2026_04_29_10_42_43 - _step__MAX","skateformer_interaction_2026_04_29_14_34_34 - val/epoch/ap","skateformer_interaction_2026_04_29_14_34_34 - val/epoch/ap__MIN","skateformer_interaction_2026_04_29_14_34_34 - val/epoch/ap__MAX","skateformer_interaction_2026_04_29_14_34_34 - _step","skateformer_interaction_2026_04_29_14_34_34 - _step__MIN","skateformer_interaction_2026_04_29_14_34_34 - _step__MAX","skateformer_interaction_2026_04_29_15_31_37 - val/epoch/ap","skateformer_interaction_2026_04_29_15_31_37 - val/epoch/ap__MIN","skateformer_interaction_2026_04_29_15_31_37 - val/epoch/ap__MAX","skateformer_interaction_2026_04_29_15_31_37 - _step","skateformer_interaction_2026_04_29_15_31_37 - _step__MIN","skateformer_interaction_2026_04_29_15_31_37 - _step__MAX","mlp_interaction_2026_04_29_11_55_00 - val/epoch/ap","mlp_interaction_2026_04_29_11_55_00 - val/epoch/ap__MIN","mlp_interaction_2026_04_29_11_55_00 - val/epoch/ap__MAX","mlp_interaction_2026_04_29_11_55_00 - _step","mlp_interaction_2026_04_29_11_55_00 - _step__MIN","mlp_interaction_2026_04_29_11_55_00 - _step__MAX","mlp_interaction_2026_04_29_10_39_35 - val/epoch/ap","mlp_interaction_2026_04_29_10_39_35 - val/epoch/ap__MIN","mlp_interaction_2026_04_29_10_39_35 - val/epoch/ap__MAX","mlp_interaction_2026_04_29_10_39_35 - _step","mlp_interaction_2026_04_29_10_39_35 - _step__MIN","mlp_interaction_2026_04_29_10_39_35 - _step__MAX","mlp_interaction_2026_04_29_14_32_56 - val/epoch/ap","mlp_interaction_2026_04_29_14_32_56 - val/epoch/ap__MIN","mlp_interaction_2026_04_29_14_32_56 - val/epoch/ap__MAX","mlp_interaction_2026_04_29_14_32_56 - _step","mlp_interaction_2026_04_29_14_32_56 - _step__MIN","mlp_interaction_2026_04_29_14_32_56 - _step__MAX","mlp_interaction_2026_04_29_15_27_27 - val/epoch/ap","mlp_interaction_2026_04_29_15_27_27 - val/epoch/ap__MIN","mlp_interaction_2026_04_29_15_27_27 - val/epoch/ap__MAX","mlp_interaction_2026_04_29_15_27_27 - _step","mlp_interaction_2026_04_29_15_27_27 - _step__MIN","mlp_interaction_2026_04_29_15_27_27 - _step__MAX","mb_from_pretrained_finetune_interaction_2026_05_06_12_09_43 - val/epoch/ap","mb_from_pretrained_finetune_interaction_2026_05_06_12_09_43 - val/epoch/ap__MIN","mb_from_pretrained_finetune_interaction_2026_05_06_12_09_43 - val/epoch/ap__MAX","mb_from_pretrained_finetune_interaction_2026_05_06_12_09_43 - _step","mb_from_pretrained_finetune_interaction_2026_05_06_12_09_43 - _step__MIN","mb_from_pretrained_finetune_interaction_2026_05_06_12_09_43 - _step__MAX","mb_from_pretrained_finetune_interaction_2026_05_06_10_04_26 - val/epoch/ap","mb_from_pretrained_finetune_interaction_2026_05_06_10_04_26 - val/epoch/ap__MIN","mb_from_pretrained_finetune_interaction_2026_05_06_10_04_26 - val/epoch/ap__MAX","mb_from_pretrained_finetune_interaction_2026_05_06_10_04_26 - _step","mb_from_pretrained_finetune_interaction_2026_05_06_10_04_26 - _step__MIN","mb_from_pretrained_finetune_interaction_2026_05_06_10_04_26 - _step__MAX","mb_from_pretrained_finetune_interaction_2026_05_06_12_42_40 - val/epoch/ap","mb_from_pretrained_finetune_interaction_2026_05_06_12_42_40 - val/epoch/ap__MIN","mb_from_pretrained_finetune_interaction_2026_05_06_12_42_40 - val/epoch/ap__MAX","mb_from_pretrained_finetune_interaction_2026_05_06_12_42_40 - _step","mb_from_pretrained_finetune_interaction_2026_05_06_12_42_40 - _step__MIN","mb_from_pretrained_finetune_interaction_2026_05_06_12_42_40 - _step__MAX","mb_from_pretrained_finetune_interaction_2026_05_06_11_12_48 - val/epoch/ap","mb_from_pretrained_finetune_interaction_2026_05_06_11_12_48 - val/epoch/ap__MIN","mb_from_pretrained_finetune_interaction_2026_05_06_11_12_48 - val/epoch/ap__MAX","mb_from_pretrained_finetune_interaction_2026_05_06_11_12_48 - _step","mb_from_pretrained_finetune_interaction_2026_05_06_11_12_48 - _step__MIN","mb_from_pretrained_finetune_interaction_2026_05_06_11_12_48 - _step__MAX","mb_from_pretrained_interaction_2026_05_06_10_20_18 - val/epoch/ap","mb_from_pretrained_interaction_2026_05_06_10_20_18 - val/epoch/ap__MIN","mb_from_pretrained_interaction_2026_05_06_10_20_18 - val/epoch/ap__MAX","mb_from_pretrained_interaction_2026_05_06_10_20_18 - _step","mb_from_pretrained_interaction_2026_05_06_10_20_18 - _step__MIN","mb_from_pretrained_interaction_2026_05_06_10_20_18 - _step__MAX","mb_from_pretrained_interaction_2026_05_06_12_54_10 - val/epoch/ap","mb_from_pretrained_interaction_2026_05_06_12_54_10 - val/epoch/ap__MIN","mb_from_pretrained_interaction_2026_05_06_12_54_10 - val/epoch/ap__MAX","mb_from_pretrained_interaction_2026_05_06_12_54_10 - _step","mb_from_pretrained_interaction_2026_05_06_12_54_10 - _step__MIN","mb_from_pretrained_interaction_2026_05_06_12_54_10 - _step__MAX","mb_from_pretrained_interaction_2026_05_06_11_23_06 - val/epoch/ap","mb_from_pretrained_interaction_2026_05_06_11_23_06 - val/epoch/ap__MIN","mb_from_pretrained_interaction_2026_05_06_11_23_06 - val/epoch/ap__MAX","mb_from_pretrained_interaction_2026_05_06_11_23_06 - _step","mb_from_pretrained_interaction_2026_05_06_11_23_06 - _step__MIN","mb_from_pretrained_interaction_2026_05_06_11_23_06 - _step__MAX","mb_from_pretrained_interaction_2026_05_06_12_15_31 - val/epoch/ap","mb_from_pretrained_interaction_2026_05_06_12_15_31 - val/epoch/ap__MIN","mb_from_pretrained_interaction_2026_05_06_12_15_31 - val/epoch/ap__MAX","mb_from_pretrained_interaction_2026_05_06_12_15_31 - _step","mb_from_pretrained_interaction_2026_05_06_12_15_31 - _step__MIN","mb_from_pretrained_interaction_2026_05_06_12_15_31 - _step__MAX","lstm_interaction_2026_04_29_10_36_34 - val/epoch/ap","lstm_interaction_2026_04_29_10_36_34 - val/epoch/ap__MIN","lstm_interaction_2026_04_29_10_36_34 - val/epoch/ap__MAX","lstm_interaction_2026_04_29_10_36_34 - _step","lstm_interaction_2026_04_29_10_36_34 - _step__MIN","lstm_interaction_2026_04_29_10_36_34 - _step__MAX","lstm_interaction_2026_04_29_14_31_12 - val/epoch/ap","lstm_interaction_2026_04_29_14_31_12 - val/epoch/ap__MIN","lstm_interaction_2026_04_29_14_31_12 - val/epoch/ap__MAX","lstm_interaction_2026_04_29_14_31_12 - _step","lstm_interaction_2026_04_29_14_31_12 - _step__MIN","lstm_interaction_2026_04_29_14_31_12 - _step__MAX","lstm_interaction_2026_04_29_15_23_13 - val/epoch/ap","lstm_interaction_2026_04_29_15_23_13 - val/epoch/ap__MIN","lstm_interaction_2026_04_29_15_23_13 - val/epoch/ap__MAX","lstm_interaction_2026_04_29_15_23_13 - _step","lstm_interaction_2026_04_29_15_23_13 - _step__MIN","lstm_interaction_2026_04_29_15_23_13 - _step__MAX","lstm_interaction_2026_04_29_11_52_51 - val/epoch/ap","lstm_interaction_2026_04_29_11_52_51 - val/epoch/ap__MIN","lstm_interaction_2026_04_29_11_52_51 - val/epoch/ap__MAX","lstm_interaction_2026_04_29_11_52_51 - _step","lstm_interaction_2026_04_29_11_52_51 - _step__MIN","lstm_interaction_2026_04_29_11_52_51 - _step__MAX"
"0","0.03305707453894281","0.03305707453894281","0.03305707453894281","89","89","89","0.3796934210080632","0.3796934210080632","0.3796934210080632","18","18","18","0.041031160211667465","0.041031160211667465","0.041031160211667465","53","53","53","0.16203613040066187","0.16203613040066187","0.16203613040066187","54","54","54","0.4444283040143989","0.4444283040143989","0.4444283040143989","54","54","54","0.05443132134867387","0.05443132134867387","0.05443132134867387","53","53","53","0.1343562241280329","0.1343562241280329","0.1343562241280329","89","89","89","0.43738250976254184","0.43738250976254184","0.43738250976254184","18","18","18","0.02888757880346359","0.02888757880346359","0.02888757880346359","89","89","89","0.3136188286259112","0.3136188286259112","0.3136188286259112","18","18","18","0.30728622193529226","0.30728622193529226","0.30728622193529226","54","54","54","0.030583732537462802","0.030583732537462802","0.030583732537462802","53","53","53","0.16973870005209235","0.16973870005209235","0.16973870005209235","89","89","89","0.376390148296219","0.376390148296219","0.376390148296219","18","18","18","0.3899029037442615","0.3899029037442615","0.3899029037442615","54","54","54","0.04148938372052628","0.04148938372052628","0.04148938372052628","53","53","53","0.12211003403380323","0.12211003403380323","0.12211003403380323","102","102","102","0.4582266317064242","0.4582266317064242","0.4582266317064242","32","32","32","0.3720516982797077","0.3720516982797077","0.3720516982797077","105","105","105","0.16450584684895744","0.16450584684895744","0.16450584684895744","175","175","175","0.3825068186114446","0.3825068186114446","0.3825068186114446","18","18","18","0.39153636267944136","0.39153636267944136","0.39153636267944136","54","54","54","0.1627676607276205","0.1627676607276205","0.1627676607276205","89","89","89","0.11968214758112464","0.11968214758112464","0.11968214758112464","53","53","53","0.33645365868165855","0.33645365868165855","0.33645365868165855","18","18","18","0.3655218907517186","0.3655218907517186","0.3655218907517186","54","54","54","0.04403192597403606","0.04403192597403606","0.04403192597403606","53","53","53","0.17064317101144405","0.17064317101144405","0.17064317101144405","89","89","89"
"1","0.04583420689880323","0.04583420689880323","0.04583420689880323","177","177","177","0.2937001239223398","0.2937001239223398","0.2937001239223398","35","35","35","0.042756306754311635","0.042756306754311635","0.042756306754311635","105","105","105","0.4117507259549986","0.4117507259549986","0.4117507259549986","107","107","107","0.46259593469851606","0.46259593469851606","0.46259593469851606","107","107","107","0.037252779784332675","0.037252779784332675","0.037252779784332675","105","105","105","0.12962665508568735","0.12962665508568735","0.12962665508568735","177","177","177","0.40415838773277507","0.40415838773277507","0.40415838773277507","35","35","35","0.028000380532412734","0.028000380532412734","0.028000380532412734","177","177","177","0.28932462974618733","0.28932462974618733","0.28932462974618733","35","35","35","0.2978245782373483","0.2978245782373483","0.2978245782373483","107","107","107","0.032078023355245164","0.032078023355245164","0.032078023355245164","105","105","105","0.18834925225293983","0.18834925225293983","0.18834925225293983","177","177","177","0.36889543575470074","0.36889543575470074","0.36889543575470074","35","35","35","0.40489778684908734","0.40489778684908734","0.40489778684908734","107","107","107","0.05006601511150474","0.05006601511150474","0.05006601511150474","105","105","105","0.09204969569079333","0.09204969569079333","0.09204969569079333","203","203","203","0.5210380251519481","0.5210380251519481","0.5210380251519481","63","63","63","0.3884301407787557","0.3884301407787557","0.3884301407787557","209","209","209","0.19717536896287907","0.19717536896287907","0.19717536896287907","349","349","349","0.3894071406776778","0.3894071406776778","0.3894071406776778","35","35","35","0.38722522205361337","0.38722522205361337","0.38722522205361337","107","107","107","0.1793399850935094","0.1793399850935094","0.1793399850935094","177","177","177","0.11810430000009182","0.11810430000009182","0.11810430000009182","105","105","105","0.36118699907795915","0.36118699907795915","0.36118699907795915","35","35","35","0.4101497971522349","0.4101497971522349","0.4101497971522349","107","107","107","0.04935267089293996","0.04935267089293996","0.04935267089293996","105","105","105","0.19109328960524002","0.19109328960524002","0.19109328960524002","177","177","177"
"2","0.0510908050657154","0.0510908050657154","0.0510908050657154","265","265","265","0.317788784551553","0.317788784551553","0.317788784551553","52","52","52","0.04030171600584355","0.04030171600584355","0.04030171600584355","157","157","157","0.38863984444978467","0.38863984444978467","0.38863984444978467","160","160","160","0.42412343959520515","0.42412343959520515","0.42412343959520515","160","160","160","0.040748680938983935","0.040748680938983935","0.040748680938983935","157","157","157","0.12258240347436139","0.12258240347436139","0.12258240347436139","265","265","265","0.439678338971065","0.439678338971065","0.439678338971065","52","52","52","0.028710725314935213","0.028710725314935213","0.028710725314935213","265","265","265","0.29926689438667997","0.29926689438667997","0.29926689438667997","52","52","52","0.3281058271698254","0.3281058271698254","0.3281058271698254","160","160","160","0.03509872941966821","0.03509872941966821","0.03509872941966821","157","157","157","0.19706658052230602","0.19706658052230602","0.19706658052230602","265","265","265","0.39124712694963737","0.39124712694963737","0.39124712694963737","52","52","52","0.4378491944094474","0.4378491944094474","0.4378491944094474","160","160","160","0.06017406858814464","0.06017406858814464","0.06017406858814464","157","157","157","0.06746807757137688","0.06746807757137688","0.06746807757137688","304","304","304","0.5573140707135263","0.5573140707135263","0.5573140707135263","94","94","94","0.41319217886353243","0.41319217886353243","0.41319217886353243","313","313","313","0.253044072655031","0.253044072655031","0.253044072655031","523","523","523","0.4136099180369311","0.4136099180369311","0.4136099180369311","52","52","52","0.400863634378526","0.400863634378526","0.400863634378526","160","160","160","0.18587360899113478","0.18587360899113478","0.18587360899113478","265","265","265","0.15060263357106432","0.15060263357106432","0.15060263357106432","157","157","157","0.36974205040729313","0.36974205040729313","0.36974205040729313","52","52","52","0.40131183567779805","0.40131183567779805","0.40131183567779805","160","160","160","0.056619847308154364","0.056619847308154364","0.056619847308154364","157","157","157","0.20522471574771772","0.20522471574771772","0.20522471574771772","265","265","265"
"3","0.06477760577414148","0.06477760577414148","0.06477760577414148","353","353","353","0.3176606631668892","0.3176606631668892","0.3176606631668892","69","69","69","0.042651622975694","0.042651622975694","0.042651622975694","209","209","209","0.37144883075397","0.37144883075397","0.37144883075397","213","213","213","0.45246102020054896","0.45246102020054896","0.45246102020054896","213","213","213","0.02922398792717441","0.02922398792717441","0.02922398792717441","209","209","209","0.18796158678168226","0.18796158678168226","0.18796158678168226","353","353","353","0.5182233750212969","0.5182233750212969","0.5182233750212969","69","69","69","0.03609377073822906","0.03609377073822906","0.03609377073822906","353","353","353","0.3311354795501159","0.3311354795501159","0.3311354795501159","69","69","69","0.2279141097969064","0.2279141097969064","0.2279141097969064","213","213","213","0.03711133583111954","0.03711133583111954","0.03711133583111954","209","209","209","0.2203533503083848","0.2203533503083848","0.2203533503083848","353","353","353","0.38081733154936914","0.38081733154936914","0.38081733154936914","69","69","69","0.4378402422019017","0.4378402422019017","0.4378402422019017","213","213","213","0.05641317937573548","0.05641317937573548","0.05641317937573548","209","209","209","0.07187394888122292","0.07187394888122292","0.07187394888122292","405","405","405","0.5667203748055214","0.5667203748055214","0.5667203748055214","125","125","125","0.28625158544088253","0.28625158544088253","0.28625158544088253","417","417","417","0.2664809910472604","0.2664809910472604","0.2664809910472604","697","697","697","0.42373413656680153","0.42373413656680153","0.42373413656680153","69","69","69","0.40557262054527055","0.40557262054527055","0.40557262054527055","213","213","213","0.19998619807326062","0.19998619807326062","0.19998619807326062","353","353","353","0.12133457375240274","0.12133457375240274","0.12133457375240274","209","209","209","0.36751795855240593","0.36751795855240593","0.36751795855240593","69","69","69","0.4115627144800795","0.4115627144800795","0.4115627144800795","213","213","213","0.05625463920436144","0.05625463920436144","0.05625463920436144","209","209","209","0.2301910990535695","0.2301910990535695","0.2301910990535695","353","353","353"
"4","0.051801007993296566","0.051801007993296566","0.051801007993296566","441","441","441","0.23675401765279452","0.23675401765279452","0.23675401765279452","86","86","86","0.041883086797726225","0.041883086797726225","0.041883086797726225","261","261","261","0.3609241353190106","0.3609241353190106","0.3609241353190106","266","266","266","0.4306734558879616","0.4306734558879616","0.4306734558879616","266","266","266","0.04412691973047989","0.04412691973047989","0.04412691973047989","261","261","261","0.18626523518213678","0.18626523518213678","0.18626523518213678","441","441","441","0.3958243589087807","0.3958243589087807","0.3958243589087807","86","86","86","0.04346025395744778","0.04346025395744778","0.04346025395744778","441","441","441","0.3478587437393933","0.3478587437393933","0.3478587437393933","86","86","86","0.33466333034897144","0.33466333034897144","0.33466333034897144","266","266","266","0.03911306751895577","0.03911306751895577","0.03911306751895577","261","261","261","0.22438279886926335","0.22438279886926335","0.22438279886926335","441","441","441","0.4048915681647825","0.4048915681647825","0.4048915681647825","86","86","86","0.45957005625983677","0.45957005625983677","0.45957005625983677","266","266","266","0.07580533982560272","0.07580533982560272","0.07580533982560272","261","261","261","0.062092643458282706","0.062092643458282706","0.062092643458282706","506","506","506","0.5869485773273657","0.5869485773273657","0.5869485773273657","156","156","156","0.28583520878493357","0.28583520878493357","0.28583520878493357","521","521","521","0.26860680839578477","0.26860680839578477","0.26860680839578477","871","871","871","0.42314660255002906","0.42314660255002906","0.42314660255002906","86","86","86","0.37272971888990597","0.37272971888990597","0.37272971888990597","266","266","266","0.19710941187696232","0.19710941187696232","0.19710941187696232","441","441","441","0.11313639613720534","0.11313639613720534","0.11313639613720534","261","261","261","0.3558355196003554","0.3558355196003554","0.3558355196003554","86","86","86","0.4090251725104781","0.4090251725104781","0.4090251725104781","266","266","266","0.060980852158550834","0.060980852158550834","0.060980852158550834","261","261","261","0.2312575192298807","0.2312575192298807","0.2312575192298807","441","441","441"
"5","0.06477793955782027","0.06477793955782027","0.06477793955782027","529","529","529","0.3810796523505709","0.3810796523505709","0.3810796523505709","103","103","103","0.0464079494253479","0.0464079494253479","0.0464079494253479","313","313","313","0.2856104154161372","0.2856104154161372","0.2856104154161372","319","319","319","0.46011628629525514","0.46011628629525514","0.46011628629525514","319","319","319","0.03888940738563346","0.03888940738563346","0.03888940738563346","313","313","313","0.1786593883488242","0.1786593883488242","0.1786593883488242","529","529","529","0.5579163251505991","0.5579163251505991","0.5579163251505991","103","103","103","0.045829591415834675","0.045829591415834675","0.045829591415834675","529","529","529","0.3509586286176978","0.3509586286176978","0.3509586286176978","103","103","103","0.3453016862756736","0.3453016862756736","0.3453016862756736","319","319","319","0.03959808556352828","0.03959808556352828","0.03959808556352828","313","313","313","0.21827216336672484","0.21827216336672484","0.21827216336672484","529","529","529","0.40657843842136343","0.40657843842136343","0.40657843842136343","103","103","103","0.4665598034485044","0.4665598034485044","0.4665598034485044","319","319","319","0.06877771074564269","0.06877771074564269","0.06877771074564269","313","313","313","0.062490279645251376","0.062490279645251376","0.062490279645251376","607","607","607","0.5740064720129152","0.5740064720129152","0.5740064720129152","187","187","187","0.3447733629776236","0.3447733629776236","0.3447733629776236","625","625","625","","","","","","","0.43105957687331964","0.43105957687331964","0.43105957687331964","103","103","103","0.3675298582790754","0.3675298582790754","0.3675298582790754","319","319","319","0.15258951018645386","0.15258951018645386","0.15258951018645386","529","529","529","0.11546057558542694","0.11546057558542694","0.11546057558542694","313","313","313","0.39018699205405716","0.39018699205405716","0.39018699205405716","103","103","103","0.4304493800841729","0.4304493800841729","0.4304493800841729","319","319","319","0.08752226605796071","0.08752226605796071","0.08752226605796071","313","313","313","0.21383036419659815","0.21383036419659815","0.21383036419659815","529","529","529"
"6","0.0648037049425528","0.0648037049425528","0.0648037049425528","617","617","617","0.3488755758680389","0.3488755758680389","0.3488755758680389","120","120","120","0.03756600684996253","0.03756600684996253","0.03756600684996253","365","365","365","0.3001304301407462","0.3001304301407462","0.3001304301407462","372","372","372","0.358567983437534","0.358567983437534","0.358567983437534","372","372","372","0.06254902194732972","0.06254902194732972","0.06254902194732972","365","365","365","0.11116160093176793","0.11116160093176793","0.11116160093176793","617","617","617","0.4613355681162682","0.4613355681162682","0.4613355681162682","120","120","120","0.05250413828155509","0.05250413828155509","0.05250413828155509","617","617","617","0.34897451985957206","0.34897451985957206","0.34897451985957206","120","120","120","0.1861943571318287","0.1861943571318287","0.1861943571318287","372","372","372","0.044852123636113614","0.044852123636113614","0.044852123636113614","365","365","365","0.23299164828172483","0.23299164828172483","0.23299164828172483","617","617","617","0.43022623551129857","0.43022623551129857","0.43022623551129857","120","120","120","0.46434433133514924","0.46434433133514924","0.46434433133514924","372","372","372","0.07474613130182817","0.07474613130182817","0.07474613130182817","365","365","365","0.07486211998833515","0.07486211998833515","0.07486211998833515","708","708","708","0.5031546172585157","0.5031546172585157","0.5031546172585157","218","218","218","0.34269784932687786","0.34269784932687786","0.34269784932687786","729","729","729","","","","","","","0.45031172441381573","0.45031172441381573","0.45031172441381573","120","120","120","0.40263216580799477","0.40263216580799477","0.40263216580799477","372","372","372","0.1789491663125475","0.1789491663125475","0.1789491663125475","617","617","617","0.12132943006282759","0.12132943006282759","0.12132943006282759","365","365","365","0.43249092766271563","0.43249092766271563","0.43249092766271563","120","120","120","0.4160666283580479","0.4160666283580479","0.4160666283580479","372","372","372","0.10487270071354396","0.10487270071354396","0.10487270071354396","365","365","365","0.22540516670602445","0.22540516670602445","0.22540516670602445","617","617","617"
"7","0.07608507590443782","0.07608507590443782","0.07608507590443782","705","705","705","0.3746010557913634","0.3746010557913634","0.3746010557913634","137","137","137","0.034910494235980645","0.034910494235980645","0.034910494235980645","417","417","417","0.27359074621831697","0.27359074621831697","0.27359074621831697","425","425","425","0.43961890683400806","0.43961890683400806","0.43961890683400806","425","425","425","0.08435591631556674","0.08435591631556674","0.08435591631556674","417","417","417","0.18829275548468105","0.18829275548468105","0.18829275548468105","705","705","705","0.6140510417907767","0.6140510417907767","0.6140510417907767","137","137","137","0.052440706317365256","0.052440706317365256","0.052440706317365256","705","705","705","0.4068510552296598","0.4068510552296598","0.4068510552296598","137","137","137","0.19691377403380772","0.19691377403380772","0.19691377403380772","425","425","425","0.05396778661086808","0.05396778661086808","0.05396778661086808","417","417","417","0.21327922363517685","0.21327922363517685","0.21327922363517685","705","705","705","0.41892789294837574","0.41892789294837574","0.41892789294837574","137","137","137","0.4715871317096652","0.4715871317096652","0.4715871317096652","425","425","425","0.09622423063396926","0.09622423063396926","0.09622423063396926","417","417","417","","","","","","","0.661760016007913","0.661760016007913","0.661760016007913","249","249","249","","","","","","","","","","","","","0.4577106218469632","0.4577106218469632","0.4577106218469632","137","137","137","0.40163657861916285","0.40163657861916285","0.40163657861916285","425","425","425","0.18234398549999","0.18234398549999","0.18234398549999","705","705","705","0.10636424838423475","0.10636424838423475","0.10636424838423475","417","417","417","0.4427632502626712","0.4427632502626712","0.4427632502626712","137","137","137","0.4242704652031832","0.4242704652031832","0.4242704652031832","425","425","425","0.10878497021749724","0.10878497021749724","0.10878497021749724","417","417","417","0.22245872741644115","0.22245872741644115","0.22245872741644115","705","705","705"
"8","0.06947897301798348","0.06947897301798348","0.06947897301798348","793","793","793","0.3572080853726007","0.3572080853726007","0.3572080853726007","154","154","154","0.04724977805482345","0.04724977805482345","0.04724977805482345","469","469","469","0.23622292845776027","0.23622292845776027","0.23622292845776027","478","478","478","0.46126753954864663","0.46126753954864663","0.46126753954864663","478","478","478","0.04863769337979502","0.04863769337979502","0.04863769337979502","469","469","469","0.1602652087693973","0.1602652087693973","0.1602652087693973","793","793","793","0.549709074057903","0.549709074057903","0.549709074057903","154","154","154","0.0528712253682175","0.0528712253682175","0.0528712253682175","793","793","793","0.38566544705339095","0.38566544705339095","0.38566544705339095","154","154","154","0.22829954555784565","0.22829954555784565","0.22829954555784565","478","478","478","0.043459217519232235","0.043459217519232235","0.043459217519232235","469","469","469","0.23117727548211078","0.23117727548211078","0.23117727548211078","793","793","793","0.43406860200350916","0.43406860200350916","0.43406860200350916","154","154","154","0.4514906678069271","0.4514906678069271","0.4514906678069271","478","478","478","0.09599025728082794","0.09599025728082794","0.09599025728082794","469","469","469","","","","","","","0.5516246886823934","0.5516246886823934","0.5516246886823934","280","280","280","","","","","","","","","","","","","0.4501688986160551","0.4501688986160551","0.4501688986160551","154","154","154","0.3793882355690411","0.3793882355690411","0.3793882355690411","478","478","478","0.1877634778725214","0.1877634778725214","0.1877634778725214","793","793","793","0.10427220136563334","0.10427220136563334","0.10427220136563334","469","469","469","0.44734289021632545","0.44734289021632545","0.44734289021632545","154","154","154","0.4158574343149768","0.4158574343149768","0.4158574343149768","478","478","478","0.12412512140170684","0.12412512140170684","0.12412512140170684","469","469","469","0.24154051752032946","0.24154051752032946","0.24154051752032946","793","793","793"
"9","0.07466796023147047","0.07466796023147047","0.07466796023147047","881","881","881","0.42224852202548024","0.42224852202548024","0.42224852202548024","171","171","171","0.04680761509921799","0.04680761509921799","0.04680761509921799","521","521","521","0.24342049193409315","0.24342049193409315","0.24342049193409315","531","531","531","0.4700079099096399","0.4700079099096399","0.4700079099096399","531","531","531","0.06110663584394867","0.06110663584394867","0.06110663584394867","521","521","521","0.19163157506192138","0.19163157506192138","0.19163157506192138","881","881","881","0.6270864497955793","0.6270864497955793","0.6270864497955793","171","171","171","0.05565884746689881","0.05565884746689881","0.05565884746689881","881","881","881","0.41992983496815606","0.41992983496815606","0.41992983496815606","171","171","171","0.31538383497008077","0.31538383497008077","0.31538383497008077","531","531","531","0.04593765267499525","0.04593765267499525","0.04593765267499525","521","521","521","0.20897978944451515","0.20897978944451515","0.20897978944451515","881","881","881","0.4466480398390855","0.4466480398390855","0.4466480398390855","171","171","171","0.4585140558173926","0.4585140558173926","0.4585140558173926","531","531","531","0.10202899737708884","0.10202899737708884","0.10202899737708884","521","521","521","","","","","","","0.5667014092853685","0.5667014092853685","0.5667014092853685","311","311","311","","","","","","","","","","","","","0.4603704554222459","0.4603704554222459","0.4603704554222459","171","171","171","0.38687685480110423","0.38687685480110423","0.38687685480110423","531","531","531","0.21157999755047513","0.21157999755047513","0.21157999755047513","881","881","881","0.09757793500207847","0.09757793500207847","0.09757793500207847","521","521","521","0.47577274905825345","0.47577274905825345","0.47577274905825345","171","171","171","0.40283415837169523","0.40283415837169523","0.40283415837169523","531","531","531","0.1259453002633359","0.1259453002633359","0.1259453002633359","521","521","521","0.24261044535060297","0.24261044535060297","0.24261044535060297","881","881","881"
"10","0.07615574794962973","0.07615574794962973","0.07615574794962973","969","969","969","0.3670774318732141","0.3670774318732141","0.3670774318732141","188","188","188","0.04052053060170764","0.04052053060170764","0.04052053060170764","573","573","573","0.2791690228920344","0.2791690228920344","0.2791690228920344","584","584","584","0.47510679297409764","0.47510679297409764","0.47510679297409764","584","584","584","0.06510779220386118","0.06510779220386118","0.06510779220386118","573","573","573","0.19132261976831866","0.19132261976831866","0.19132261976831866","969","969","969","0.49363304647440726","0.49363304647440726","0.49363304647440726","188","188","188","0.11635331995954713","0.11635331995954713","0.11635331995954713","969","969","969","0.4303241244650864","0.4303241244650864","0.4303241244650864","188","188","188","0.4328979195312635","0.4328979195312635","0.4328979195312635","584","584","584","0.06242440456816711","0.06242440456816711","0.06242440456816711","573","573","573","0.21288823420904948","0.21288823420904948","0.21288823420904948","969","969","969","0.42925148114080697","0.42925148114080697","0.42925148114080697","188","188","188","0.464534907511926","0.464534907511926","0.464534907511926","584","584","584","0.10266196487633782","0.10266196487633782","0.10266196487633782","573","573","573","","","","","","","0.5648921105948328","0.5648921105948328","0.5648921105948328","342","342","342","","","","","","","","","","","","","0.4569197223940987","0.4569197223940987","0.4569197223940987","188","188","188","0.4037996787952517","0.4037996787952517","0.4037996787952517","584","584","584","0.19814180123474323","0.19814180123474323","0.19814180123474323","969","969","969","0.09942580560249341","0.09942580560249341","0.09942580560249341","573","573","573","0.459573255460739","0.459573255460739","0.459573255460739","188","188","188","0.39957997399449496","0.39957997399449496","0.39957997399449496","584","584","584","0.13389045734702443","0.13389045734702443","0.13389045734702443","573","573","573","0.25285326180623385","0.25285326180623385","0.25285326180623385","969","969","969"
"11","0.06998943604737579","0.06998943604737579","0.06998943604737579","1057","1057","1057","0.41155637875984646","0.41155637875984646","0.41155637875984646","205","205","205","0.038723625540995024","0.038723625540995024","0.038723625540995024","625","625","625","0.21447048543978833","0.21447048543978833","0.21447048543978833","637","637","637","0.46503469041840845","0.46503469041840845","0.46503469041840845","637","637","637","0.0639538824155838","0.0639538824155838","0.0639538824155838","625","625","625","0.20139335563997696","0.20139335563997696","0.20139335563997696","1057","1057","1057","0.554038157464633","0.554038157464633","0.554038157464633","205","205","205","0.1398069492139472","0.1398069492139472","0.1398069492139472","1057","1057","1057","0.42914606070638933","0.42914606070638933","0.42914606070638933","205","205","205","0.42668498769596264","0.42668498769596264","0.42668498769596264","637","637","637","0.06296099562333936","0.06296099562333936","0.06296099562333936","625","625","625","0.24564180866557456","0.24564180866557456","0.24564180866557456","1057","1057","1057","0.46958263372097137","0.46958263372097137","0.46958263372097137","205","205","205","0.47528331510173916","0.47528331510173916","0.47528331510173916","637","637","637","0.10337498424839907","0.10337498424839907","0.10337498424839907","625","625","625","","","","","","","0.5206306809519385","0.5206306809519385","0.5206306809519385","373","373","373","","","","","","","","","","","","","0.4579597823077184","0.4579597823077184","0.4579597823077184","205","205","205","0.3853464288037626","0.3853464288037626","0.3853464288037626","637","637","637","0.21742296920961326","0.21742296920961326","0.21742296920961326","1057","1057","1057","0.0965765202224295","0.0965765202224295","0.0965765202224295","625","625","625","0.4867669087382496","0.4867669087382496","0.4867669087382496","205","205","205","0.42035782895577717","0.42035782895577717","0.42035782895577717","637","637","637","0.13326554633238066","0.13326554633238066","0.13326554633238066","625","625","625","0.24235967223402585","0.24235967223402585","0.24235967223402585","1057","1057","1057"
"12","0.07746043031163563","0.07746043031163563","0.07746043031163563","1145","1145","1145","0.4236938711481958","0.4236938711481958","0.4236938711481958","222","222","222","0.04056399774150022","0.04056399774150022","0.04056399774150022","677","677","677","0.2761052262246726","0.2761052262246726","0.2761052262246726","690","690","690","0.4396746806582489","0.4396746806582489","0.4396746806582489","690","690","690","0.05124576257304578","0.05124576257304578","0.05124576257304578","677","677","677","0.16882026768954306","0.16882026768954306","0.16882026768954306","1145","1145","1145","0.5312506107012767","0.5312506107012767","0.5312506107012767","222","222","222","0.11452495291992366","0.11452495291992366","0.11452495291992366","1145","1145","1145","0.4221978860078228","0.4221978860078228","0.4221978860078228","222","222","222","0.39743521093541545","0.39743521093541545","0.39743521093541545","690","690","690","0.04724986013875036","0.04724986013875036","0.04724986013875036","677","677","677","0.23931909794738798","0.23931909794738798","0.23931909794738798","1145","1145","1145","0.4828798551073998","0.4828798551073998","0.4828798551073998","222","222","222","0.4648335560606845","0.4648335560606845","0.4648335560606845","690","690","690","0.10639444638472594","0.10639444638472594","0.10639444638472594","677","677","677","","","","","","","0.5697325504501333","0.5697325504501333","0.5697325504501333","404","404","404","","","","","","","","","","","","","0.4750318614084806","0.4750318614084806","0.4750318614084806","222","222","222","0.38402076803503676","0.38402076803503676","0.38402076803503676","690","690","690","0.21955712499295696","0.21955712499295696","0.21955712499295696","1145","1145","1145","0.10331636069740442","0.10331636069740442","0.10331636069740442","677","677","677","0.5048101518985949","0.5048101518985949","0.5048101518985949","222","222","222","0.42351437819511445","0.42351437819511445","0.42351437819511445","690","690","690","0.11827113806086614","0.11827113806086614","0.11827113806086614","677","677","677","0.25118107476017343","0.25118107476017343","0.25118107476017343","1145","1145","1145"
"13","0.07869404945211608","0.07869404945211608","0.07869404945211608","1233","1233","1233","0.39535697201924924","0.39535697201924924","0.39535697201924924","239","239","239","0.03957259229953275","0.03957259229953275","0.03957259229953275","729","729","729","0.19251896750909953","0.19251896750909953","0.19251896750909953","743","743","743","0.4304650887901346","0.4304650887901346","0.4304650887901346","743","743","743","0.04556401977677915","0.04556401977677915","0.04556401977677915","729","729","729","0.18598281766762986","0.18598281766762986","0.18598281766762986","1233","1233","1233","0.5416131394026069","0.5416131394026069","0.5416131394026069","239","239","239","0.13962399121071234","0.13962399121071234","0.13962399121071234","1233","1233","1233","0.42795338685094536","0.42795338685094536","0.42795338685094536","239","239","239","0.39728600183018714","0.39728600183018714","0.39728600183018714","743","743","743","0.05363136416219931","0.05363136416219931","0.05363136416219931","729","729","729","0.2313890932934826","0.2313890932934826","0.2313890932934826","1233","1233","1233","0.505903118498726","0.505903118498726","0.505903118498726","239","239","239","0.46144749018745507","0.46144749018745507","0.46144749018745507","743","743","743","0.1132525896157459","0.1132525896157459","0.1132525896157459","729","729","729","","","","","","","0.550819154489215","0.550819154489215","0.550819154489215","435","435","435","","","","","","","","","","","","","0.4600391594088633","0.4600391594088633","0.4600391594088633","239","239","239","0.37137671525198535","0.37137671525198535","0.37137671525198535","743","743","743","0.2096964714297192","0.2096964714297192","0.2096964714297192","1233","1233","1233","0.06367106383985671","0.06367106383985671","0.06367106383985671","729","729","729","0.5140208548188404","0.5140208548188404","0.5140208548188404","239","239","239","0.42603644981991534","0.42603644981991534","0.42603644981991534","743","743","743","0.1199142883039553","0.1199142883039553","0.1199142883039553","729","729","729","0.2600209744745089","0.2600209744745089","0.2600209744745089","1233","1233","1233"
"14","0.0772459910258014","0.0772459910258014","0.0772459910258014","1321","1321","1321","0.3745109814161887","0.3745109814161887","0.3745109814161887","256","256","256","0.042979802704561615","0.042979802704561615","0.042979802704561615","781","781","781","0.21696934192533607","0.21696934192533607","0.21696934192533607","796","796","796","0.4436224495380857","0.4436224495380857","0.4436224495380857","796","796","796","0.04172562981792344","0.04172562981792344","0.04172562981792344","781","781","781","0.19181366388688825","0.19181366388688825","0.19181366388688825","1321","1321","1321","0.5479691179695009","0.5479691179695009","0.5479691179695009","256","256","256","0.13764025174931294","0.13764025174931294","0.13764025174931294","1321","1321","1321","0.4187642404367404","0.4187642404367404","0.4187642404367404","256","256","256","0.38094048433429395","0.38094048433429395","0.38094048433429395","796","796","796","0.057910958690800186","0.057910958690800186","0.057910958690800186","781","781","781","0.23087094713667106","0.23087094713667106","0.23087094713667106","1321","1321","1321","0.4952521661416501","0.4952521661416501","0.4952521661416501","256","256","256","0.47426229777424567","0.47426229777424567","0.47426229777424567","796","796","796","0.11921960831732602","0.11921960831732602","0.11921960831732602","781","781","781","","","","","","","0.610535717937179","0.610535717937179","0.610535717937179","466","466","466","","","","","","","","","","","","","0.4762651322402721","0.4762651322402721","0.4762651322402721","256","256","256","0.39767602148826203","0.39767602148826203","0.39767602148826203","796","796","796","0.20907319680600886","0.20907319680600886","0.20907319680600886","1321","1321","1321","0.07713674319297395","0.07713674319297395","0.07713674319297395","781","781","781","0.4789402076446394","0.4789402076446394","0.4789402076446394","256","256","256","0.36553765460369025","0.36553765460369025","0.36553765460369025","796","796","796","0.11193769571790482","0.11193769571790482","0.11193769571790482","781","781","781","0.24825254682618525","0.24825254682618525","0.24825254682618525","1321","1321","1321"
"15","0.06963656983661902","0.06963656983661902","0.06963656983661902","1409","1409","1409","0.3909280523542005","0.3909280523542005","0.3909280523542005","273","273","273","0.03612676512213764","0.03612676512213764","0.03612676512213764","833","833","833","0.36409972937239177","0.36409972937239177","0.36409972937239177","849","849","849","0.4424009860787142","0.4424009860787142","0.4424009860787142","849","849","849","0.03823144905916688","0.03823144905916688","0.03823144905916688","833","833","833","0.2205748414176277","0.2205748414176277","0.2205748414176277","1409","1409","1409","0.5998368933124792","0.5998368933124792","0.5998368933124792","273","273","273","0.14293397484833315","0.14293397484833315","0.14293397484833315","1409","1409","1409","0.42026409925078545","0.42026409925078545","0.42026409925078545","273","273","273","0.3641304459335606","0.3641304459335606","0.3641304459335606","849","849","849","0.04971776665012689","0.04971776665012689","0.04971776665012689","833","833","833","0.24275814596886536","0.24275814596886536","0.24275814596886536","1409","1409","1409","0.48341691871326653","0.48341691871326653","0.48341691871326653","273","273","273","0.47447407024808885","0.47447407024808885","0.47447407024808885","849","849","849","0.113687180788174","0.113687180788174","0.113687180788174","833","833","833","","","","","","","0.5878990344192871","0.5878990344192871","0.5878990344192871","497","497","497","","","","","","","","","","","","","0.4598996401178731","0.4598996401178731","0.4598996401178731","273","273","273","0.3691498992072736","0.3691498992072736","0.3691498992072736","849","849","849","0.21976140351573828","0.21976140351573828","0.21976140351573828","1409","1409","1409","0.06355304594985928","0.06355304594985928","0.06355304594985928","833","833","833","0.4632810299905536","0.4632810299905536","0.4632810299905536","273","273","273","0.40598556362479993","0.40598556362479993","0.40598556362479993","849","849","849","0.10541803503367962","0.10541803503367962","0.10541803503367962","833","833","833","0.2450892173382554","0.2450892173382554","0.2450892173382554","1409","1409","1409"
"16","0.07958909075114465","0.07958909075114465","0.07958909075114465","1497","1497","1497","0.43180690178825876","0.43180690178825876","0.43180690178825876","290","290","290","0.04362072615447167","0.04362072615447167","0.04362072615447167","885","885","885","0.20371086028009497","0.20371086028009497","0.20371086028009497","902","902","902","0.4061599555812644","0.4061599555812644","0.4061599555812644","902","902","902","0.03203333866613246","0.03203333866613246","0.03203333866613246","885","885","885","0.21472640970535414","0.21472640970535414","0.21472640970535414","1497","1497","1497","0.5642908926684126","0.5642908926684126","0.5642908926684126","290","290","290","0.15377427147090109","0.15377427147090109","0.15377427147090109","1497","1497","1497","0.41450153374376697","0.41450153374376697","0.41450153374376697","290","290","290","0.36985595871138915","0.36985595871138915","0.36985595871138915","902","902","902","0.04644253187584021","0.04644253187584021","0.04644253187584021","885","885","885","0.23670200366418015","0.23670200366418015","0.23670200366418015","1497","1497","1497","0.5297059868269617","0.5297059868269617","0.5297059868269617","290","290","290","0.4673355554902852","0.4673355554902852","0.4673355554902852","902","902","902","0.11112080499903468","0.11112080499903468","0.11112080499903468","885","885","885","","","","","","","0.5963266969100649","0.5963266969100649","0.5963266969100649","528","528","528","","","","","","","","","","","","","0.485634382151673","0.485634382151673","0.485634382151673","290","290","290","0.3574389374711186","0.3574389374711186","0.3574389374711186","902","902","902","0.2199635077295305","0.2199635077295305","0.2199635077295305","1497","1497","1497","0.06611908252561112","0.06611908252561112","0.06611908252561112","885","885","885","0.5275406641354909","0.5275406641354909","0.5275406641354909","290","290","290","0.42555550641678674","0.42555550641678674","0.42555550641678674","902","902","902","0.11059390307815997","0.11059390307815997","0.11059390307815997","885","885","885","0.24466078833459023","0.24466078833459023","0.24466078833459023","1497","1497","1497"
"17","0.0767394907828015","0.0767394907828015","0.0767394907828015","1585","1585","1585","0.40107022678676435","0.40107022678676435","0.40107022678676435","307","307","307","0.04343079819320673","0.04343079819320673","0.04343079819320673","937","937","937","0.22638857847324334","0.22638857847324334","0.22638857847324334","955","955","955","0.453423209834711","0.453423209834711","0.453423209834711","955","955","955","0.03626716383729258","0.03626716383729258","0.03626716383729258","937","937","937","0.21840199490574708","0.21840199490574708","0.21840199490574708","1585","1585","1585","0.4975453571913223","0.4975453571913223","0.4975453571913223","307","307","307","0.13488716798156777","0.13488716798156777","0.13488716798156777","1585","1585","1585","0.43372941602246307","0.43372941602246307","0.43372941602246307","307","307","307","0.37734460216769866","0.37734460216769866","0.37734460216769866","955","955","955","0.05508234854581933","0.05508234854581933","0.05508234854581933","937","937","937","0.19267896390529746","0.19267896390529746","0.19267896390529746","1585","1585","1585","0.5084860108093595","0.5084860108093595","0.5084860108093595","307","307","307","0.4589769046940515","0.4589769046940515","0.4589769046940515","955","955","955","0.12451130844587453","0.12451130844587453","0.12451130844587453","937","937","937","","","","","","","0.5910133967742992","0.5910133967742992","0.5910133967742992","559","559","559","","","","","","","","","","","","","0.4608487501098472","0.4608487501098472","0.4608487501098472","307","307","307","0.35830315986191574","0.35830315986191574","0.35830315986191574","955","955","955","0.2171523112352118","0.2171523112352118","0.2171523112352118","1585","1585","1585","0.06936758573674912","0.06936758573674912","0.06936758573674912","937","937","937","0.5409607981905662","0.5409607981905662","0.5409607981905662","307","307","307","0.4364749706414849","0.4364749706414849","0.4364749706414849","955","955","955","0.11982318953693365","0.11982318953693365","0.11982318953693365","937","937","937","0.2303353064664258","0.2303353064664258","0.2303353064664258","1585","1585","1585"
"18","0.07393417966922952","0.07393417966922952","0.07393417966922952","1673","1673","1673","0.407388629110486","0.407388629110486","0.407388629110486","324","324","324","0.03915780568311786","0.03915780568311786","0.03915780568311786","989","989","989","0.2841646179345285","0.2841646179345285","0.2841646179345285","1008","1008","1008","0.46290859576611676","0.46290859576611676","0.46290859576611676","1008","1008","1008","0.05977077471780225","0.05977077471780225","0.05977077471780225","989","989","989","0.225668540852994","0.225668540852994","0.225668540852994","1673","1673","1673","0.5093473208442588","0.5093473208442588","0.5093473208442588","324","324","324","0.14583093667484517","0.14583093667484517","0.14583093667484517","1673","1673","1673","0.42052455680531253","0.42052455680531253","0.42052455680531253","324","324","324","0.38693934256995244","0.38693934256995244","0.38693934256995244","1008","1008","1008","0.04347560851993161","0.04347560851993161","0.04347560851993161","989","989","989","0.22414018780256476","0.22414018780256476","0.22414018780256476","1673","1673","1673","0.5075232118373936","0.5075232118373936","0.5075232118373936","324","324","324","0.49112203995205567","0.49112203995205567","0.49112203995205567","1008","1008","1008","0.11797895782039558","0.11797895782039558","0.11797895782039558","989","989","989","","","","","","","0.6099798743377951","0.6099798743377951","0.6099798743377951","590","590","590","","","","","","","","","","","","","0.4630618640530917","0.4630618640530917","0.4630618640530917","324","324","324","0.3818425454804092","0.3818425454804092","0.3818425454804092","1008","1008","1008","0.20959413069433058","0.20959413069433058","0.20959413069433058","1673","1673","1673","0.07462912808426729","0.07462912808426729","0.07462912808426729","989","989","989","0.5143247613903651","0.5143247613903651","0.5143247613903651","324","324","324","0.40992132536961223","0.40992132536961223","0.40992132536961223","1008","1008","1008","0.10347813587075315","0.10347813587075315","0.10347813587075315","989","989","989","0.24587679983043864","0.24587679983043864","0.24587679983043864","1673","1673","1673"
"19","0.0780434304999658","0.0780434304999658","0.0780434304999658","1761","1761","1761","0.4372604627117411","0.4372604627117411","0.4372604627117411","341","341","341","0.03631541884673266","0.03631541884673266","0.03631541884673266","1041","1041","1041","0.3044611777197244","0.3044611777197244","0.3044611777197244","1061","1061","1061","0.4522701161684185","0.4522701161684185","0.4522701161684185","1061","1061","1061","0.06324944973661023","0.06324944973661023","0.06324944973661023","1041","1041","1041","0.207179643828748","0.207179643828748","0.207179643828748","1761","1761","1761","0.5527116561152442","0.5527116561152442","0.5527116561152442","341","341","341","0.1494770764384729","0.1494770764384729","0.1494770764384729","1761","1761","1761","0.43264026650053156","0.43264026650053156","0.43264026650053156","341","341","341","0.3830170163585549","0.3830170163585549","0.3830170163585549","1061","1061","1061","0.05433963146184105","0.05433963146184105","0.05433963146184105","1041","1041","1041","0.25145033535447336","0.25145033535447336","0.25145033535447336","1761","1761","1761","0.5249270094601242","0.5249270094601242","0.5249270094601242","341","341","341","0.43276808538372896","0.43276808538372896","0.43276808538372896","1061","1061","1061","0.12158238593915238","0.12158238593915238","0.12158238593915238","1041","1041","1041","","","","","","","0.6072066643720013","0.6072066643720013","0.6072066643720013","621","621","621","","","","","","","","","","","","","0.468126881490423","0.468126881490423","0.468126881490423","341","341","341","0.3766122388548876","0.3766122388548876","0.3766122388548876","1061","1061","1061","0.19667669387446865","0.19667669387446865","0.19667669387446865","1761","1761","1761","0.08967687759854481","0.08967687759854481","0.08967687759854481","1041","1041","1041","0.5304208627445398","0.5304208627445398","0.5304208627445398","341","341","341","0.4453776206007828","0.4453776206007828","0.4453776206007828","1061","1061","1061","0.11649686549644829","0.11649686549644829","0.11649686549644829","1041","1041","1041","0.26342803866962905","0.26342803866962905","0.26342803866962905","1761","1761","1761"
"20","0.07768364754394998","0.07768364754394998","0.07768364754394998","1849","1849","1849","0.4480965162393321","0.4480965162393321","0.4480965162393321","358","358","358","0.034141934081319075","0.034141934081319075","0.034141934081319075","1093","1093","1093","0.22308198122759648","0.22308198122759648","0.22308198122759648","1114","1114","1114","0.3781071963679104","0.3781071963679104","0.3781071963679104","1114","1114","1114","0.05233043751705279","0.05233043751705279","0.05233043751705279","1093","1093","1093","0.19819269389493516","0.19819269389493516","0.19819269389493516","1849","1849","1849","0.5433758219098592","0.5433758219098592","0.5433758219098592","358","358","358","0.1491821853482877","0.1491821853482877","0.1491821853482877","1849","1849","1849","0.4178881909525798","0.4178881909525798","0.4178881909525798","358","358","358","0.3193622235899576","0.3193622235899576","0.3193622235899576","1114","1114","1114","0.04191018503726523","0.04191018503726523","0.04191018503726523","1093","1093","1093","0.22294520692100878","0.22294520692100878","0.22294520692100878","1849","1849","1849","0.5087413087702536","0.5087413087702536","0.5087413087702536","358","358","358","0.45420957707354814","0.45420957707354814","0.45420957707354814","1114","1114","1114","0.11725028134198702","0.11725028134198702","0.11725028134198702","1093","1093","1093","","","","","","","0.6063752409996724","0.6063752409996724","0.6063752409996724","652","652","652","","","","","","","","","","","","","0.47154377759967103","0.47154377759967103","0.47154377759967103","358","358","358","0.38681883406413653","0.38681883406413653","0.38681883406413653","1114","1114","1114","0.20830158515338937","0.20830158515338937","0.20830158515338937","1849","1849","1849","0.0649408758063538","0.0649408758063538","0.0649408758063538","1093","1093","1093","0.5283211475975721","0.5283211475975721","0.5283211475975721","358","358","358","0.4153347099084592","0.4153347099084592","0.4153347099084592","1114","1114","1114","0.11665078994453285","0.11665078994453285","0.11665078994453285","1093","1093","1093","0.2594803511063863","0.2594803511063863","0.2594803511063863","1849","1849","1849"
"21","0.08140136212296539","0.08140136212296539","0.08140136212296539","1937","1937","1937","0.4596017715596663","0.4596017715596663","0.4596017715596663","375","375","375","0.03901308893167993","0.03901308893167993","0.03901308893167993","1145","1145","1145","0.24255813777260113","0.24255813777260113","0.24255813777260113","1167","1167","1167","0.49129096881769013","0.49129096881769013","0.49129096881769013","1167","1167","1167","0.05167812467532589","0.05167812467532589","0.05167812467532589","1145","1145","1145","0.19780064627220767","0.19780064627220767","0.19780064627220767","1937","1937","1937","0.5712061077390875","0.5712061077390875","0.5712061077390875","375","375","375","0.13749989573818325","0.13749989573818325","0.13749989573818325","1937","1937","1937","0.44342232329244285","0.44342232329244285","0.44342232329244285","375","375","375","0.4033080911973219","0.4033080911973219","0.4033080911973219","1167","1167","1167","0.04224696998290538","0.04224696998290538","0.04224696998290538","1145","1145","1145","0.24173106975621936","0.24173106975621936","0.24173106975621936","1937","1937","1937","0.514566604043657","0.514566604043657","0.514566604043657","375","375","375","0.4513069718869427","0.4513069718869427","0.4513069718869427","1167","1167","1167","0.11840553083585274","0.11840553083585274","0.11840553083585274","1145","1145","1145","","","","","","","0.6001648491183079","0.6001648491183079","0.6001648491183079","683","683","683","","","","","","","","","","","","","0.4851092701586039","0.4851092701586039","0.4851092701586039","375","375","375","0.36173229431346765","0.36173229431346765","0.36173229431346765","1167","1167","1167","0.2224802516703585","0.2224802516703585","0.2224802516703585","1937","1937","1937","0.07799837067170588","0.07799837067170588","0.07799837067170588","1145","1145","1145","0.49253713361668616","0.49253713361668616","0.49253713361668616","375","375","375","0.4119405428947","0.4119405428947","0.4119405428947","1167","1167","1167","0.11467352453269997","0.11467352453269997","0.11467352453269997","1145","1145","1145","0.26434081859202924","0.26434081859202924","0.26434081859202924","1937","1937","1937"
"22","0.07347466025356623","0.07347466025356623","0.07347466025356623","2025","2025","2025","0.478547999421803","0.478547999421803","0.478547999421803","392","392","392","0.035624742371567986","0.035624742371567986","0.035624742371567986","1197","1197","1197","0.31474881268861254","0.31474881268861254","0.31474881268861254","1220","1220","1220","0.35040976575871985","0.35040976575871985","0.35040976575871985","1220","1220","1220","0.05529675286715591","0.05529675286715591","0.05529675286715591","1197","1197","1197","0.19900022874578413","0.19900022874578413","0.19900022874578413","2025","2025","2025","0.5816808241023518","0.5816808241023518","0.5816808241023518","392","392","392","0.15476195268947762","0.15476195268947762","0.15476195268947762","2025","2025","2025","0.4333840474846903","0.4333840474846903","0.4333840474846903","392","392","392","0.40389411180496254","0.40389411180496254","0.40389411180496254","1220","1220","1220","0.04722054576237297","0.04722054576237297","0.04722054576237297","1197","1197","1197","0.2272539969238696","0.2272539969238696","0.2272539969238696","2025","2025","2025","0.5221529097850535","0.5221529097850535","0.5221529097850535","392","392","392","0.4660583112395807","0.4660583112395807","0.4660583112395807","1220","1220","1220","0.1130141492221954","0.1130141492221954","0.1130141492221954","1197","1197","1197","","","","","","","0.5898918469456873","0.5898918469456873","0.5898918469456873","714","714","714","","","","","","","","","","","","","0.47467390535102616","0.47467390535102616","0.47467390535102616","392","392","392","0.37337291278739304","0.37337291278739304","0.37337291278739304","1220","1220","1220","0.215826084782001","0.215826084782001","0.215826084782001","2025","2025","2025","0.05028054134447829","0.05028054134447829","0.05028054134447829","1197","1197","1197","0.530331429686272","0.530331429686272","0.530331429686272","392","392","392","0.46188604639790964","0.46188604639790964","0.46188604639790964","1220","1220","1220","0.11685331558315107","0.11685331558315107","0.11685331558315107","1197","1197","1197","0.2676004455551228","0.2676004455551228","0.2676004455551228","2025","2025","2025"
"23","0.07996464714404311","0.07996464714404311","0.07996464714404311","2113","2113","2113","0.385924903466136","0.385924903466136","0.385924903466136","409","409","409","0.03533314006746823","0.03533314006746823","0.03533314006746823","1249","1249","1249","0.2511171602253191","0.2511171602253191","0.2511171602253191","1273","1273","1273","0.46728941558184395","0.46728941558184395","0.46728941558184395","1273","1273","1273","0.058335172577277696","0.058335172577277696","0.058335172577277696","1249","1249","1249","0.22850800536428736","0.22850800536428736","0.22850800536428736","2113","2113","2113","0.6000269838051239","0.6000269838051239","0.6000269838051239","409","409","409","0.1463681577501405","0.1463681577501405","0.1463681577501405","2113","2113","2113","0.45046254466062846","0.45046254466062846","0.45046254466062846","409","409","409","0.3948272389225902","0.3948272389225902","0.3948272389225902","1273","1273","1273","0.04797116439377005","0.04797116439377005","0.04797116439377005","1249","1249","1249","0.2306917572909978","0.2306917572909978","0.2306917572909978","2113","2113","2113","0.5018159799464903","0.5018159799464903","0.5018159799464903","409","409","409","0.469622980874168","0.469622980874168","0.469622980874168","1273","1273","1273","0.11381858239586193","0.11381858239586193","0.11381858239586193","1249","1249","1249","","","","","","","0.5929278029611506","0.5929278029611506","0.5929278029611506","745","745","745","","","","","","","","","","","","","0.4716473370112456","0.4716473370112456","0.4716473370112456","409","409","409","0.3609211900722512","0.3609211900722512","0.3609211900722512","1273","1273","1273","0.22366432594586863","0.22366432594586863","0.22366432594586863","2113","2113","2113","0.058149832350674224","0.058149832350674224","0.058149832350674224","1249","1249","1249","0.531341003020791","0.531341003020791","0.531341003020791","409","409","409","0.4625600297439359","0.4625600297439359","0.4625600297439359","1273","1273","1273","0.1146810887338308","0.1146810887338308","0.1146810887338308","1249","1249","1249","0.21366765872261445","0.21366765872261445","0.21366765872261445","2113","2113","2113"
"24","0.08381742148286765","0.08381742148286765","0.08381742148286765","2201","2201","2201","0.41210427683887846","0.41210427683887846","0.41210427683887846","426","426","426","0.03858599247637387","0.03858599247637387","0.03858599247637387","1301","1301","1301","0.3388986837398931","0.3388986837398931","0.3388986837398931","1326","1326","1326","0.41354113304880047","0.41354113304880047","0.41354113304880047","1326","1326","1326","0.040155348883522374","0.040155348883522374","0.040155348883522374","1301","1301","1301","0.1801268641921664","0.1801268641921664","0.1801268641921664","2201","2201","2201","0.46732302106232393","0.46732302106232393","0.46732302106232393","426","426","426","0.15629017077014198","0.15629017077014198","0.15629017077014198","2201","2201","2201","0.439591212111262","0.439591212111262","0.439591212111262","426","426","426","0.3825361577476664","0.3825361577476664","0.3825361577476664","1326","1326","1326","0.05734557036476032","0.05734557036476032","0.05734557036476032","1301","1301","1301","0.2142576934706661","0.2142576934706661","0.2142576934706661","2201","2201","2201","0.5449042297387741","0.5449042297387741","0.5449042297387741","426","426","426","0.4685941380809804","0.4685941380809804","0.4685941380809804","1326","1326","1326","0.1258417332126086","0.1258417332126086","0.1258417332126086","1301","1301","1301","","","","","","","0.5775993219710835","0.5775993219710835","0.5775993219710835","776","776","776","","","","","","","","","","","","","0.44946573126465184","0.44946573126465184","0.44946573126465184","426","426","426","0.3586992602450916","0.3586992602450916","0.3586992602450916","1326","1326","1326","0.19494892212070825","0.19494892212070825","0.19494892212070825","2201","2201","2201","0.05352978637976354","0.05352978637976354","0.05352978637976354","1301","1301","1301","0.5210168888292033","0.5210168888292033","0.5210168888292033","426","426","426","0.42508862832957084","0.42508862832957084","0.42508862832957084","1326","1326","1326","0.11729802242721453","0.11729802242721453","0.11729802242721453","1301","1301","1301","0.250026725032386","0.250026725032386","0.250026725032386","2201","2201","2201"
"25","0.08471767097732896","0.08471767097732896","0.08471767097732896","2289","2289","2289","0.4384234307314192","0.4384234307314192","0.4384234307314192","443","443","443","0.03568227629644872","0.03568227629644872","0.03568227629644872","1353","1353","1353","0.34732263103115346","0.34732263103115346","0.34732263103115346","1379","1379","1379","0.4659183344582686","0.4659183344582686","0.4659183344582686","1379","1379","1379","0.038441026274839626","0.038441026274839626","0.038441026274839626","1353","1353","1353","0.21169767127609648","0.21169767127609648","0.21169767127609648","2289","2289","2289","0.5421389943612707","0.5421389943612707","0.5421389943612707","443","443","443","0.1296930439751475","0.1296930439751475","0.1296930439751475","2289","2289","2289","0.4665318447463833","0.4665318447463833","0.4665318447463833","443","443","443","0.3878124358017467","0.3878124358017467","0.3878124358017467","1379","1379","1379","0.05428122161015488","0.05428122161015488","0.05428122161015488","1353","1353","1353","0.20659050685064995","0.20659050685064995","0.20659050685064995","2289","2289","2289","0.5268135535132773","0.5268135535132773","0.5268135535132773","443","443","443","0.4568721909575496","0.4568721909575496","0.4568721909575496","1379","1379","1379","0.11415936449402955","0.11415936449402955","0.11415936449402955","1353","1353","1353","","","","","","","0.5618977447507431","0.5618977447507431","0.5618977447507431","807","807","807","","","","","","","","","","","","","0.4740634212321273","0.4740634212321273","0.4740634212321273","443","443","443","","","","","","","0.1956720415355948","0.1956720415355948","0.1956720415355948","2289","2289","2289","0.0477396076475267","0.0477396076475267","0.0477396076475267","1353","1353","1353","0.5354789126210691","0.5354789126210691","0.5354789126210691","443","443","443","0.42611863739234895","0.42611863739234895","0.42611863739234895","1379","1379","1379","0.11737259457652179","0.11737259457652179","0.11737259457652179","1353","1353","1353","0.2489423433451349","0.2489423433451349","0.2489423433451349","2289","2289","2289"
"26","0.07666169375541038","0.07666169375541038","0.07666169375541038","2377","2377","2377","0.462541132961666","0.462541132961666","0.462541132961666","460","460","460","0.03954034831291463","0.03954034831291463","0.03954034831291463","1405","1405","1405","0.33619215827520205","0.33619215827520205","0.33619215827520205","1432","1432","1432","0.4698068344857673","0.4698068344857673","0.4698068344857673","1432","1432","1432","0.03975349534203477","0.03975349534203477","0.03975349534203477","1405","1405","1405","0.2085299886546757","0.2085299886546757","0.2085299886546757","2377","2377","2377","0.5731227069387173","0.5731227069387173","0.5731227069387173","460","460","460","0.14568763260165213","0.14568763260165213","0.14568763260165213","2377","2377","2377","0.4467857947289656","0.4467857947289656","0.4467857947289656","460","460","460","0.3769541515636265","0.3769541515636265","0.3769541515636265","1432","1432","1432","0.06731697585114657","0.06731697585114657","0.06731697585114657","1405","1405","1405","0.22191307862825824","0.22191307862825824","0.22191307862825824","2377","2377","2377","0.5273949099017047","0.5273949099017047","0.5273949099017047","460","460","460","0.4497610042353009","0.4497610042353009","0.4497610042353009","1432","1432","1432","0.11097157577738762","0.11097157577738762","0.11097157577738762","1405","1405","1405","","","","","","","0.5662198553554179","0.5662198553554179","0.5662198553554179","838","838","838","","","","","","","","","","","","","0.4794734709684199","0.4794734709684199","0.4794734709684199","460","460","460","","","","","","","0.21934679609595772","0.21934679609595772","0.21934679609595772","2377","2377","2377","0.05705876165364541","0.05705876165364541","0.05705876165364541","1405","1405","1405","0.5424049737641768","0.5424049737641768","0.5424049737641768","460","460","460","0.43140900087357","0.43140900087357","0.43140900087357","1432","1432","1432","0.10300235043163188","0.10300235043163188","0.10300235043163188","1405","1405","1405","0.2422023414445084","0.2422023414445084","0.2422023414445084","2377","2377","2377"
"27","0.08329135214203823","0.08329135214203823","0.08329135214203823","2465","2465","2465","0.46938982589059347","0.46938982589059347","0.46938982589059347","477","477","477","0.03529393791530774","0.03529393791530774","0.03529393791530774","1457","1457","1457","0.2832834139235998","0.2832834139235998","0.2832834139235998","1485","1485","1485","0.5229650993484245","0.5229650993484245","0.5229650993484245","1485","1485","1485","0.044777432228509044","0.044777432228509044","0.044777432228509044","1457","1457","1457","0.19285899366941206","0.19285899366941206","0.19285899366941206","2465","2465","2465","0.5637046209361323","0.5637046209361323","0.5637046209361323","477","477","477","0.11469142031896519","0.11469142031896519","0.11469142031896519","2465","2465","2465","0.46164169065023036","0.46164169065023036","0.46164169065023036","477","477","477","0.3835653079240958","0.3835653079240958","0.3835653079240958","1485","1485","1485","0.049549610949575794","0.049549610949575794","0.049549610949575794","1457","1457","1457","0.1899884069380432","0.1899884069380432","0.1899884069380432","2465","2465","2465","0.5300766690555497","0.5300766690555497","0.5300766690555497","477","477","477","0.4287972751024967","0.4287972751024967","0.4287972751024967","1485","1485","1485","0.1244109267009815","0.1244109267009815","0.1244109267009815","1457","1457","1457","","","","","","","0.5667064188155596","0.5667064188155596","0.5667064188155596","869","869","869","","","","","","","","","","","","","0.47516907792001367","0.47516907792001367","0.47516907792001367","477","477","477","","","","","","","0.22059648574685775","0.22059648574685775","0.22059648574685775","2465","2465","2465","0.05058731775809371","0.05058731775809371","0.05058731775809371","1457","1457","1457","0.5447226192549718","0.5447226192549718","0.5447226192549718","477","477","477","0.4102415857906629","0.4102415857906629","0.4102415857906629","1485","1485","1485","0.11672690527327717","0.11672690527327717","0.11672690527327717","1457","1457","1457","0.2555624246632402","0.2555624246632402","0.2555624246632402","2465","2465","2465"
"28","0.0791548158104718","0.0791548158104718","0.0791548158104718","2553","2553","2553","0.46909698595544597","0.46909698595544597","0.46909698595544597","494","494","494","0.03476514898496984","0.03476514898496984","0.03476514898496984","1509","1509","1509","0.32412737617287335","0.32412737617287335","0.32412737617287335","1538","1538","1538","0.49182610132579013","0.49182610132579013","0.49182610132579013","1538","1538","1538","0.0545076211746733","0.0545076211746733","0.0545076211746733","1509","1509","1509","0.19649357409297513","0.19649357409297513","0.19649357409297513","2553","2553","2553","0.592591222187643","0.592591222187643","0.592591222187643","494","494","494","0.1289949126541805","0.1289949126541805","0.1289949126541805","2553","2553","2553","0.44843213133203447","0.44843213133203447","0.44843213133203447","494","494","494","0.3872706924704068","0.3872706924704068","0.3872706924704068","1538","1538","1538","0.06431610890395417","0.06431610890395417","0.06431610890395417","1509","1509","1509","0.22753093982214553","0.22753093982214553","0.22753093982214553","2553","2553","2553","0.47106278268499613","0.47106278268499613","0.47106278268499613","494","494","494","0.45820554119587914","0.45820554119587914","0.45820554119587914","1538","1538","1538","0.12173939643657021","0.12173939643657021","0.12173939643657021","1509","1509","1509","","","","","","","0.5760467963763046","0.5760467963763046","0.5760467963763046","900","900","900","","","","","","","","","","","","","0.49254526872595256","0.49254526872595256","0.49254526872595256","494","494","494","","","","","","","0.22789917331901152","0.22789917331901152","0.22789917331901152","2553","2553","2553","0.05203220070925993","0.05203220070925993","0.05203220070925993","1509","1509","1509","0.5207249488615485","0.5207249488615485","0.5207249488615485","494","494","494","0.4029563996176968","0.4029563996176968","0.4029563996176968","1538","1538","1538","0.1252587279488318","0.1252587279488318","0.1252587279488318","1509","1509","1509","0.23991933020040573","0.23991933020040573","0.23991933020040573","2553","2553","2553"
"29","0.07618981235546503","0.07618981235546503","0.07618981235546503","2641","2641","2641","0.4293231015379342","0.4293231015379342","0.4293231015379342","511","511","511","0.034455092327618356","0.034455092327618356","0.034455092327618356","1561","1561","1561","0.31754522287858017","0.31754522287858017","0.31754522287858017","1591","1591","1591","0.45148110052709967","0.45148110052709967","0.45148110052709967","1591","1591","1591","0.05404804181278791","0.05404804181278791","0.05404804181278791","1561","1561","1561","0.1979686834919318","0.1979686834919318","0.1979686834919318","2641","2641","2641","0.5827151982954446","0.5827151982954446","0.5827151982954446","511","511","511","0.13056237544358734","0.13056237544358734","0.13056237544358734","2641","2641","2641","0.46521447946971234","0.46521447946971234","0.46521447946971234","511","511","511","0.4288732849194523","0.4288732849194523","0.4288732849194523","1591","1591","1591","0.07172929039219607","0.07172929039219607","0.07172929039219607","1561","1561","1561","0.19772026493790354","0.19772026493790354","0.19772026493790354","2641","2641","2641","0.4503585369714866","0.4503585369714866","0.4503585369714866","511","511","511","0.4625661257271502","0.4625661257271502","0.4625661257271502","1591","1591","1591","0.12088084353254432","0.12088084353254432","0.12088084353254432","1561","1561","1561","","","","","","","0.582616564077481","0.582616564077481","0.582616564077481","931","931","931","","","","","","","","","","","","","0.4939426555184257","0.4939426555184257","0.4939426555184257","511","511","511","","","","","","","0.21718527107195146","0.21718527107195146","0.21718527107195146","2641","2641","2641","0.06470766574460637","0.06470766574460637","0.06470766574460637","1561","1561","1561","0.54147908463987","0.54147908463987","0.54147908463987","511","511","511","0.40166473844186534","0.40166473844186534","0.40166473844186534","1591","1591","1591","0.12235091430396478","0.12235091430396478","0.12235091430396478","1561","1561","1561","0.22957947426988876","0.22957947426988876","0.22957947426988876","2641","2641","2641"
"30","0.09193887818329255","0.09193887818329255","0.09193887818329255","2729","2729","2729","0.4705112088706097","0.4705112088706097","0.4705112088706097","528","528","528","0.03492836328024922","0.03492836328024922","0.03492836328024922","1613","1613","1613","0.32440137250425155","0.32440137250425155","0.32440137250425155","1644","1644","1644","0.4604546971836882","0.4604546971836882","0.4604546971836882","1644","1644","1644","0.053666618120016205","0.053666618120016205","0.053666618120016205","1613","1613","1613","0.1926062437583424","0.1926062437583424","0.1926062437583424","2729","2729","2729","0.607673108917889","0.607673108917889","0.607673108917889","528","528","528","0.13567830792204527","0.13567830792204527","0.13567830792204527","2729","2729","2729","0.46552146463353156","0.46552146463353156","0.46552146463353156","528","528","528","0.42215835691202047","0.42215835691202047","0.42215835691202047","1644","1644","1644","0.06414562263364233","0.06414562263364233","0.06414562263364233","1613","1613","1613","","","","","","","0.47328181224548194","0.47328181224548194","0.47328181224548194","528","528","528","","","","","","","0.12497677097763957","0.12497677097763957","0.12497677097763957","1613","1613","1613","","","","","","","0.5771783603309899","0.5771783603309899","0.5771783603309899","962","962","962","","","","","","","","","","","","","0.48985913346311","0.48985913346311","0.48985913346311","528","528","528","","","","","","","0.22402579786534968","0.22402579786534968","0.22402579786534968","2729","2729","2729","0.0458699681755163","0.0458699681755163","0.0458699681755163","1613","1613","1613","0.5561483254782799","0.5561483254782799","0.5561483254782799","528","528","528","","","","","","","0.11798603493153907","0.11798603493153907","0.11798603493153907","1613","1613","1613","","","","","",""
"31","0.08639287453474714","0.08639287453474714","0.08639287453474714","2817","2817","2817","0.49673193398202187","0.49673193398202187","0.49673193398202187","545","545","545","0.03603995241617625","0.03603995241617625","0.03603995241617625","1665","1665","1665","0.29328679332165836","0.29328679332165836","0.29328679332165836","1697","1697","1697","0.469549602041575","0.469549602041575","0.469549602041575","1697","1697","1697","0.052353101909355104","0.052353101909355104","0.052353101909355104","1665","1665","1665","0.20780600507036995","0.20780600507036995","0.20780600507036995","2817","2817","2817","0.603762943299898","0.603762943299898","0.603762943299898","545","545","545","0.16498322361659018","0.16498322361659018","0.16498322361659018","2817","2817","2817","0.4284718064337245","0.4284718064337245","0.4284718064337245","545","545","545","0.3643150611972398","0.3643150611972398","0.3643150611972398","1697","1697","1697","0.06365484433583465","0.06365484433583465","0.06365484433583465","1665","1665","1665","","","","","","","0.47900530118693574","0.47900530118693574","0.47900530118693574","545","545","545","","","","","","","0.12365813818198719","0.12365813818198719","0.12365813818198719","1665","1665","1665","","","","","","","0.5795836991082408","0.5795836991082408","0.5795836991082408","993","993","993","","","","","","","","","","","","","0.49644819900543613","0.49644819900543613","0.49644819900543613","545","545","545","","","","","","","0.22458165084327725","0.22458165084327725","0.22458165084327725","2817","2817","2817","0.04835690357495228","0.04835690357495228","0.04835690357495228","1665","1665","1665","0.5371384549007481","0.5371384549007481","0.5371384549007481","545","545","545","","","","","","","0.11694849888755017","0.11694849888755017","0.11694849888755017","1665","1665","1665","","","","","",""
"32","0.08408151369079135","0.08408151369079135","0.08408151369079135","2905","2905","2905","0.4555041701745087","0.4555041701745087","0.4555041701745087","562","562","562","0.038816969894547027","0.038816969894547027","0.038816969894547027","1717","1717","1717","0.3242374178208869","0.3242374178208869","0.3242374178208869","1750","1750","1750","0.4047810610313559","0.4047810610313559","0.4047810610313559","1750","1750","1750","0.05022249234465165","0.05022249234465165","0.05022249234465165","1717","1717","1717","0.22960742146800142","0.22960742146800142","0.22960742146800142","2905","2905","2905","0.5713705772082153","0.5713705772082153","0.5713705772082153","562","562","562","0.15373947658630752","0.15373947658630752","0.15373947658630752","2905","2905","2905","0.49174692475699033","0.49174692475699033","0.49174692475699033","562","562","562","0.3975749163775975","0.3975749163775975","0.3975749163775975","1750","1750","1750","0.0566600870950805","0.0566600870950805","0.0566600870950805","1717","1717","1717","","","","","","","0.5102337316448792","0.5102337316448792","0.5102337316448792","562","562","562","","","","","","","0.1298444137258419","0.1298444137258419","0.1298444137258419","1717","1717","1717","","","","","","","0.5820592421097573","0.5820592421097573","0.5820592421097573","1024","1024","1024","","","","","","","","","","","","","0.4901515836231437","0.4901515836231437","0.4901515836231437","562","562","562","","","","","","","0.22128947888025477","0.22128947888025477","0.22128947888025477","2905","2905","2905","0.05132772730976853","0.05132772730976853","0.05132772730976853","1717","1717","1717","0.540488040849812","0.540488040849812","0.540488040849812","562","562","562","","","","","","","0.11767325755686646","0.11767325755686646","0.11767325755686646","1717","1717","1717","","","","","",""
"33","0.0830046475617972","0.0830046475617972","0.0830046475617972","2993","2993","2993","0.48894573508450057","0.48894573508450057","0.48894573508450057","579","579","579","0.05035561903148194","0.05035561903148194","0.05035561903148194","1769","1769","1769","0.2876491500625025","0.2876491500625025","0.2876491500625025","1803","1803","1803","0.47128531605229973","0.47128531605229973","0.47128531605229973","1803","1803","1803","0.04052016066940386","0.04052016066940386","0.04052016066940386","1769","1769","1769","0.2189219808555807","0.2189219808555807","0.2189219808555807","2993","2993","2993","0.5746515467151176","0.5746515467151176","0.5746515467151176","579","579","579","0.1480132507463636","0.1480132507463636","0.1480132507463636","2993","2993","2993","0.4766271108797165","0.4766271108797165","0.4766271108797165","579","579","579","0.41491908463892824","0.41491908463892824","0.41491908463892824","1803","1803","1803","0.05185574697450701","0.05185574697450701","0.05185574697450701","1769","1769","1769","","","","","","","0.4860038580165399","0.4860038580165399","0.4860038580165399","579","579","579","","","","","","","0.12162393040405761","0.12162393040405761","0.12162393040405761","1769","1769","1769","","","","","","","0.5765924908801644","0.5765924908801644","0.5765924908801644","1055","1055","1055","","","","","","","","","","","","","0.4868885211153277","0.4868885211153277","0.4868885211153277","579","579","579","","","","","","","0.19645238168105147","0.19645238168105147","0.19645238168105147","2993","2993","2993","0.04326460920614866","0.04326460920614866","0.04326460920614866","1769","1769","1769","0.5358958614654471","0.5358958614654471","0.5358958614654471","579","579","579","","","","","","","0.11874804386202387","0.11874804386202387","0.11874804386202387","1769","1769","1769","","","","","",""
"34","0.08956726095455095","0.08956726095455095","0.08956726095455095","3081","3081","3081","0.45930763104454453","0.45930763104454453","0.45930763104454453","596","596","596","0.040647990353932587","0.040647990353932587","0.040647990353932587","1821","1821","1821","0.30821803685540183","0.30821803685540183","0.30821803685540183","1856","1856","1856","0.48096453262299554","0.48096453262299554","0.48096453262299554","1856","1856","1856","0.04249129701686469","0.04249129701686469","0.04249129701686469","1821","1821","1821","0.21020972348286449","0.21020972348286449","0.21020972348286449","3081","3081","3081","0.5770648291444394","0.5770648291444394","0.5770648291444394","596","596","596","0.15613779359103405","0.15613779359103405","0.15613779359103405","3081","3081","3081","0.4687984395183383","0.4687984395183383","0.4687984395183383","596","596","596","0.3898634472053084","0.3898634472053084","0.3898634472053084","1856","1856","1856","0.05757081148820897","0.05757081148820897","0.05757081148820897","1821","1821","1821","","","","","","","0.49977273749773776","0.49977273749773776","0.49977273749773776","596","596","596","","","","","","","0.1224271952211452","0.1224271952211452","0.1224271952211452","1821","1821","1821","","","","","","","0.5787777057536055","0.5787777057536055","0.5787777057536055","1086","1086","1086","","","","","","","","","","","","","0.46840927621426864","0.46840927621426864","0.46840927621426864","596","596","596","","","","","","","0.22392979201377206","0.22392979201377206","0.22392979201377206","3081","3081","3081","0.043587028228144156","0.043587028228144156","0.043587028228144156","1821","1821","1821","0.5582635927168978","0.5582635927168978","0.5582635927168978","596","596","596","","","","","","","0.1237206014633601","0.1237206014633601","0.1237206014633601","1821","1821","1821","","","","","",""
"35","0.08183820858744466","0.08183820858744466","0.08183820858744466","3169","3169","3169","0.46781959415712787","0.46781959415712787","0.46781959415712787","613","613","613","0.04354893864459713","0.04354893864459713","0.04354893864459713","1873","1873","1873","0.3087679711419784","0.3087679711419784","0.3087679711419784","1909","1909","1909","0.46017968723919495","0.46017968723919495","0.46017968723919495","1909","1909","1909","0.044033715680628874","0.044033715680628874","0.044033715680628874","1873","1873","1873","0.20390435146038643","0.20390435146038643","0.20390435146038643","3169","3169","3169","0.588478503597154","0.588478503597154","0.588478503597154","613","613","613","0.15254721661171144","0.15254721661171144","0.15254721661171144","3169","3169","3169","0.4942934134624535","0.4942934134624535","0.4942934134624535","613","613","613","0.3604120039793236","0.3604120039793236","0.3604120039793236","1909","1909","1909","0.058211822990401146","0.058211822990401146","0.058211822990401146","1873","1873","1873","","","","","","","0.522788993139261","0.522788993139261","0.522788993139261","613","613","613","","","","","","","0.12474167341063194","0.12474167341063194","0.12474167341063194","1873","1873","1873","","","","","","","0.578692614418363","0.578692614418363","0.578692614418363","1117","1117","1117","","","","","","","","","","","","","0.48793378771866835","0.48793378771866835","0.48793378771866835","613","613","613","","","","","","","0.20914256750163457","0.20914256750163457","0.20914256750163457","3169","3169","3169","0.05433202558244387","0.05433202558244387","0.05433202558244387","1873","1873","1873","0.5484949831891632","0.5484949831891632","0.5484949831891632","613","613","613","","","","","","","0.11381170563389845","0.11381170563389845","0.11381170563389845","1873","1873","1873","","","","","",""
"36","0.09110740012403858","0.09110740012403858","0.09110740012403858","3257","3257","3257","0.4622783675881125","0.4622783675881125","0.4622783675881125","630","630","630","0.033721229301898734","0.033721229301898734","0.033721229301898734","1925","1925","1925","0.32494351077123607","0.32494351077123607","0.32494351077123607","1962","1962","1962","0.49415794218396886","0.49415794218396886","0.49415794218396886","1962","1962","1962","0.04289876622918786","0.04289876622918786","0.04289876622918786","1925","1925","1925","0.23849354001705222","0.23849354001705222","0.23849354001705222","3257","3257","3257","0.602559126560995","0.602559126560995","0.602559126560995","630","630","630","0.14238593433435365","0.14238593433435365","0.14238593433435365","3257","3257","3257","0.504146330835595","0.504146330835595","0.504146330835595","630","630","630","0.41202659522288987","0.41202659522288987","0.41202659522288987","1962","1962","1962","0.05981053099296961","0.05981053099296961","0.05981053099296961","1925","1925","1925","","","","","","","0.5024331947621234","0.5024331947621234","0.5024331947621234","630","630","630","","","","","","","0.1340691535401053","0.1340691535401053","0.1340691535401053","1925","1925","1925","","","","","","","0.5342519001532195","0.5342519001532195","0.5342519001532195","1148","1148","1148","","","","","","","","","","","","","0.4887553561594552","0.4887553561594552","0.4887553561594552","630","630","630","","","","","","","0.2276719055013705","0.2276719055013705","0.2276719055013705","3257","3257","3257","0.05075098356754043","0.05075098356754043","0.05075098356754043","1925","1925","1925","0.5562494373967086","0.5562494373967086","0.5562494373967086","630","630","630","","","","","","","0.10591260108073859","0.10591260108073859","0.10591260108073859","1925","1925","1925","","","","","",""
"37","0.086125130813124","0.086125130813124","0.086125130813124","3345","3345","3345","0.48287889144474966","0.48287889144474966","0.48287889144474966","647","647","647","0.04785181999942183","0.04785181999942183","0.04785181999942183","1977","1977","1977","0.3468826500372355","0.3468826500372355","0.3468826500372355","2015","2015","2015","0.46338781010994984","0.46338781010994984","0.46338781010994984","2015","2015","2015","0.04743347520490174","0.04743347520490174","0.04743347520490174","1977","1977","1977","0.22563792101862204","0.22563792101862204","0.22563792101862204","3345","3345","3345","0.6065957865850883","0.6065957865850883","0.6065957865850883","647","647","647","0.1362952254251191","0.1362952254251191","0.1362952254251191","3345","3345","3345","0.49642712896855967","0.49642712896855967","0.49642712896855967","647","647","647","0.3623618377618602","0.3623618377618602","0.3623618377618602","2015","2015","2015","0.054695496763255406","0.054695496763255406","0.054695496763255406","1977","1977","1977","","","","","","","0.5138620750164149","0.5138620750164149","0.5138620750164149","647","647","647","","","","","","","0.12254698180654056","0.12254698180654056","0.12254698180654056","1977","1977","1977","","","","","","","","","","","","","","","","","","","","","","","","","0.48072498931595226","0.48072498931595226","0.48072498931595226","647","647","647","","","","","","","0.22096997179269579","0.22096997179269579","0.22096997179269579","3345","3345","3345","0.05471260505506324","0.05471260505506324","0.05471260505506324","1977","1977","1977","0.5446177347790488","0.5446177347790488","0.5446177347790488","647","647","647","","","","","","","0.11013005812131473","0.11013005812131473","0.11013005812131473","1977","1977","1977","","","","","",""
"38","0.08341558245861681","0.08341558245861681","0.08341558245861681","3433","3433","3433","0.42526018110433883","0.42526018110433883","0.42526018110433883","664","664","664","0.03617459155246589","0.03617459155246589","0.03617459155246589","2029","2029","2029","0.343314594315111","0.343314594315111","0.343314594315111","2068","2068","2068","0.46884798831125873","0.46884798831125873","0.46884798831125873","2068","2068","2068","0.051669236876030575","0.051669236876030575","0.051669236876030575","2029","2029","2029","0.2274817756562042","0.2274817756562042","0.2274817756562042","3433","3433","3433","0.6199325496032675","0.6199325496032675","0.6199325496032675","664","664","664","0.1476784346213949","0.1476784346213949","0.1476784346213949","3433","3433","3433","0.4627384710100789","0.4627384710100789","0.4627384710100789","664","664","664","0.3653567125804227","0.3653567125804227","0.3653567125804227","2068","2068","2068","0.04598715219510338","0.04598715219510338","0.04598715219510338","2029","2029","2029","","","","","","","0.4888348613109849","0.4888348613109849","0.4888348613109849","664","664","664","","","","","","","0.13485146469751785","0.13485146469751785","0.13485146469751785","2029","2029","2029","","","","","","","","","","","","","","","","","","","","","","","","","0.48268864240326503","0.48268864240326503","0.48268864240326503","664","664","664","","","","","","","0.22901092669823925","0.22901092669823925","0.22901092669823925","3433","3433","3433","0.06519364727230025","0.06519364727230025","0.06519364727230025","2029","2029","2029","0.543259772120322","0.543259772120322","0.543259772120322","664","664","664","","","","","","","0.10427859733000362","0.10427859733000362","0.10427859733000362","2029","2029","2029","","","","","",""
"39","0.08633228802550329","0.08633228802550329","0.08633228802550329","3521","3521","3521","0.4270128814055095","0.4270128814055095","0.4270128814055095","681","681","681","0.0348293583337326","0.0348293583337326","0.0348293583337326","2081","2081","2081","0.33602565584219946","0.33602565584219946","0.33602565584219946","2121","2121","2121","0.4804980137744297","0.4804980137744297","0.4804980137744297","2121","2121","2121","0.05980614375051878","0.05980614375051878","0.05980614375051878","2081","2081","2081","0.2031105599319619","0.2031105599319619","0.2031105599319619","3521","3521","3521","0.5827135946386822","0.5827135946386822","0.5827135946386822","681","681","681","0.15758311511512585","0.15758311511512585","0.15758311511512585","3521","3521","3521","0.46010633922558564","0.46010633922558564","0.46010633922558564","681","681","681","0.3873561783266751","0.3873561783266751","0.3873561783266751","2121","2121","2121","0.06252650668407123","0.06252650668407123","0.06252650668407123","2081","2081","2081","","","","","","","0.5017816129460976","0.5017816129460976","0.5017816129460976","681","681","681","","","","","","","0.12770771915632617","0.12770771915632617","0.12770771915632617","2081","2081","2081","","","","","","","","","","","","","","","","","","","","","","","","","0.4681991195645394","0.4681991195645394","0.4681991195645394","681","681","681","","","","","","","0.21518815850557216","0.21518815850557216","0.21518815850557216","3521","3521","3521","0.0528993420975715","0.0528993420975715","0.0528993420975715","2081","2081","2081","0.5214690552684119","0.5214690552684119","0.5214690552684119","681","681","681","","","","","","","0.11306682558754472","0.11306682558754472","0.11306682558754472","2081","2081","2081","","","","","",""
"40","0.08412264550039164","0.08412264550039164","0.08412264550039164","3609","3609","3609","0.4519203320745909","0.4519203320745909","0.4519203320745909","698","698","698","0.0375411986190656","0.0375411986190656","0.0375411986190656","2133","2133","2133","0.31766643589955335","0.31766643589955335","0.31766643589955335","2174","2174","2174","0.4867422990879853","0.4867422990879853","0.4867422990879853","2174","2174","2174","0.059236491329711385","0.059236491329711385","0.059236491329711385","2133","2133","2133","0.22451923150874606","0.22451923150874606","0.22451923150874606","3609","3609","3609","0.5508067604017042","0.5508067604017042","0.5508067604017042","698","698","698","0.12030195716666534","0.12030195716666534","0.12030195716666534","3609","3609","3609","0.4863317994447819","0.4863317994447819","0.4863317994447819","698","698","698","0.4015190096718445","0.4015190096718445","0.4015190096718445","2174","2174","2174","0.0532438829453005","0.0532438829453005","0.0532438829453005","2133","2133","2133","","","","","","","0.5008722720756624","0.5008722720756624","0.5008722720756624","698","698","698","","","","","","","0.12109081034680252","0.12109081034680252","0.12109081034680252","2133","2133","2133","","","","","","","","","","","","","","","","","","","","","","","","","0.4720957597232714","0.4720957597232714","0.4720957597232714","698","698","698","","","","","","","0.21853545428928578","0.21853545428928578","0.21853545428928578","3609","3609","3609","0.04603223272811155","0.04603223272811155","0.04603223272811155","2133","2133","2133","0.5261595477948681","0.5261595477948681","0.5261595477948681","698","698","698","","","","","","","0.10312076093427858","0.10312076093427858","0.10312076093427858","2133","2133","2133","","","","","",""
"41","0.0911401826446844","0.0911401826446844","0.0911401826446844","3697","3697","3697","0.46739586039492453","0.46739586039492453","0.46739586039492453","715","715","715","0.0346677748199368","0.0346677748199368","0.0346677748199368","2185","2185","2185","0.30310317714362794","0.30310317714362794","0.30310317714362794","2227","2227","2227","0.4898352617837901","0.4898352617837901","0.4898352617837901","2227","2227","2227","0.05901689863725385","0.05901689863725385","0.05901689863725385","2185","2185","2185","0.21243683888225195","0.21243683888225195","0.21243683888225195","3697","3697","3697","0.5256530568555983","0.5256530568555983","0.5256530568555983","715","715","715","0.13990274703647698","0.13990274703647698","0.13990274703647698","3697","3697","3697","0.5003579730035378","0.5003579730035378","0.5003579730035378","715","715","715","0.37133432486465645","0.37133432486465645","0.37133432486465645","2227","2227","2227","0.047853794062540894","0.047853794062540894","0.047853794062540894","2185","2185","2185","","","","","","","0.5167003297714526","0.5167003297714526","0.5167003297714526","715","715","715","","","","","","","0.1256775580976797","0.1256775580976797","0.1256775580976797","2185","2185","2185","","","","","","","","","","","","","","","","","","","","","","","","","0.4817393044262128","0.4817393044262128","0.4817393044262128","715","715","715","","","","","","","0.2084914666567454","0.2084914666567454","0.2084914666567454","3697","3697","3697","0.049718875106185174","0.049718875106185174","0.049718875106185174","2185","2185","2185","0.5396058783529956","0.5396058783529956","0.5396058783529956","715","715","715","","","","","","","0.09486655442853462","0.09486655442853462","0.09486655442853462","2185","2185","2185","","","","","",""
"42","0.08400621132261536","0.08400621132261536","0.08400621132261536","3785","3785","3785","0.42846934619142074","0.42846934619142074","0.42846934619142074","732","732","732","0.036656719055480125","0.036656719055480125","0.036656719055480125","2237","2237","2237","0.3497847282194447","0.3497847282194447","0.3497847282194447","2280","2280","2280","0.45721319229380947","0.45721319229380947","0.45721319229380947","2280","2280","2280","0.05502155443935456","0.05502155443935456","0.05502155443935456","2237","2237","2237","0.2463734266772146","0.2463734266772146","0.2463734266772146","3785","3785","3785","0.5651916347659512","0.5651916347659512","0.5651916347659512","732","732","732","0.1405160608747125","0.1405160608747125","0.1405160608747125","3785","3785","3785","0.48858573932002247","0.48858573932002247","0.48858573932002247","732","732","732","0.43414432276009984","0.43414432276009984","0.43414432276009984","2280","2280","2280","0.05589168308535619","0.05589168308535619","0.05589168308535619","2237","2237","2237","","","","","","","0.5024540905081571","0.5024540905081571","0.5024540905081571","732","732","732","","","","","","","0.12613419202213358","0.12613419202213358","0.12613419202213358","2237","2237","2237","","","","","","","","","","","","","","","","","","","","","","","","","0.4722869273273861","0.4722869273273861","0.4722869273273861","732","732","732","","","","","","","0.20681561017003136","0.20681561017003136","0.20681561017003136","3785","3785","3785","0.054050906541009226","0.054050906541009226","0.054050906541009226","2237","2237","2237","0.5514325602763409","0.5514325602763409","0.5514325602763409","732","732","732","","","","","","","0.09752946583759596","0.09752946583759596","0.09752946583759596","2237","2237","2237","","","","","",""
"43","0.08691220680942624","0.08691220680942624","0.08691220680942624","3873","3873","3873","0.48016490751811636","0.48016490751811636","0.48016490751811636","749","749","749","0.03542638082642593","0.03542638082642593","0.03542638082642593","2289","2289","2289","0.3513273508041757","0.3513273508041757","0.3513273508041757","2333","2333","2333","0.31446422155405884","0.31446422155405884","0.31446422155405884","2333","2333","2333","0.0689384514377975","0.0689384514377975","0.0689384514377975","2289","2289","2289","0.22351189623480533","0.22351189623480533","0.22351189623480533","3873","3873","3873","0.5717205003275802","0.5717205003275802","0.5717205003275802","749","749","749","0.14067568100848438","0.14067568100848438","0.14067568100848438","3873","3873","3873","0.5005612235302577","0.5005612235302577","0.5005612235302577","749","749","749","0.37622284299409003","0.37622284299409003","0.37622284299409003","2333","2333","2333","0.061840667112536114","0.061840667112536114","0.061840667112536114","2289","2289","2289","","","","","","","0.4789912428999374","0.4789912428999374","0.4789912428999374","749","749","749","","","","","","","0.12583953735979944","0.12583953735979944","0.12583953735979944","2289","2289","2289","","","","","","","","","","","","","","","","","","","","","","","","","0.4738022573631924","0.4738022573631924","0.4738022573631924","749","749","749","","","","","","","0.21745244516729928","0.21745244516729928","0.21745244516729928","3873","3873","3873","0.04709815990129844","0.04709815990129844","0.04709815990129844","2289","2289","2289","0.5564980771574044","0.5564980771574044","0.5564980771574044","749","749","749","","","","","","","0.09728546531056159","0.09728546531056159","0.09728546531056159","2289","2289","2289","","","","","",""
"44","0.08482339582311854","0.08482339582311854","0.08482339582311854","3961","3961","3961","0.46610200499648585","0.46610200499648585","0.46610200499648585","766","766","766","0.03818011239589354","0.03818011239589354","0.03818011239589354","2341","2341","2341","0.33212951181316386","0.33212951181316386","0.33212951181316386","2386","2386","2386","0.5087135662605093","0.5087135662605093","0.5087135662605093","2386","2386","2386","0.041657592170938854","0.041657592170938854","0.041657592170938854","2341","2341","2341","0.2141884957678138","0.2141884957678138","0.2141884957678138","3961","3961","3961","0.5868987169273583","0.5868987169273583","0.5868987169273583","766","766","766","0.14491272871065175","0.14491272871065175","0.14491272871065175","3961","3961","3961","0.49487700446434857","0.49487700446434857","0.49487700446434857","766","766","766","0.3756106191764941","0.3756106191764941","0.3756106191764941","2386","2386","2386","0.053770816681833394","0.053770816681833394","0.053770816681833394","2341","2341","2341","","","","","","","0.5006423740342866","0.5006423740342866","0.5006423740342866","766","766","766","","","","","","","0.12484788787158599","0.12484788787158599","0.12484788787158599","2341","2341","2341","","","","","","","","","","","","","","","","","","","","","","","","","0.45785522757170455","0.45785522757170455","0.45785522757170455","766","766","766","","","","","","","0.19457284055504478","0.19457284055504478","0.19457284055504478","3961","3961","3961","0.055163851212567935","0.055163851212567935","0.055163851212567935","2341","2341","2341","0.5422079333467451","0.5422079333467451","0.5422079333467451","766","766","766","","","","","","","0.09746971246437332","0.09746971246437332","0.09746971246437332","2341","2341","2341","","","","","",""
"45","0.08659956113619406","0.08659956113619406","0.08659956113619406","4049","4049","4049","0.43689326680642526","0.43689326680642526","0.43689326680642526","783","783","783","0.03461590191531318","0.03461590191531318","0.03461590191531318","2393","2393","2393","0.3387471988319879","0.3387471988319879","0.3387471988319879","2439","2439","2439","0.473475280169266","0.473475280169266","0.473475280169266","2439","2439","2439","0.034857381113736464","0.034857381113736464","0.034857381113736464","2393","2393","2393","0.19067865341756432","0.19067865341756432","0.19067865341756432","4049","4049","4049","0.5468179677086942","0.5468179677086942","0.5468179677086942","783","783","783","0.1454341893320274","0.1454341893320274","0.1454341893320274","4049","4049","4049","0.4949105191616892","0.4949105191616892","0.4949105191616892","783","783","783","0.3769152612423379","0.3769152612423379","0.3769152612423379","2439","2439","2439","0.05236834343710234","0.05236834343710234","0.05236834343710234","2393","2393","2393","","","","","","","0.477454763921378","0.477454763921378","0.477454763921378","783","783","783","","","","","","","0.12447198365042869","0.12447198365042869","0.12447198365042869","2393","2393","2393","","","","","","","","","","","","","","","","","","","","","","","","","0.4781456570818566","0.4781456570818566","0.4781456570818566","783","783","783","","","","","","","0.16485136023855612","0.16485136023855612","0.16485136023855612","4049","4049","4049","0.059614133382418305","0.059614133382418305","0.059614133382418305","2393","2393","2393","0.5754156876437727","0.5754156876437727","0.5754156876437727","783","783","783","","","","","","","0.10298154091522776","0.10298154091522776","0.10298154091522776","2393","2393","2393","","","","","",""
"46","0.08659433180360177","0.08659433180360177","0.08659433180360177","4137","4137","4137","0.45096227762862073","0.45096227762862073","0.45096227762862073","800","800","800","0.03775829364209042","0.03775829364209042","0.03775829364209042","2445","2445","2445","0.3191645887927569","0.3191645887927569","0.3191645887927569","2492","2492","2492","0.48913432150531344","0.48913432150531344","0.48913432150531344","2492","2492","2492","0.07232735248463644","0.07232735248463644","0.07232735248463644","2445","2445","2445","0.2337507522485592","0.2337507522485592","0.2337507522485592","4137","4137","4137","0.534217083394329","0.534217083394329","0.534217083394329","800","800","800","0.1430409065793957","0.1430409065793957","0.1430409065793957","4137","4137","4137","0.49179318776729514","0.49179318776729514","0.49179318776729514","800","800","800","0.379520637656248","0.379520637656248","0.379520637656248","2492","2492","2492","0.054080807397541786","0.054080807397541786","0.054080807397541786","2445","2445","2445","","","","","","","0.49144880554690534","0.49144880554690534","0.49144880554690534","800","800","800","","","","","","","0.13058543494621538","0.13058543494621538","0.13058543494621538","2445","2445","2445","","","","","","","","","","","","","","","","","","","","","","","","","0.47904567895174693","0.47904567895174693","0.47904567895174693","800","800","800","","","","","","","0.21856092404601227","0.21856092404601227","0.21856092404601227","4137","4137","4137","0.06078685275704037","0.06078685275704037","0.06078685275704037","2445","2445","2445","0.5268654491775102","0.5268654491775102","0.5268654491775102","800","800","800","","","","","","","0.1020231422284095","0.1020231422284095","0.1020231422284095","2445","2445","2445","","","","","",""
"47","0.09107879831774505","0.09107879831774505","0.09107879831774505","4225","4225","4225","0.4015259984756202","0.4015259984756202","0.4015259984756202","817","817","817","0.037071678264800664","0.037071678264800664","0.037071678264800664","2497","2497","2497","0.31779381226748216","0.31779381226748216","0.31779381226748216","2545","2545","2545","0.4787177830498195","0.4787177830498195","0.4787177830498195","2545","2545","2545","0.06643802141770758","0.06643802141770758","0.06643802141770758","2497","2497","2497","0.18273948627934863","0.18273948627934863","0.18273948627934863","4225","4225","4225","0.5214089395494454","0.5214089395494454","0.5214089395494454","817","817","817","0.17247898460482042","0.17247898460482042","0.17247898460482042","4225","4225","4225","0.5274779879896916","0.5274779879896916","0.5274779879896916","817","817","817","0.3921881928077765","0.3921881928077765","0.3921881928077765","2545","2545","2545","0.06537505719490536","0.06537505719490536","0.06537505719490536","2497","2497","2497","","","","","","","0.48607103279603814","0.48607103279603814","0.48607103279603814","817","817","817","","","","","","","0.12466395133235854","0.12466395133235854","0.12466395133235854","2497","2497","2497","","","","","","","","","","","","","","","","","","","","","","","","","0.4679533712114698","0.4679533712114698","0.4679533712114698","817","817","817","","","","","","","0.217774880875971","0.217774880875971","0.217774880875971","4225","4225","4225","0.05540525749096963","0.05540525749096963","0.05540525749096963","2497","2497","2497","0.555483275507048","0.555483275507048","0.555483275507048","817","817","817","","","","","","","0.10772526143418494","0.10772526143418494","0.10772526143418494","2497","2497","2497","","","","","",""
"48","0.08421674945883284","0.08421674945883284","0.08421674945883284","4313","4313","4313","0.48348249174775354","0.48348249174775354","0.48348249174775354","834","834","834","0.03476487971516203","0.03476487971516203","0.03476487971516203","2549","2549","2549","0.32063631776186874","0.32063631776186874","0.32063631776186874","2598","2598","2598","0.45950108427690967","0.45950108427690967","0.45950108427690967","2598","2598","2598","0.04807238644995011","0.04807238644995011","0.04807238644995011","2549","2549","2549","0.2000052015885628","0.2000052015885628","0.2000052015885628","4313","4313","4313","0.5202004879028899","0.5202004879028899","0.5202004879028899","834","834","834","0.15500697768917127","0.15500697768917127","0.15500697768917127","4313","4313","4313","0.4958456127218823","0.4958456127218823","0.4958456127218823","834","834","834","0.4127365076500842","0.4127365076500842","0.4127365076500842","2598","2598","2598","0.05656938347901572","0.05656938347901572","0.05656938347901572","2549","2549","2549","","","","","","","0.4784536267587335","0.4784536267587335","0.4784536267587335","834","834","834","","","","","","","0.12470961422087626","0.12470961422087626","0.12470961422087626","2549","2549","2549","","","","","","","","","","","","","","","","","","","","","","","","","0.4738695980965117","0.4738695980965117","0.4738695980965117","834","834","834","","","","","","","0.22338155689935404","0.22338155689935404","0.22338155689935404","4313","4313","4313","0.05298058206886323","0.05298058206886323","0.05298058206886323","2549","2549","2549","0.4954654572253653","0.4954654572253653","0.4954654572253653","834","834","834","","","","","","","0.10502662444333448","0.10502662444333448","0.10502662444333448","2549","2549","2549","","","","","",""
"49","0.08621649928913297","0.08621649928913297","0.08621649928913297","4401","4401","4401","0.45309384711842965","0.45309384711842965","0.45309384711842965","851","851","851","0.036778315759192465","0.036778315759192465","0.036778315759192465","2601","2601","2601","0.328711755117125","0.328711755117125","0.328711755117125","2651","2651","2651","0.43234796144252674","0.43234796144252674","0.43234796144252674","2651","2651","2651","0.055354951596620745","0.055354951596620745","0.055354951596620745","2601","2601","2601","0.2129407277871203","0.2129407277871203","0.2129407277871203","4401","4401","4401","0.547885462274516","0.547885462274516","0.547885462274516","851","851","851","0.15235016530770826","0.15235016530770826","0.15235016530770826","4401","4401","4401","0.4928880804849189","0.4928880804849189","0.4928880804849189","851","851","851","0.3973060412403993","0.3973060412403993","0.3973060412403993","2651","2651","2651","0.05426519088324777","0.05426519088324777","0.05426519088324777","2601","2601","2601","","","","","","","0.4882250666883336","0.4882250666883336","0.4882250666883336","851","851","851","","","","","","","0.12313251895087471","0.12313251895087471","0.12313251895087471","2601","2601","2601","","","","","","","","","","","","","","","","","","","","","","","","","0.4658063955982515","0.4658063955982515","0.4658063955982515","851","851","851","","","","","","","0.22674669458395352","0.22674669458395352","0.22674669458395352","4401","4401","4401","0.06110811686165382","0.06110811686165382","0.06110811686165382","2601","2601","2601","0.44521481127434437","0.44521481127434437","0.44521481127434437","851","851","851","","","","","","","0.11200380709575472","0.11200380709575472","0.11200380709575472","2601","2601","2601","","","","","",""
"50","0.08402928397030882","0.08402928397030882","0.08402928397030882","4489","4489","4489","0.44006146413443525","0.44006146413443525","0.44006146413443525","868","868","868","0.03697453071689745","0.03697453071689745","0.03697453071689745","2653","2653","2653","0.3316704409304937","0.3316704409304937","0.3316704409304937","2704","2704","2704","","","","","","","0.07325823479034485","0.07325823479034485","0.07325823479034485","2653","2653","2653","","","","","","","0.5490438915690451","0.5490438915690451","0.5490438915690451","868","868","868","0.13439560480066412","0.13439560480066412","0.13439560480066412","4489","4489","4489","0.5354548871071964","0.5354548871071964","0.5354548871071964","868","868","868","0.3922856449833555","0.3922856449833555","0.3922856449833555","2704","2704","2704","0.0591008162912047","0.0591008162912047","0.0591008162912047","2653","2653","2653","","","","","","","0.49024388295360344","0.49024388295360344","0.49024388295360344","868","868","868","","","","","","","0.1199367436038654","0.1199367436038654","0.1199367436038654","2653","2653","2653","","","","","","","","","","","","","","","","","","","","","","","","","0.494707399172007","0.494707399172007","0.494707399172007","868","868","868","","","","","","","","","","","","","","","","","","","0.4987120012607786","0.4987120012607786","0.4987120012607786","868","868","868","","","","","","","0.1061117387093827","0.1061117387093827","0.1061117387093827","2653","2653","2653","","","","","",""
"51","0.08331734534327746","0.08331734534327746","0.08331734534327746","4577","4577","4577","0.416620803380216","0.416620803380216","0.416620803380216","885","885","885","0.03847905102179853","0.03847905102179853","0.03847905102179853","2705","2705","2705","0.3208610045628988","0.3208610045628988","0.3208610045628988","2757","2757","2757","","","","","","","0.06253562769911758","0.06253562769911758","0.06253562769911758","2705","2705","2705","","","","","","","0.6102924310391803","0.6102924310391803","0.6102924310391803","885","885","885","0.16830789993680434","0.16830789993680434","0.16830789993680434","4577","4577","4577","0.5237152403657727","0.5237152403657727","0.5237152403657727","885","885","885","0.3859467292155232","0.3859467292155232","0.3859467292155232","2757","2757","2757","0.054457291406640504","0.054457291406640504","0.054457291406640504","2705","2705","2705","","","","","","","0.4893543533697713","0.4893543533697713","0.4893543533697713","885","885","885","","","","","","","0.12708411984050014","0.12708411984050014","0.12708411984050014","2705","2705","2705","","","","","","","","","","","","","","","","","","","","","","","","","0.4727565929444329","0.4727565929444329","0.4727565929444329","885","885","885","","","","","","","","","","","","","","","","","","","0.4270513913484384","0.4270513913484384","0.4270513913484384","885","885","885","","","","","","","0.11287199103508076","0.11287199103508076","0.11287199103508076","2705","2705","2705","","","","","",""
"52","0.08298220595044632","0.08298220595044632","0.08298220595044632","4665","4665","4665","0.4275332358028141","0.4275332358028141","0.4275332358028141","902","902","902","0.037250644645125716","0.037250644645125716","0.037250644645125716","2757","2757","2757","0.3081428648751499","0.3081428648751499","0.3081428648751499","2810","2810","2810","","","","","","","0.06811567720326886","0.06811567720326886","0.06811567720326886","2757","2757","2757","","","","","","","0.6205750927905945","0.6205750927905945","0.6205750927905945","902","902","902","0.1305055260848122","0.1305055260848122","0.1305055260848122","4665","4665","4665","0.5059622392017014","0.5059622392017014","0.5059622392017014","902","902","902","0.39938332887407313","0.39938332887407313","0.39938332887407313","2810","2810","2810","0.05180682187385765","0.05180682187385765","0.05180682187385765","2757","2757","2757","","","","","","","0.47851391542077615","0.47851391542077615","0.47851391542077615","902","902","902","","","","","","","0.1297855908271772","0.1297855908271772","0.1297855908271772","2757","2757","2757","","","","","","","","","","","","","","","","","","","","","","","","","0.48711405756719217","0.48711405756719217","0.48711405756719217","902","902","902","","","","","","","","","","","","","","","","","","","0.5025850825684502","0.5025850825684502","0.5025850825684502","902","902","902","","","","","","","0.11086730344943832","0.11086730344943832","0.11086730344943832","2757","2757","2757","","","","","",""
"53","0.08667298729619305","0.08667298729619305","0.08667298729619305","4753","4753","4753","0.516763197743479","0.516763197743479","0.516763197743479","919","919","919","0.03613446197352044","0.03613446197352044","0.03613446197352044","2809","2809","2809","0.3332637290439131","0.3332637290439131","0.3332637290439131","2863","2863","2863","","","","","","","0.07145245006706735","0.07145245006706735","0.07145245006706735","2809","2809","2809","","","","","","","0.6195811962218961","0.6195811962218961","0.6195811962218961","919","919","919","0.14824932587510553","0.14824932587510553","0.14824932587510553","4753","4753","4753","0.4949608313908504","0.4949608313908504","0.4949608313908504","919","919","919","0.3834370791175671","0.3834370791175671","0.3834370791175671","2863","2863","2863","0.05688553794426057","0.05688553794426057","0.05688553794426057","2809","2809","2809","","","","","","","0.5077765511462041","0.5077765511462041","0.5077765511462041","919","919","919","","","","","","","0.12690694371557237","0.12690694371557237","0.12690694371557237","2809","2809","2809","","","","","","","","","","","","","","","","","","","","","","","","","0.47778711873492286","0.47778711873492286","0.47778711873492286","919","919","919","","","","","","","","","","","","","","","","","","","0.4974647571928342","0.4974647571928342","0.4974647571928342","919","919","919","","","","","","","0.10539909092892939","0.10539909092892939","0.10539909092892939","2809","2809","2809","","","","","",""
"54","0.08556822003613716","0.08556822003613716","0.08556822003613716","4841","4841","4841","0.472753031997343","0.472753031997343","0.472753031997343","936","936","936","0.03461335540122378","0.03461335540122378","0.03461335540122378","2861","2861","2861","0.32608225156343174","0.32608225156343174","0.32608225156343174","2916","2916","2916","","","","","","","0.0965736374598643","0.0965736374598643","0.0965736374598643","2861","2861","2861","","","","","","","0.547871513730823","0.547871513730823","0.547871513730823","936","936","936","0.1425414878004543","0.1425414878004543","0.1425414878004543","4841","4841","4841","0.49973070639372746","0.49973070639372746","0.49973070639372746","936","936","936","0.41518756729432915","0.41518756729432915","0.41518756729432915","2916","2916","2916","0.05180611862507334","0.05180611862507334","0.05180611862507334","2861","2861","2861","","","","","","","0.5045017103570023","0.5045017103570023","0.5045017103570023","936","936","936","","","","","","","0.1186941207936032","0.1186941207936032","0.1186941207936032","2861","2861","2861","","","","","","","","","","","","","","","","","","","","","","","","","0.49598115164116796","0.49598115164116796","0.49598115164116796","936","936","936","","","","","","","","","","","","","","","","","","","0.5218101495138575","0.5218101495138575","0.5218101495138575","936","936","936","","","","","","","0.10597576980903466","0.10597576980903466","0.10597576980903466","2861","2861","2861","","","","","",""
"55","0.09003103033351781","0.09003103033351781","0.09003103033351781","4929","4929","4929","0.4995960950367558","0.4995960950367558","0.4995960950367558","953","953","953","0.03512807186106806","0.03512807186106806","0.03512807186106806","2913","2913","2913","0.30847032492269494","0.30847032492269494","0.30847032492269494","2969","2969","2969","","","","","","","0.08039027147236165","0.08039027147236165","0.08039027147236165","2913","2913","2913","","","","","","","0.5336033405552096","0.5336033405552096","0.5336033405552096","953","953","953","0.14851925867958796","0.14851925867958796","0.14851925867958796","4929","4929","4929","0.4881075685528004","0.4881075685528004","0.4881075685528004","953","953","953","0.4158135204306201","0.4158135204306201","0.4158135204306201","2969","2969","2969","0.05199598248303875","0.05199598248303875","0.05199598248303875","2913","2913","2913","","","","","","","0.5027562720684082","0.5027562720684082","0.5027562720684082","953","953","953","","","","","","","0.12567783572727656","0.12567783572727656","0.12567783572727656","2913","2913","2913","","","","","","","","","","","","","","","","","","","","","","","","","0.5368392898236681","0.5368392898236681","0.5368392898236681","953","953","953","","","","","","","","","","","","","","","","","","","0.5245671377146116","0.5245671377146116","0.5245671377146116","953","953","953","","","","","","","0.10792126619389306","0.10792126619389306","0.10792126619389306","2913","2913","2913","","","","","",""
"56","0.08439653472394415","0.08439653472394415","0.08439653472394415","5017","5017","5017","0.4914662220595868","0.4914662220595868","0.4914662220595868","970","970","970","0.03647241000947708","0.03647241000947708","0.03647241000947708","2965","2965","2965","0.3575535720477463","0.3575535720477463","0.3575535720477463","3022","3022","3022","","","","","","","0.07353017971461562","0.07353017971461562","0.07353017971461562","2965","2965","2965","","","","","","","0.5792357671266408","0.5792357671266408","0.5792357671266408","970","970","970","0.15048544302926586","0.15048544302926586","0.15048544302926586","5017","5017","5017","0.4719535642748731","0.4719535642748731","0.4719535642748731","970","970","970","0.38753623593588754","0.38753623593588754","0.38753623593588754","3022","3022","3022","0.05932329706255043","0.05932329706255043","0.05932329706255043","2965","2965","2965","","","","","","","0.48734238376185324","0.48734238376185324","0.48734238376185324","970","970","970","","","","","","","0.12381063670904557","0.12381063670904557","0.12381063670904557","2965","2965","2965","","","","","","","","","","","","","","","","","","","","","","","","","0.5202049291715609","0.5202049291715609","0.5202049291715609","970","970","970","","","","","","","","","","","","","","","","","","","0.5308004716107013","0.5308004716107013","0.5308004716107013","970","970","970","","","","","","","0.10382513515142941","0.10382513515142941","0.10382513515142941","2965","2965","2965","","","","","",""
"57","0.08584038031313518","0.08584038031313518","0.08584038031313518","5105","5105","5105","0.4600549889242794","0.4600549889242794","0.4600549889242794","987","987","987","0.03617843097297145","0.03617843097297145","0.03617843097297145","3017","3017","3017","0.358132360126417","0.358132360126417","0.358132360126417","3075","3075","3075","","","","","","","0.08308589977252326","0.08308589977252326","0.08308589977252326","3017","3017","3017","","","","","","","0.5850388707559696","0.5850388707559696","0.5850388707559696","987","987","987","0.1722203632976634","0.1722203632976634","0.1722203632976634","5105","5105","5105","0.5025310711087483","0.5025310711087483","0.5025310711087483","987","987","987","0.3940478419884651","0.3940478419884651","0.3940478419884651","3075","3075","3075","0.04955072092006865","0.04955072092006865","0.04955072092006865","3017","3017","3017","","","","","","","0.48178770558213324","0.48178770558213324","0.48178770558213324","987","987","987","","","","","","","0.12392091986122253","0.12392091986122253","0.12392091986122253","3017","3017","3017","","","","","","","","","","","","","","","","","","","","","","","","","0.5155387639366901","0.5155387639366901","0.5155387639366901","987","987","987","","","","","","","","","","","","","","","","","","","0.5004049072468998","0.5004049072468998","0.5004049072468998","987","987","987","","","","","","","0.1027974292791108","0.1027974292791108","0.1027974292791108","3017","3017","3017","","","","","",""
"58","0.08518500485065457","0.08518500485065457","0.08518500485065457","5193","5193","5193","0.41274953302264294","0.41274953302264294","0.41274953302264294","1004","1004","1004","0.03670301200751771","0.03670301200751771","0.03670301200751771","3069","3069","3069","0.34604245336763684","0.34604245336763684","0.34604245336763684","3128","3128","3128","","","","","","","0.09281708092656485","0.09281708092656485","0.09281708092656485","3069","3069","3069","","","","","","","0.5967982832434289","0.5967982832434289","0.5967982832434289","1004","1004","1004","0.15238278046738385","0.15238278046738385","0.15238278046738385","5193","5193","5193","0.4794275133307195","0.4794275133307195","0.4794275133307195","1004","1004","1004","0.34779839008178076","0.34779839008178076","0.34779839008178076","3128","3128","3128","0.056539910421927644","0.056539910421927644","0.056539910421927644","3069","3069","3069","","","","","","","0.5019700791024491","0.5019700791024491","0.5019700791024491","1004","1004","1004","","","","","","","0.11927169751607082","0.11927169751607082","0.11927169751607082","3069","3069","3069","","","","","","","","","","","","","","","","","","","","","","","","","0.48761970502442353","0.48761970502442353","0.48761970502442353","1004","1004","1004","","","","","","","","","","","","","","","","","","","0.5364296390226706","0.5364296390226706","0.5364296390226706","1004","1004","1004","","","","","","","0.10538424688846701","0.10538424688846701","0.10538424688846701","3069","3069","3069","","","","","",""
"59","0.08341982320288945","0.08341982320288945","0.08341982320288945","5281","5281","5281","0.41695531729420066","0.41695531729420066","0.41695531729420066","1021","1021","1021","0.03415180442900204","0.03415180442900204","0.03415180442900204","3121","3121","3121","0.3433988311293993","0.3433988311293993","0.3433988311293993","3181","3181","3181","","","","","","","0.08754156994114709","0.08754156994114709","0.08754156994114709","3121","3121","3121","","","","","","","0.5911449437495575","0.5911449437495575","0.5911449437495575","1021","1021","1021","0.14378771105906507","0.14378771105906507","0.14378771105906507","5281","5281","5281","0.518063607903092","0.518063607903092","0.518063607903092","1021","1021","1021","0.3923508132317833","0.3923508132317833","0.3923508132317833","3181","3181","3181","0.0492424001722182","0.0492424001722182","0.0492424001722182","3121","3121","3121","","","","","","","0.4719278573460914","0.4719278573460914","0.4719278573460914","1021","1021","1021","","","","","","","0.11988379745712886","0.11988379745712886","0.11988379745712886","3121","3121","3121","","","","","","","","","","","","","","","","","","","","","","","","","0.4789553418369927","0.4789553418369927","0.4789553418369927","1021","1021","1021","","","","","","","","","","","","","","","","","","","0.4912150606391371","0.4912150606391371","0.4912150606391371","1021","1021","1021","","","","","","","0.1053864465330676","0.1053864465330676","0.1053864465330676","3121","3121","3121","","","","","",""
"60","0.07913052833105977","0.07913052833105977","0.07913052833105977","5369","5369","5369","0.41764396846752017","0.41764396846752017","0.41764396846752017","1038","1038","1038","0.03277532463867432","0.03277532463867432","0.03277532463867432","3173","3173","3173","0.3540483030794104","0.3540483030794104","0.3540483030794104","3234","3234","3234","","","","","","","0.07584640790249737","0.07584640790249737","0.07584640790249737","3173","3173","3173","","","","","","","0.5756629763195236","0.5756629763195236","0.5756629763195236","1038","1038","1038","0.15902478607924936","0.15902478607924936","0.15902478607924936","5369","5369","5369","0.5026793253788517","0.5026793253788517","0.5026793253788517","1038","1038","1038","0.3892391582969431","0.3892391582969431","0.3892391582969431","3234","3234","3234","0.05706477503089098","0.05706477503089098","0.05706477503089098","3173","3173","3173","","","","","","","0.49466944731362567","0.49466944731362567","0.49466944731362567","1038","1038","1038","","","","","","","0.11927096653049316","0.11927096653049316","0.11927096653049316","3173","3173","3173","","","","","","","","","","","","","","","","","","","","","","","","","0.4961717102270701","0.4961717102270701","0.4961717102270701","1038","1038","1038","","","","","","","","","","","","","","","","","","","0.5533943447998757","0.5533943447998757","0.5533943447998757","1038","1038","1038","","","","","","","0.1025713434353594","0.1025713434353594","0.1025713434353594","3173","3173","3173","","","","","",""
"61","0.08492119428781075","0.08492119428781075","0.08492119428781075","5457","5457","5457","0.42243145839419344","0.42243145839419344","0.42243145839419344","1055","1055","1055","0.033095688202207305","0.033095688202207305","0.033095688202207305","3225","3225","3225","0.35653837692502444","0.35653837692502444","0.35653837692502444","3287","3287","3287","","","","","","","0.096313466896791","0.096313466896791","0.096313466896791","3225","3225","3225","","","","","","","0.5803143255317474","0.5803143255317474","0.5803143255317474","1055","1055","1055","0.15494918405646585","0.15494918405646585","0.15494918405646585","5457","5457","5457","0.5403601146197645","0.5403601146197645","0.5403601146197645","1055","1055","1055","0.39396945791467985","0.39396945791467985","0.39396945791467985","3287","3287","3287","0.0683150742356909","0.0683150742356909","0.0683150742356909","3225","3225","3225","","","","","","","0.47900805409635794","0.47900805409635794","0.47900805409635794","1055","1055","1055","","","","","","","0.11445846184529801","0.11445846184529801","0.11445846184529801","3225","3225","3225","","","","","","","","","","","","","","","","","","","","","","","","","0.5041056326505605","0.5041056326505605","0.5041056326505605","1055","1055","1055","","","","","","","","","","","","","","","","","","","0.5021355958494805","0.5021355958494805","0.5021355958494805","1055","1055","1055","","","","","","","0.10624431754002361","0.10624431754002361","0.10624431754002361","3225","3225","3225","","","","","",""
"62","0.08507152267616984","0.08507152267616984","0.08507152267616984","5545","5545","5545","0.47752084317135196","0.47752084317135196","0.47752084317135196","1072","1072","1072","0.03236590054875915","0.03236590054875915","0.03236590054875915","3277","3277","3277","0.3319155633643972","0.3319155633643972","0.3319155633643972","3340","3340","3340","","","","","","","0.07215236770817222","0.07215236770817222","0.07215236770817222","3277","3277","3277","","","","","","","0.5979145747634914","0.5979145747634914","0.5979145747634914","1072","1072","1072","0.16011132712486664","0.16011132712486664","0.16011132712486664","5545","5545","5545","0.5026691178044259","0.5026691178044259","0.5026691178044259","1072","1072","1072","0.42531457928002664","0.42531457928002664","0.42531457928002664","3340","3340","3340","0.05584534217959483","0.05584534217959483","0.05584534217959483","3277","3277","3277","","","","","","","0.4905997974909826","0.4905997974909826","0.4905997974909826","1072","1072","1072","","","","","","","0.11968269358905693","0.11968269358905693","0.11968269358905693","3277","3277","3277","","","","","","","","","","","","","","","","","","","","","","","","","0.4982973827800583","0.4982973827800583","0.4982973827800583","1072","1072","1072","","","","","","","","","","","","","","","","","","","0.5574961467865192","0.5574961467865192","0.5574961467865192","1072","1072","1072","","","","","","","0.11201366488755879","0.11201366488755879","0.11201366488755879","3277","3277","3277","","","","","",""
"63","0.08692854965865969","0.08692854965865969","0.08692854965865969","5633","5633","5633","0.4324932076967387","0.4324932076967387","0.4324932076967387","1089","1089","1089","0.03208084089159252","0.03208084089159252","0.03208084089159252","3329","3329","3329","0.3251222010966671","0.3251222010966671","0.3251222010966671","3393","3393","3393","","","","","","","0.06319223787181077","0.06319223787181077","0.06319223787181077","3329","3329","3329","","","","","","","0.600756294539364","0.600756294539364","0.600756294539364","1089","1089","1089","0.15673697579330947","0.15673697579330947","0.15673697579330947","5633","5633","5633","0.49787151419535314","0.49787151419535314","0.49787151419535314","1089","1089","1089","0.3121733643028841","0.3121733643028841","0.3121733643028841","3393","3393","3393","0.05439865475101654","0.05439865475101654","0.05439865475101654","3329","3329","3329","","","","","","","0.4910094392902472","0.4910094392902472","0.4910094392902472","1089","1089","1089","","","","","","","0.118667796802214","0.118667796802214","0.118667796802214","3329","3329","3329","","","","","","","","","","","","","","","","","","","","","","","","","0.5048849403750889","0.5048849403750889","0.5048849403750889","1089","1089","1089","","","","","","","","","","","","","","","","","","","0.5604390582664209","0.5604390582664209","0.5604390582664209","1089","1089","1089","","","","","","","0.11135793290596714","0.11135793290596714","0.11135793290596714","3329","3329","3329","","","","","",""
"64","0.08399548051021366","0.08399548051021366","0.08399548051021366","5721","5721","5721","0.5235145351927063","0.5235145351927063","0.5235145351927063","1106","1106","1106","0.03162943194274996","0.03162943194274996","0.03162943194274996","3381","3381","3381","0.3531521608854519","0.3531521608854519","0.3531521608854519","3446","3446","3446","","","","","","","0.059991935783458544","0.059991935783458544","0.059991935783458544","3381","3381","3381","","","","","","","0.6106753555379245","0.6106753555379245","0.6106753555379245","1106","1106","1106","0.16124507058690224","0.16124507058690224","0.16124507058690224","5721","5721","5721","0.482443961349535","0.482443961349535","0.482443961349535","1106","1106","1106","0.4028509526126471","0.4028509526126471","0.4028509526126471","3446","3446","3446","0.05518832240758385","0.05518832240758385","0.05518832240758385","3381","3381","3381","","","","","","","0.4783252461892843","0.4783252461892843","0.4783252461892843","1106","1106","1106","","","","","","","0.11746957068330575","0.11746957068330575","0.11746957068330575","3381","3381","3381","","","","","","","","","","","","","","","","","","","","","","","","","0.5090084848934704","0.5090084848934704","0.5090084848934704","1106","1106","1106","","","","","","","","","","","","","","","","","","","0.5580621181413522","0.5580621181413522","0.5580621181413522","1106","1106","1106","","","","","","","0.10449819538670431","0.10449819538670431","0.10449819538670431","3381","3381","3381","","","","","",""
"65","0.08699372512243173","0.08699372512243173","0.08699372512243173","5809","5809","5809","0.42602262510170036","0.42602262510170036","0.42602262510170036","1123","1123","1123","0.032803839021630615","0.032803839021630615","0.032803839021630615","3433","3433","3433","0.29665682886260336","0.29665682886260336","0.29665682886260336","3499","3499","3499","","","","","","","0.06490388982942126","0.06490388982942126","0.06490388982942126","3433","3433","3433","","","","","","","0.6163016035921725","0.6163016035921725","0.6163016035921725","1123","1123","1123","0.16502754014447088","0.16502754014447088","0.16502754014447088","5809","5809","5809","0.48946552466655113","0.48946552466655113","0.48946552466655113","1123","1123","1123","0.3596313296384983","0.3596313296384983","0.3596313296384983","3499","3499","3499","0.050718416443166235","0.050718416443166235","0.050718416443166235","3433","3433","3433","","","","","","","0.4834170150267919","0.4834170150267919","0.4834170150267919","1123","1123","1123","","","","","","","0.11581048435622009","0.11581048435622009","0.11581048435622009","3433","3433","3433","","","","","","","","","","","","","","","","","","","","","","","","","0.512098350304821","0.512098350304821","0.512098350304821","1123","1123","1123","","","","","","","","","","","","","","","","","","","0.5409704103965677","0.5409704103965677","0.5409704103965677","1123","1123","1123","","","","","","","0.10523074098887188","0.10523074098887188","0.10523074098887188","3433","3433","3433","","","","","",""
"66","0.0821241273320511","0.0821241273320511","0.0821241273320511","5897","5897","5897","0.5222582111005893","0.5222582111005893","0.5222582111005893","1140","1140","1140","0.03355361601036304","0.03355361601036304","0.03355361601036304","3485","3485","3485","0.3173862270531565","0.3173862270531565","0.3173862270531565","3552","3552","3552","","","","","","","0.06907551197537845","0.06907551197537845","0.06907551197537845","3485","3485","3485","","","","","","","0.6068225003510488","0.6068225003510488","0.6068225003510488","1140","1140","1140","0.14953057586797613","0.14953057586797613","0.14953057586797613","5897","5897","5897","0.4565177527169431","0.4565177527169431","0.4565177527169431","1140","1140","1140","0.41157757207708656","0.41157757207708656","0.41157757207708656","3552","3552","3552","0.06136359762356221","0.06136359762356221","0.06136359762356221","3485","3485","3485","","","","","","","0.4877550325775999","0.4877550325775999","0.4877550325775999","1140","1140","1140","","","","","","","0.11775804049683412","0.11775804049683412","0.11775804049683412","3485","3485","3485","","","","","","","","","","","","","","","","","","","","","","","","","0.5048938179637866","0.5048938179637866","0.5048938179637866","1140","1140","1140","","","","","","","","","","","","","","","","","","","0.5164782080251045","0.5164782080251045","0.5164782080251045","1140","1140","1140","","","","","","","0.11185206927989776","0.11185206927989776","0.11185206927989776","3485","3485","3485","","","","","",""
"67","0.08542770439153267","0.08542770439153267","0.08542770439153267","5985","5985","5985","0.4227734857797603","0.4227734857797603","0.4227734857797603","1157","1157","1157","0.03307451972711656","0.03307451972711656","0.03307451972711656","3537","3537","3537","0.33042896573698255","0.33042896573698255","0.33042896573698255","3605","3605","3605","","","","","","","0.07074957355103598","0.07074957355103598","0.07074957355103598","3537","3537","3537","","","","","","","0.6370109033539091","0.6370109033539091","0.6370109033539091","1157","1157","1157","0.15795962538897296","0.15795962538897296","0.15795962538897296","5985","5985","5985","0.49935972253200145","0.49935972253200145","0.49935972253200145","1157","1157","1157","0.3973371072761529","0.3973371072761529","0.3973371072761529","3605","3605","3605","0.05553928274672208","0.05553928274672208","0.05553928274672208","3537","3537","3537","","","","","","","0.48725139157513253","0.48725139157513253","0.48725139157513253","1157","1157","1157","","","","","","","0.11766157256657798","0.11766157256657798","0.11766157256657798","3537","3537","3537","","","","","","","","","","","","","","","","","","","","","","","","","0.5104195110197821","0.5104195110197821","0.5104195110197821","1157","1157","1157","","","","","","","","","","","","","","","","","","","0.550423955422804","0.550423955422804","0.550423955422804","1157","1157","1157","","","","","","","0.1103322447908819","0.1103322447908819","0.1103322447908819","3537","3537","3537","","","","","",""
"68","0.08513333844208279","0.08513333844208279","0.08513333844208279","6073","6073","6073","0.4304064343232251","0.4304064343232251","0.4304064343232251","1174","1174","1174","0.03245250869722488","0.03245250869722488","0.03245250869722488","3589","3589","3589","0.34876963635287983","0.34876963635287983","0.34876963635287983","3658","3658","3658","","","","","","","0.08055676761913035","0.08055676761913035","0.08055676761913035","3589","3589","3589","","","","","","","0.6137670178487514","0.6137670178487514","0.6137670178487514","1174","1174","1174","0.1553486346989744","0.1553486346989744","0.1553486346989744","6073","6073","6073","0.499103598620801","0.499103598620801","0.499103598620801","1174","1174","1174","0.37203576656903703","0.37203576656903703","0.37203576656903703","3658","3658","3658","0.051482579639216035","0.051482579639216035","0.051482579639216035","3589","3589","3589","","","","","","","0.48382670451354204","0.48382670451354204","0.48382670451354204","1174","1174","1174","","","","","","","0.1180930621378205","0.1180930621378205","0.1180930621378205","3589","3589","3589","","","","","","","","","","","","","","","","","","","","","","","","","0.5024257771499011","0.5024257771499011","0.5024257771499011","1174","1174","1174","","","","","","","","","","","","","","","","","","","0.5369377436765993","0.5369377436765993","0.5369377436765993","1174","1174","1174","","","","","","","0.10844837449749094","0.10844837449749094","0.10844837449749094","3589","3589","3589","","","","","",""
"69","0.08036276347658688","0.08036276347658688","0.08036276347658688","6161","6161","6161","0.4429029520170952","0.4429029520170952","0.4429029520170952","1191","1191","1191","0.034210969730305456","0.034210969730305456","0.034210969730305456","3641","3641","3641","0.3051593086240495","0.3051593086240495","0.3051593086240495","3711","3711","3711","","","","","","","0.08067179379938907","0.08067179379938907","0.08067179379938907","3641","3641","3641","","","","","","","0.5546829266873963","0.5546829266873963","0.5546829266873963","1191","1191","1191","0.15730756816346425","0.15730756816346425","0.15730756816346425","6161","6161","6161","0.48810302966564767","0.48810302966564767","0.48810302966564767","1191","1191","1191","0.3789644639151094","0.3789644639151094","0.3789644639151094","3711","3711","3711","0.05807009340157923","0.05807009340157923","0.05807009340157923","3641","3641","3641","","","","","","","0.483387941319124","0.483387941319124","0.483387941319124","1191","1191","1191","","","","","","","0.11715040758982612","0.11715040758982612","0.11715040758982612","3641","3641","3641","","","","","","","","","","","","","","","","","","","","","","","","","0.5062941299973792","0.5062941299973792","0.5062941299973792","1191","1191","1191","","","","","","","","","","","","","","","","","","","0.5784209968002518","0.5784209968002518","0.5784209968002518","1191","1191","1191","","","","","","","0.10691123606347601","0.10691123606347601","0.10691123606347601","3641","3641","3641","","","","","",""
"70","0.08786710769765782","0.08786710769765782","0.08786710769765782","6249","6249","6249","0.40198277818955935","0.40198277818955935","0.40198277818955935","1208","1208","1208","0.03372820213828788","0.03372820213828788","0.03372820213828788","3693","3693","3693","0.27303927947150164","0.27303927947150164","0.27303927947150164","3764","3764","3764","","","","","","","0.10352411004504788","0.10352411004504788","0.10352411004504788","3693","3693","3693","","","","","","","0.5595498947193237","0.5595498947193237","0.5595498947193237","1208","1208","1208","0.1343600819798519","0.1343600819798519","0.1343600819798519","6249","6249","6249","0.5049304035979526","0.5049304035979526","0.5049304035979526","1208","1208","1208","0.3904071803620339","0.3904071803620339","0.3904071803620339","3764","3764","3764","0.05675960530186599","0.05675960530186599","0.05675960530186599","3693","3693","3693","","","","","","","0.48805309411069486","0.48805309411069486","0.48805309411069486","1208","1208","1208","","","","","","","0.11725092110137243","0.11725092110137243","0.11725092110137243","3693","3693","3693","","","","","","","","","","","","","","","","","","","","","","","","","0.49798888601351765","0.49798888601351765","0.49798888601351765","1208","1208","1208","","","","","","","","","","","","","","","","","","","0.49389089151005655","0.49389089151005655","0.49389089151005655","1208","1208","1208","","","","","","","0.1039387520974438","0.1039387520974438","0.1039387520974438","3693","3693","3693","","","","","",""
"71","0.08749135110004541","0.08749135110004541","0.08749135110004541","6337","6337","6337","0.467716603788123","0.467716603788123","0.467716603788123","1225","1225","1225","0.03317663255381899","0.03317663255381899","0.03317663255381899","3745","3745","3745","0.33266670722364167","0.33266670722364167","0.33266670722364167","3817","3817","3817","","","","","","","0.07333409931428453","0.07333409931428453","0.07333409931428453","3745","3745","3745","","","","","","","0.5644515927518927","0.5644515927518927","0.5644515927518927","1225","1225","1225","0.15087803551568613","0.15087803551568613","0.15087803551568613","6337","6337","6337","0.46304304746415526","0.46304304746415526","0.46304304746415526","1225","1225","1225","0.40175479820341403","0.40175479820341403","0.40175479820341403","3817","3817","3817","0.05318315776757304","0.05318315776757304","0.05318315776757304","3745","3745","3745","","","","","","","0.47050387598740634","0.47050387598740634","0.47050387598740634","1225","1225","1225","","","","","","","0.11921114177706162","0.11921114177706162","0.11921114177706162","3745","3745","3745","","","","","","","","","","","","","","","","","","","","","","","","","0.5284982610265796","0.5284982610265796","0.5284982610265796","1225","1225","1225","","","","","","","","","","","","","","","","","","","0.4811394129137369","0.4811394129137369","0.4811394129137369","1225","1225","1225","","","","","","","0.10337889478091186","0.10337889478091186","0.10337889478091186","3745","3745","3745","","","","","",""
"72","0.08661887423048144","0.08661887423048144","0.08661887423048144","6425","6425","6425","0.43258852881546644","0.43258852881546644","0.43258852881546644","1242","1242","1242","0.03476928353965162","0.03476928353965162","0.03476928353965162","3797","3797","3797","0.3160103234400846","0.3160103234400846","0.3160103234400846","3870","3870","3870","","","","","","","0.05861998704115365","0.05861998704115365","0.05861998704115365","3797","3797","3797","","","","","","","0.542246305528212","0.542246305528212","0.542246305528212","1242","1242","1242","0.1531583135320021","0.1531583135320021","0.1531583135320021","6425","6425","6425","0.49820690220188224","0.49820690220188224","0.49820690220188224","1242","1242","1242","0.4005715660244046","0.4005715660244046","0.4005715660244046","3870","3870","3870","0.0650736416627795","0.0650736416627795","0.0650736416627795","3797","3797","3797","","","","","","","0.46428703525951626","0.46428703525951626","0.46428703525951626","1242","1242","1242","","","","","","","0.11747686340811732","0.11747686340811732","0.11747686340811732","3797","3797","3797","","","","","","","","","","","","","","","","","","","","","","","","","0.5435793060436805","0.5435793060436805","0.5435793060436805","1242","1242","1242","","","","","","","","","","","","","","","","","","","0.5257144238361716","0.5257144238361716","0.5257144238361716","1242","1242","1242","","","","","","","0.10750642050010209","0.10750642050010209","0.10750642050010209","3797","3797","3797","","","","","",""
"73","0.0871650213833528","0.0871650213833528","0.0871650213833528","6513","6513","6513","0.4960101203038351","0.4960101203038351","0.4960101203038351","1259","1259","1259","0.03606269756679794","0.03606269756679794","0.03606269756679794","3849","3849","3849","0.3217672803124908","0.3217672803124908","0.3217672803124908","3923","3923","3923","","","","","","","0.052738305504445734","0.052738305504445734","0.052738305504445734","3849","3849","3849","","","","","","","0.5660752891842155","0.5660752891842155","0.5660752891842155","1259","1259","1259","0.1600825501837549","0.1600825501837549","0.1600825501837549","6513","6513","6513","0.47696071704787824","0.47696071704787824","0.47696071704787824","1259","1259","1259","0.36641842227770244","0.36641842227770244","0.36641842227770244","3923","3923","3923","0.06076389878514342","0.06076389878514342","0.06076389878514342","3849","3849","3849","","","","","","","0.49304998765973523","0.49304998765973523","0.49304998765973523","1259","1259","1259","","","","","","","0.11858948963900624","0.11858948963900624","0.11858948963900624","3849","3849","3849","","","","","","","","","","","","","","","","","","","","","","","","","0.5167500333041836","0.5167500333041836","0.5167500333041836","1259","1259","1259","","","","","","","","","","","","","","","","","","","0.5019016994607166","0.5019016994607166","0.5019016994607166","1259","1259","1259","","","","","","","0.11143855693855013","0.11143855693855013","0.11143855693855013","3849","3849","3849","","","","","",""
"74","0.0991656460473847","0.0991656460473847","0.0991656460473847","6601","6601","6601","0.49963802321067174","0.49963802321067174","0.49963802321067174","1276","1276","1276","0.035195040824598026","0.035195040824598026","0.035195040824598026","3901","3901","3901","0.26946488461074297","0.26946488461074297","0.26946488461074297","3976","3976","3976","","","","","","","0.04989061388052818","0.04989061388052818","0.04989061388052818","3901","3901","3901","","","","","","","0.5891716209548354","0.5891716209548354","0.5891716209548354","1276","1276","1276","0.14363458530297024","0.14363458530297024","0.14363458530297024","6601","6601","6601","0.5015362047304792","0.5015362047304792","0.5015362047304792","1276","1276","1276","0.3487260301702076","0.3487260301702076","0.3487260301702076","3976","3976","3976","0.061384191017798496","0.061384191017798496","0.061384191017798496","3901","3901","3901","","","","","","","0.47572642126563364","0.47572642126563364","0.47572642126563364","1276","1276","1276","","","","","","","0.11202545421778012","0.11202545421778012","0.11202545421778012","3901","3901","3901","","","","","","","","","","","","","","","","","","","","","","","","","0.5076941520108166","0.5076941520108166","0.5076941520108166","1276","1276","1276","","","","","","","","","","","","","","","","","","","0.4862033219428294","0.4862033219428294","0.4862033219428294","1276","1276","1276","","","","","","","0.10564973759066486","0.10564973759066486","0.10564973759066486","3901","3901","3901","","","","","",""
"75","0.0904051691087352","0.0904051691087352","0.0904051691087352","6689","6689","6689","0.4843560942520512","0.4843560942520512","0.4843560942520512","1293","1293","1293","0.034376532389293724","0.034376532389293724","0.034376532389293724","3953","3953","3953","0.26608741735828995","0.26608741735828995","0.26608741735828995","4029","4029","4029","","","","","","","0.05661180605731746","0.05661180605731746","0.05661180605731746","3953","3953","3953","","","","","","","0.583491197259824","0.583491197259824","0.583491197259824","1293","1293","1293","0.10536223126172639","0.10536223126172639","0.10536223126172639","6689","6689","6689","0.469715916781119","0.469715916781119","0.469715916781119","1293","1293","1293","0.38462648023019613","0.38462648023019613","0.38462648023019613","4029","4029","4029","0.05441760985058469","0.05441760985058469","0.05441760985058469","3953","3953","3953","","","","","","","","","","","","","","","","","","","","","","","","","","","","","","","","","","","","","","","","","","","","","","","","","0.5205901579519496","0.5205901579519496","0.5205901579519496","1293","1293","1293","","","","","","","","","","","","","","","","","","","","","","","","","","","","","","","","","","","","","","","","","",""
"76","0.09036633075711513","0.09036633075711513","0.09036633075711513","6777","6777","6777","0.4882734873035722","0.4882734873035722","0.4882734873035722","1310","1310","1310","0.03526661174929631","0.03526661174929631","0.03526661174929631","4005","4005","4005","0.2812783576575127","0.2812783576575127","0.2812783576575127","4082","4082","4082","","","","","","","0.06351811420561937","0.06351811420561937","0.06351811420561937","4005","4005","4005","","","","","","","0.5650094092681973","0.5650094092681973","0.5650094092681973","1310","1310","1310","0.16843981468829491","0.16843981468829491","0.16843981468829491","6777","6777","6777","0.4579882752339574","0.4579882752339574","0.4579882752339574","1310","1310","1310","0.3908876705044009","0.3908876705044009","0.3908876705044009","4082","4082","4082","0.054988426856036964","0.054988426856036964","0.054988426856036964","4005","4005","4005","","","","","","","","","","","","","","","","","","","","","","","","","","","","","","","","","","","","","","","","","","","","","","","","","0.5220710841282704","0.5220710841282704","0.5220710841282704","1310","1310","1310","","","","","","","","","","","","","","","","","","","","","","","","","","","","","","","","","","","","","","","","","",""
"77","0.08611417448296468","0.08611417448296468","0.08611417448296468","6865","6865","6865","0.49770966406524436","0.49770966406524436","0.49770966406524436","1327","1327","1327","0.036128595118464044","0.036128595118464044","0.036128595118464044","4057","4057","4057","0.2944069611781218","0.2944069611781218","0.2944069611781218","4135","4135","4135","","","","","","","0.07376722718377828","0.07376722718377828","0.07376722718377828","4057","4057","4057","","","","","","","0.5974389389890119","0.5974389389890119","0.5974389389890119","1327","1327","1327","0.15202574350534445","0.15202574350534445","0.15202574350534445","6865","6865","6865","0.5022888682826198","0.5022888682826198","0.5022888682826198","1327","1327","1327","0.426710799960366","0.426710799960366","0.426710799960366","4135","4135","4135","0.064376202606193","0.064376202606193","0.064376202606193","4057","4057","4057","","","","","","","","","","","","","","","","","","","","","","","","","","","","","","","","","","","","","","","","","","","","","","","","","0.5103623468955049","0.5103623468955049","0.5103623468955049","1327","1327","1327","","","","","","","","","","","","","","","","","","","","","","","","","","","","","","","","","","","","","","","","","",""
"78","0.09447277367823011","0.09447277367823011","0.09447277367823011","6953","6953","6953","0.46361052026623073","0.46361052026623073","0.46361052026623073","1344","1344","1344","0.03705231205019417","0.03705231205019417","0.03705231205019417","4109","4109","4109","0.32607108830425335","0.32607108830425335","0.32607108830425335","4188","4188","4188","","","","","","","0.07293759366260952","0.07293759366260952","0.07293759366260952","4109","4109","4109","","","","","","","0.5429108740945326","0.5429108740945326","0.5429108740945326","1344","1344","1344","0.1539879774151292","0.1539879774151292","0.1539879774151292","6953","6953","6953","0.48416355216642565","0.48416355216642565","0.48416355216642565","1344","1344","1344","0.42010948284481675","0.42010948284481675","0.42010948284481675","4188","4188","4188","0.049636642113522686","0.049636642113522686","0.049636642113522686","4109","4109","4109","","","","","","","","","","","","","","","","","","","","","","","","","","","","","","","","","","","","","","","","","","","","","","","","","0.506759972679599","0.506759972679599","0.506759972679599","1344","1344","1344","","","","","","","","","","","","","","","","","","","","","","","","","","","","","","","","","","","","","","","","","",""
"79","0.09092352106470934","0.09092352106470934","0.09092352106470934","7041","7041","7041","0.528422467081097","0.528422467081097","0.528422467081097","1361","1361","1361","0.03354596661818541","0.03354596661818541","0.03354596661818541","4161","4161","4161","0.29648426414900575","0.29648426414900575","0.29648426414900575","4241","4241","4241","","","","","","","0.07770693187065444","0.07770693187065444","0.07770693187065444","4161","4161","4161","","","","","","","0.5354944746944579","0.5354944746944579","0.5354944746944579","1361","1361","1361","0.14788703280576748","0.14788703280576748","0.14788703280576748","7041","7041","7041","0.5015262364795122","0.5015262364795122","0.5015262364795122","1361","1361","1361","0.385250402139052","0.385250402139052","0.385250402139052","4241","4241","4241","0.04682435305918428","0.04682435305918428","0.04682435305918428","4161","4161","4161","","","","","","","","","","","","","","","","","","","","","","","","","","","","","","","","","","","","","","","","","","","","","","","","","0.5081335472481957","0.5081335472481957","0.5081335472481957","1361","1361","1361","","","","","","","","","","","","","","","","","","","","","","","","","","","","","","","","","","","","","","","","","",""
"80","0.08665157799599982","0.08665157799599982","0.08665157799599982","7129","7129","7129","0.4582443492055045","0.4582443492055045","0.4582443492055045","1378","1378","1378","0.03478899026163349","0.03478899026163349","0.03478899026163349","4213","4213","4213","0.31293438008264257","0.31293438008264257","0.31293438008264257","4294","4294","4294","","","","","","","0.07742205991738378","0.07742205991738378","0.07742205991738378","4213","4213","4213","","","","","","","0.5590414473649592","0.5590414473649592","0.5590414473649592","1378","1378","1378","0.15547374529680236","0.15547374529680236","0.15547374529680236","7129","7129","7129","0.4643330095967088","0.4643330095967088","0.4643330095967088","1378","1378","1378","0.41447321414075283","0.41447321414075283","0.41447321414075283","4294","4294","4294","0.05383745224840831","0.05383745224840831","0.05383745224840831","4213","4213","4213","","","","","","","","","","","","","","","","","","","","","","","","","","","","","","","","","","","","","","","","","","","","","","","","","0.4950096825249407","0.4950096825249407","0.4950096825249407","1378","1378","1378","","","","","","","","","","","","","","","","","","","","","","","","","","","","","","","","","","","","","","","","","",""
"81","0.0815072470104736","0.0815072470104736","0.0815072470104736","7217","7217","7217","0.49704926125241505","0.49704926125241505","0.49704926125241505","1395","1395","1395","0.03623461717168895","0.03623461717168895","0.03623461717168895","4265","4265","4265","0.3156533978942243","0.3156533978942243","0.3156533978942243","4347","4347","4347","","","","","","","0.04425111117648079","0.04425111117648079","0.04425111117648079","4265","4265","4265","","","","","","","0.5172450034083376","0.5172450034083376","0.5172450034083376","1395","1395","1395","0.14949372141856723","0.14949372141856723","0.14949372141856723","7217","7217","7217","0.4088557391587441","0.4088557391587441","0.4088557391587441","1395","1395","1395","0.4050616296154347","0.4050616296154347","0.4050616296154347","4347","4347","4347","0.060938081940630696","0.060938081940630696","0.060938081940630696","4265","4265","4265","","","","","","","","","","","","","","","","","","","","","","","","","","","","","","","","","","","","","","","","","","","","","","","","","0.506503354603678","0.506503354603678","0.506503354603678","1395","1395","1395","","","","","","","","","","","","","","","","","","","","","","","","","","","","","","","","","","","","","","","","","",""
"82","0.07857413129086938","0.07857413129086938","0.07857413129086938","7305","7305","7305","0.48044206600588135","0.48044206600588135","0.48044206600588135","1412","1412","1412","0.037336142712534465","0.037336142712534465","0.037336142712534465","4317","4317","4317","0.297182326520561","0.297182326520561","0.297182326520561","4400","4400","4400","","","","","","","0.04652325713789362","0.04652325713789362","0.04652325713789362","4317","4317","4317","","","","","","","0.6023376102358573","0.6023376102358573","0.6023376102358573","1412","1412","1412","0.14476680576783174","0.14476680576783174","0.14476680576783174","7305","7305","7305","0.5048831795910997","0.5048831795910997","0.5048831795910997","1412","1412","1412","0.3841690236195066","0.3841690236195066","0.3841690236195066","4400","4400","4400","0.06188212276415701","0.06188212276415701","0.06188212276415701","4317","4317","4317","","","","","","","","","","","","","","","","","","","","","","","","","","","","","","","","","","","","","","","","","","","","","","","","","0.4974673645360938","0.4974673645360938","0.4974673645360938","1412","1412","1412","","","","","","","","","","","","","","","","","","","","","","","","","","","","","","","","","","","","","","","","","",""
"83","0.09756915993774705","0.09756915993774705","0.09756915993774705","7393","7393","7393","0.5009865422842519","0.5009865422842519","0.5009865422842519","1429","1429","1429","0.0366297838576117","0.0366297838576117","0.0366297838576117","4369","4369","4369","0.35021557786854823","0.35021557786854823","0.35021557786854823","4453","4453","4453","","","","","","","0.07417401161404906","0.07417401161404906","0.07417401161404906","4369","4369","4369","","","","","","","0.5907796887503757","0.5907796887503757","0.5907796887503757","1429","1429","1429","0.15387588155818602","0.15387588155818602","0.15387588155818602","7393","7393","7393","0.43877495215292683","0.43877495215292683","0.43877495215292683","1429","1429","1429","0.3628578025325855","0.3628578025325855","0.3628578025325855","4453","4453","4453","0.055428663430547864","0.055428663430547864","0.055428663430547864","4369","4369","4369","","","","","","","","","","","","","","","","","","","","","","","","","","","","","","","","","","","","","","","","","","","","","","","","","0.43060492474300954","0.43060492474300954","0.43060492474300954","1429","1429","1429","","","","","","","","","","","","","","","","","","","","","","","","","","","","","","","","","","","","","","","","","",""
"84","0.09453014448782564","0.09453014448782564","0.09453014448782564","7481","7481","7481","0.47755955589267307","0.47755955589267307","0.47755955589267307","1446","1446","1446","0.03951565510811959","0.03951565510811959","0.03951565510811959","4421","4421","4421","0.3215615120056283","0.3215615120056283","0.3215615120056283","4506","4506","4506","","","","","","","0.0881469041407989","0.0881469041407989","0.0881469041407989","4421","4421","4421","","","","","","","0.5768332538737337","0.5768332538737337","0.5768332538737337","1446","1446","1446","0.14209896127375946","0.14209896127375946","0.14209896127375946","7481","7481","7481","0.4574146568241114","0.4574146568241114","0.4574146568241114","1446","1446","1446","0.39592769343482476","0.39592769343482476","0.39592769343482476","4506","4506","4506","0.056914914070729156","0.056914914070729156","0.056914914070729156","4421","4421","4421","","","","","","","","","","","","","","","","","","","","","","","","","","","","","","","","","","","","","","","","","","","","","","","","","0.5061080861964842","0.5061080861964842","0.5061080861964842","1446","1446","1446","","","","","","","","","","","","","","","","","","","","","","","","","","","","","","","","","","","","","","","","","",""
"85","0.07901241919395509","0.07901241919395509","0.07901241919395509","7569","7569","7569","0.47196368778271214","0.47196368778271214","0.47196368778271214","1463","1463","1463","0.03748228810828648","0.03748228810828648","0.03748228810828648","4473","4473","4473","0.3152890566153803","0.3152890566153803","0.3152890566153803","4559","4559","4559","","","","","","","0.05943710054335541","0.05943710054335541","0.05943710054335541","4473","4473","4473","","","","","","","0.5324432531854714","0.5324432531854714","0.5324432531854714","1463","1463","1463","0.13214683289236276","0.13214683289236276","0.13214683289236276","7569","7569","7569","0.48561953430647065","0.48561953430647065","0.48561953430647065","1463","1463","1463","0.3574330587393863","0.3574330587393863","0.3574330587393863","4559","4559","4559","0.062106618990900565","0.062106618990900565","0.062106618990900565","4473","4473","4473","","","","","","","","","","","","","","","","","","","","","","","","","","","","","","","","","","","","","","","","","","","","","","","","","0.5002266873469993","0.5002266873469993","0.5002266873469993","1463","1463","1463","","","","","","","","","","","","","","","","","","","","","","","","","","","","","","","","","","","","","","","","","",""
"86","0.09100346724350988","0.09100346724350988","0.09100346724350988","7657","7657","7657","0.48398324997085257","0.48398324997085257","0.48398324997085257","1480","1480","1480","0.03781254034164517","0.03781254034164517","0.03781254034164517","4525","4525","4525","0.287935309333483","0.287935309333483","0.287935309333483","4612","4612","4612","","","","","","","0.04227045269273671","0.04227045269273671","0.04227045269273671","4525","4525","4525","","","","","","","0.5730290758883528","0.5730290758883528","0.5730290758883528","1480","1480","1480","0.13555702953574716","0.13555702953574716","0.13555702953574716","7657","7657","7657","0.47321728103016913","0.47321728103016913","0.47321728103016913","1480","1480","1480","0.4046334462574317","0.4046334462574317","0.4046334462574317","4612","4612","4612","0.060882998856823654","0.060882998856823654","0.060882998856823654","4525","4525","4525","","","","","","","","","","","","","","","","","","","","","","","","","","","","","","","","","","","","","","","","","","","","","","","","","0.5003396370838884","0.5003396370838884","0.5003396370838884","1480","1480","1480","","","","","","","","","","","","","","","","","","","","","","","","","","","","","","","","","","","","","","","","","",""
"87","0.08166145660197707","0.08166145660197707","0.08166145660197707","7745","7745","7745","0.44524578551764604","0.44524578551764604","0.44524578551764604","1497","1497","1497","0.03705980967612986","0.03705980967612986","0.03705980967612986","4577","4577","4577","0.2965783762445429","0.2965783762445429","0.2965783762445429","4665","4665","4665","","","","","","","0.04409888596885723","0.04409888596885723","0.04409888596885723","4577","4577","4577","","","","","","","0.5674856734282001","0.5674856734282001","0.5674856734282001","1497","1497","1497","0.1468175125532454","0.1468175125532454","0.1468175125532454","7745","7745","7745","0.4459267691816396","0.4459267691816396","0.4459267691816396","1497","1497","1497","0.3987245544710409","0.3987245544710409","0.3987245544710409","4665","4665","4665","0.05658647004068403","0.05658647004068403","0.05658647004068403","4577","4577","4577","","","","","","","","","","","","","","","","","","","","","","","","","","","","","","","","","","","","","","","","","","","","","","","","","0.49839549752445284","0.49839549752445284","0.49839549752445284","1497","1497","1497","","","","","","","","","","","","","","","","","","","","","","","","","","","","","","","","","","","","","","","","","",""
"88","0.08518014343979696","0.08518014343979696","0.08518014343979696","7833","7833","7833","0.4688484824889586","0.4688484824889586","0.4688484824889586","1514","1514","1514","0.03508915513110578","0.03508915513110578","0.03508915513110578","4629","4629","4629","0.3507806641207687","0.3507806641207687","0.3507806641207687","4718","4718","4718","","","","","","","0.04513892486737686","0.04513892486737686","0.04513892486737686","4629","4629","4629","","","","","","","0.5867821943184703","0.5867821943184703","0.5867821943184703","1514","1514","1514","0.13376051653201904","0.13376051653201904","0.13376051653201904","7833","7833","7833","0.4384622934013176","0.4384622934013176","0.4384622934013176","1514","1514","1514","0.3819845249269128","0.3819845249269128","0.3819845249269128","4718","4718","4718","0.05907491758545863","0.05907491758545863","0.05907491758545863","4629","4629","4629","","","","","","","","","","","","","","","","","","","","","","","","","","","","","","","","","","","","","","","","","","","","","","","","","0.490183080477275","0.490183080477275","0.490183080477275","1514","1514","1514","","","","","","","","","","","","","","","","","","","","","","","","","","","","","","","","","","","","","","","","","",""
"89","0.08340515861797532","0.08340515861797532","0.08340515861797532","7921","7921","7921","0.44410109550674276","0.44410109550674276","0.44410109550674276","1531","1531","1531","0.035287134637175775","0.035287134637175775","0.035287134637175775","4681","4681","4681","0.32525243702732703","0.32525243702732703","0.32525243702732703","4771","4771","4771","","","","","","","0.04742318026886849","0.04742318026886849","0.04742318026886849","4681","4681","4681","","","","","","","0.6157242319615572","0.6157242319615572","0.6157242319615572","1531","1531","1531","0.15413007575273163","0.15413007575273163","0.15413007575273163","7921","7921","7921","0.4355322306469121","0.4355322306469121","0.4355322306469121","1531","1531","1531","0.38556078342339556","0.38556078342339556","0.38556078342339556","4771","4771","4771","0.048195806374407325","0.048195806374407325","0.048195806374407325","4681","4681","4681","","","","","","","","","","","","","","","","","","","","","","","","","","","","","","","","","","","","","","","","","","","","","","","","","0.47931241208011904","0.47931241208011904","0.47931241208011904","1531","1531","1531","","","","","","","","","","","","","","","","","","","","","","","","","","","","","","","","","","","","","","","","","",""
"90","0.08797046286057","0.08797046286057","0.08797046286057","8009","8009","8009","0.5192713930476881","0.5192713930476881","0.5192713930476881","1548","1548","1548","0.03656835841167507","0.03656835841167507","0.03656835841167507","4733","4733","4733","0.2848008576163895","0.2848008576163895","0.2848008576163895","4824","4824","4824","","","","","","","0.05988748934041488","0.05988748934041488","0.05988748934041488","4733","4733","4733","","","","","","","0.6205271344616949","0.6205271344616949","0.6205271344616949","1548","1548","1548","0.146527075830941","0.146527075830941","0.146527075830941","8009","8009","8009","0.47030437930784574","0.47030437930784574","0.47030437930784574","1548","1548","1548","0.3883257691689818","0.3883257691689818","0.3883257691689818","4824","4824","4824","0.05249019271706338","0.05249019271706338","0.05249019271706338","4733","4733","4733","","","","","","","","","","","","","","","","","","","","","","","","","","","","","","","","","","","","","","","","","","","","","","","","","0.5055550098421953","0.5055550098421953","0.5055550098421953","1548","1548","1548","","","","","","","","","","","","","","","","","","","","","","","","","","","","","","","","","","","","","","","","","",""
"91","0.08583035634955768","0.08583035634955768","0.08583035634955768","8097","8097","8097","0.47343629409198895","0.47343629409198895","0.47343629409198895","1565","1565","1565","0.039103636726511196","0.039103636726511196","0.039103636726511196","4785","4785","4785","0.2563402586696325","0.2563402586696325","0.2563402586696325","4877","4877","4877","","","","","","","0.06539258275778578","0.06539258275778578","0.06539258275778578","4785","4785","4785","","","","","","","0.5936884752823627","0.5936884752823627","0.5936884752823627","1565","1565","1565","0.15298439323351684","0.15298439323351684","0.15298439323351684","8097","8097","8097","0.4398775622093661","0.4398775622093661","0.4398775622093661","1565","1565","1565","0.36778677327573345","0.36778677327573345","0.36778677327573345","4877","4877","4877","0.049330772124261055","0.049330772124261055","0.049330772124261055","4785","4785","4785","","","","","","","","","","","","","","","","","","","","","","","","","","","","","","","","","","","","","","","","","","","","","","","","","0.5027099947123354","0.5027099947123354","0.5027099947123354","1565","1565","1565","","","","","","","","","","","","","","","","","","","","","","","","","","","","","","","","","","","","","","","","","",""
"92","0.08895890719764096","0.08895890719764096","0.08895890719764096","8185","8185","8185","0.4708233636736979","0.4708233636736979","0.4708233636736979","1582","1582","1582","0.037430325288985294","0.037430325288985294","0.037430325288985294","4837","4837","4837","0.343264310666267","0.343264310666267","0.343264310666267","4930","4930","4930","","","","","","","0.06336547891620158","0.06336547891620158","0.06336547891620158","4837","4837","4837","","","","","","","0.6208436263355193","0.6208436263355193","0.6208436263355193","1582","1582","1582","0.12931697537986026","0.12931697537986026","0.12931697537986026","8185","8185","8185","0.43749058857793405","0.43749058857793405","0.43749058857793405","1582","1582","1582","0.39372677926711674","0.39372677926711674","0.39372677926711674","4930","4930","4930","0.04109512878274559","0.04109512878274559","0.04109512878274559","4837","4837","4837","","","","","","","","","","","","","","","","","","","","","","","","","","","","","","","","","","","","","","","","","","","","","","","","","0.5059459514890853","0.5059459514890853","0.5059459514890853","1582","1582","1582","","","","","","","","","","","","","","","","","","","","","","","","","","","","","","","","","","","","","","","","","",""
"93","0.08635551168072264","0.08635551168072264","0.08635551168072264","8273","8273","8273","0.5070023205200453","0.5070023205200453","0.5070023205200453","1599","1599","1599","0.03828874661651985","0.03828874661651985","0.03828874661651985","4889","4889","4889","0.2893103135681514","0.2893103135681514","0.2893103135681514","4983","4983","4983","","","","","","","0.07296205492380325","0.07296205492380325","0.07296205492380325","4889","4889","4889","","","","","","","0.623757711380335","0.623757711380335","0.623757711380335","1599","1599","1599","0.14579406156088776","0.14579406156088776","0.14579406156088776","8273","8273","8273","0.467155473982455","0.467155473982455","0.467155473982455","1599","1599","1599","0.24236213507976476","0.24236213507976476","0.24236213507976476","4983","4983","4983","0.05835618121840228","0.05835618121840228","0.05835618121840228","4889","4889","4889","","","","","","","","","","","","","","","","","","","","","","","","","","","","","","","","","","","","","","","","","","","","","","","","","0.49848577800243615","0.49848577800243615","0.49848577800243615","1599","1599","1599","","","","","","","","","","","","","","","","","","","","","","","","","","","","","","","","","","","","","","","","","",""
"94","0.09139166612282648","0.09139166612282648","0.09139166612282648","8361","8361","8361","0.4873803802413808","0.4873803802413808","0.4873803802413808","1616","1616","1616","0.03769637862174034","0.03769637862174034","0.03769637862174034","4941","4941","4941","0.31493843734267796","0.31493843734267796","0.31493843734267796","5036","5036","5036","","","","","","","0.06970526187440568","0.06970526187440568","0.06970526187440568","4941","4941","4941","","","","","","","0.6074569633411342","0.6074569633411342","0.6074569633411342","1616","1616","1616","0.13913746666968702","0.13913746666968702","0.13913746666968702","8361","8361","8361","0.4447558598835238","0.4447558598835238","0.4447558598835238","1616","1616","1616","0.4302930110849462","0.4302930110849462","0.4302930110849462","5036","5036","5036","0.05618194516235299","0.05618194516235299","0.05618194516235299","4941","4941","4941","","","","","","","","","","","","","","","","","","","","","","","","","","","","","","","","","","","","","","","","","","","","","","","","","0.4799986065112598","0.4799986065112598","0.4799986065112598","1616","1616","1616","","","","","","","","","","","","","","","","","","","","","","","","","","","","","","","","","","","","","","","","","",""
"95","0.08839518107985739","0.08839518107985739","0.08839518107985739","8449","8449","8449","0.4563045031505726","0.4563045031505726","0.4563045031505726","1633","1633","1633","0.040065815284976665","0.040065815284976665","0.040065815284976665","4993","4993","4993","0.31697009136716897","0.31697009136716897","0.31697009136716897","5089","5089","5089","","","","","","","0.0553211348000861","0.0553211348000861","0.0553211348000861","4993","4993","4993","","","","","","","0.6213406554807877","0.6213406554807877","0.6213406554807877","1633","1633","1633","0.12991022144876524","0.12991022144876524","0.12991022144876524","8449","8449","8449","0.4559907273459266","0.4559907273459266","0.4559907273459266","1633","1633","1633","0.3206418169733412","0.3206418169733412","0.3206418169733412","5089","5089","5089","0.052984338534317374","0.052984338534317374","0.052984338534317374","4993","4993","4993","","","","","","","","","","","","","","","","","","","","","","","","","","","","","","","","","","","","","","","","","","","","","","","","","0.49479902655663216","0.49479902655663216","0.49479902655663216","1633","1633","1633","","","","","","","","","","","","","","","","","","","","","","","","","","","","","","","","","","","","","","","","","",""
"96","0.084521236094684","0.084521236094684","0.084521236094684","8537","8537","8537","0.4025928758994805","0.4025928758994805","0.4025928758994805","1650","1650","1650","0.04211225346854048","0.04211225346854048","0.04211225346854048","5045","5045","5045","0.3261131175502035","0.3261131175502035","0.3261131175502035","5142","5142","5142","","","","","","","0.04919084323268618","0.04919084323268618","0.04919084323268618","5045","5045","5045","","","","","","","0.5771422630762638","0.5771422630762638","0.5771422630762638","1650","1650","1650","0.12745646714157507","0.12745646714157507","0.12745646714157507","8537","8537","8537","0.4711652805249279","0.4711652805249279","0.4711652805249279","1650","1650","1650","0.42277484033603","0.42277484033603","0.42277484033603","5142","5142","5142","0.059502995243223396","0.059502995243223396","0.059502995243223396","5045","5045","5045","","","","","","","","","","","","","","","","","","","","","","","","","","","","","","","","","","","","","","","","","","","","","","","","","0.49090517478761836","0.49090517478761836","0.49090517478761836","1650","1650","1650","","","","","","","","","","","","","","","","","","","","","","","","","","","","","","","","","","","","","","","","","",""
"97","0.08474376007346779","0.08474376007346779","0.08474376007346779","8625","8625","8625","0.4687851785877424","0.4687851785877424","0.4687851785877424","1667","1667","1667","0.03957457771960777","0.03957457771960777","0.03957457771960777","5097","5097","5097","0.3481148026345832","0.3481148026345832","0.3481148026345832","5195","5195","5195","","","","","","","0.0487850101815502","0.0487850101815502","0.0487850101815502","5097","5097","5097","","","","","","","0.5719761701105215","0.5719761701105215","0.5719761701105215","1667","1667","1667","0.1562549167506277","0.1562549167506277","0.1562549167506277","8625","8625","8625","0.4779805375189119","0.4779805375189119","0.4779805375189119","1667","1667","1667","0.40514992331466715","0.40514992331466715","0.40514992331466715","5195","5195","5195","0.04326583929284726","0.04326583929284726","0.04326583929284726","5097","5097","5097","","","","","","","","","","","","","","","","","","","","","","","","","","","","","","","","","","","","","","","","","","","","","","","","","0.5031604165985664","0.5031604165985664","0.5031604165985664","1667","1667","1667","","","","","","","","","","","","","","","","","","","","","","","","","","","","","","","","","","","","","","","","","",""
"98","0.08390756920813262","0.08390756920813262","0.08390756920813262","8713","8713","8713","0.5068952964945206","0.5068952964945206","0.5068952964945206","1684","1684","1684","0.03965254305748928","0.03965254305748928","0.03965254305748928","5149","5149","5149","0.3159637211126488","0.3159637211126488","0.3159637211126488","5248","5248","5248","","","","","","","0.04947290374520537","0.04947290374520537","0.04947290374520537","5149","5149","5149","","","","","","","0.6169162257632812","0.6169162257632812","0.6169162257632812","1684","1684","1684","0.13837206571809188","0.13837206571809188","0.13837206571809188","8713","8713","8713","0.45804864115700955","0.45804864115700955","0.45804864115700955","1684","1684","1684","0.4159524825600723","0.4159524825600723","0.4159524825600723","5248","5248","5248","0.058386235658245064","0.058386235658245064","0.058386235658245064","5149","5149","5149","","","","","","","","","","","","","","","","","","","","","","","","","","","","","","","","","","","","","","","","","","","","","","","","","0.5055552443284118","0.5055552443284118","0.5055552443284118","1684","1684","1684","","","","","","","","","","","","","","","","","","","","","","","","","","","","","","","","","","","","","","","","","",""
"99","0.09213473242554626","0.09213473242554626","0.09213473242554626","8801","8801","8801","0.496051251385472","0.496051251385472","0.496051251385472","1701","1701","1701","0.04089512834515585","0.04089512834515585","0.04089512834515585","5201","5201","5201","0.2938617356253419","0.2938617356253419","0.2938617356253419","5301","5301","5301","","","","","","","0.05582920752052574","0.05582920752052574","0.05582920752052574","5201","5201","5201","","","","","","","0.5810129682680113","0.5810129682680113","0.5810129682680113","1701","1701","1701","0.13694425464528293","0.13694425464528293","0.13694425464528293","8801","8801","8801","0.4200118892122185","0.4200118892122185","0.4200118892122185","1701","1701","1701","0.4142085029957816","0.4142085029957816","0.4142085029957816","5301","5301","5301","0.05186017578586965","0.05186017578586965","0.05186017578586965","5201","5201","5201","","","","","","","","","","","","","","","","","","","","","","","","","","","","","","","","","","","","","","","","","","","","","","","","","0.503793015425887","0.503793015425887","0.503793015425887","1701","1701","1701","","","","","","","","","","","","","","","","","","","","","","","","","","","","","","","","","","","","","","","","","",""
"100","0.08486427084266351","0.08486427084266351","0.08486427084266351","8889","8889","8889","0.4495308757439458","0.4495308757439458","0.4495308757439458","1718","1718","1718","0.038140245786038765","0.038140245786038765","0.038140245786038765","5253","5253","5253","0.30337377769339813","0.30337377769339813","0.30337377769339813","5354","5354","5354","","","","","","","","","","","","","","","","","","","","","","","","","0.17115590165590142","0.17115590165590142","0.17115590165590142","8889","8889","8889","0.45787823683959966","0.45787823683959966","0.45787823683959966","1718","1718","1718","0.41103420012900954","0.41103420012900954","0.41103420012900954","5354","5354","5354","0.05221045143278795","0.05221045143278795","0.05221045143278795","5253","5253","5253","","","","","","","","","","","","","","","","","","","","","","","","","","","","","","","","","","","","","","","","","","","","","","","","","0.5021120894069118","0.5021120894069118","0.5021120894069118","1718","1718","1718","","","","","","","","","","","","","","","","","","","","","","","","","","","","","","","","","","","","","","","","","",""
"101","0.09371636026194995","0.09371636026194995","0.09371636026194995","8977","8977","8977","0.4303292909254849","0.4303292909254849","0.4303292909254849","1735","1735","1735","0.040138944833960716","0.040138944833960716","0.040138944833960716","5305","5305","5305","0.3348906606149997","0.3348906606149997","0.3348906606149997","5407","5407","5407","","","","","","","","","","","","","","","","","","","","","","","","","0.15967610165303103","0.15967610165303103","0.15967610165303103","8977","8977","8977","0.48407736976974264","0.48407736976974264","0.48407736976974264","1735","1735","1735","0.4532363878683591","0.4532363878683591","0.4532363878683591","5407","5407","5407","0.05634101473691562","0.05634101473691562","0.05634101473691562","5305","5305","5305","","","","","","","","","","","","","","","","","","","","","","","","","","","","","","","","","","","","","","","","","","","","","","","","","0.5282802705899409","0.5282802705899409","0.5282802705899409","1735","1735","1735","","","","","","","","","","","","","","","","","","","","","","","","","","","","","","","","","","","","","","","","","",""
"102","0.08981090729257367","0.08981090729257367","0.08981090729257367","9065","9065","9065","0.43743387562765357","0.43743387562765357","0.43743387562765357","1752","1752","1752","0.035751444311250796","0.035751444311250796","0.035751444311250796","5357","5357","5357","0.30712675856229876","0.30712675856229876","0.30712675856229876","5460","5460","5460","","","","","","","","","","","","","","","","","","","","","","","","","0.1431018017184632","0.1431018017184632","0.1431018017184632","9065","9065","9065","0.46880478703490347","0.46880478703490347","0.46880478703490347","1752","1752","1752","0.44482865438339486","0.44482865438339486","0.44482865438339486","5460","5460","5460","0.050767367859419044","0.050767367859419044","0.050767367859419044","5357","5357","5357","","","","","","","","","","","","","","","","","","","","","","","","","","","","","","","","","","","","","","","","","","","","","","","","","0.5050647092379049","0.5050647092379049","0.5050647092379049","1752","1752","1752","","","","","","","","","","","","","","","","","","","","","","","","","","","","","","","","","","","","","","","","","",""
"103","0.09141597747570027","0.09141597747570027","0.09141597747570027","9153","9153","9153","0.5297527387191194","0.5297527387191194","0.5297527387191194","1769","1769","1769","0.04301378048631936","0.04301378048631936","0.04301378048631936","5409","5409","5409","0.29701638023779336","0.29701638023779336","0.29701638023779336","5513","5513","5513","","","","","","","","","","","","","","","","","","","","","","","","","0.14671676892269936","0.14671676892269936","0.14671676892269936","9153","9153","9153","0.47004536397142804","0.47004536397142804","0.47004536397142804","1769","1769","1769","0.4473454503008404","0.4473454503008404","0.4473454503008404","5513","5513","5513","0.05631973762486503","0.05631973762486503","0.05631973762486503","5409","5409","5409","","","","","","","","","","","","","","","","","","","","","","","","","","","","","","","","","","","","","","","","","","","","","","","","","0.5013459456820355","0.5013459456820355","0.5013459456820355","1769","1769","1769","","","","","","","","","","","","","","","","","","","","","","","","","","","","","","","","","","","","","","","","","",""
"104","0.0902884367983755","0.0902884367983755","0.0902884367983755","9241","9241","9241","0.49679005310730995","0.49679005310730995","0.49679005310730995","1786","1786","1786","0.038628371467018405","0.038628371467018405","0.038628371467018405","5461","5461","5461","0.28574491915216915","0.28574491915216915","0.28574491915216915","5566","5566","5566","","","","","","","","","","","","","","","","","","","","","","","","","0.1675793891074536","0.1675793891074536","0.1675793891074536","9241","9241","9241","0.4828144650059101","0.4828144650059101","0.4828144650059101","1786","1786","1786","0.44726457039338674","0.44726457039338674","0.44726457039338674","5566","5566","5566","0.05631636119400474","0.05631636119400474","0.05631636119400474","5461","5461","5461","","","","","","","","","","","","","","","","","","","","","","","","","","","","","","","","","","","","","","","","","","","","","","","","","0.5092042109857425","0.5092042109857425","0.5092042109857425","1786","1786","1786","","","","","","","","","","","","","","","","","","","","","","","","","","","","","","","","","","","","","","","","","",""
"105","0.08673053483190105","0.08673053483190105","0.08673053483190105","9329","9329","9329","0.4751985541829028","0.4751985541829028","0.4751985541829028","1803","1803","1803","0.038409652046356824","0.038409652046356824","0.038409652046356824","5513","5513","5513","0.33297726179287745","0.33297726179287745","0.33297726179287745","5619","5619","5619","","","","","","","","","","","","","","","","","","","","","","","","","0.16645721619000645","0.16645721619000645","0.16645721619000645","9329","9329","9329","0.4302342177170284","0.4302342177170284","0.4302342177170284","1803","1803","1803","0.40316132577613656","0.40316132577613656","0.40316132577613656","5619","5619","5619","0.044730552991214624","0.044730552991214624","0.044730552991214624","5513","5513","5513","","","","","","","","","","","","","","","","","","","","","","","","","","","","","","","","","","","","","","","","","","","","","","","","","0.5052928351869512","0.5052928351869512","0.5052928351869512","1803","1803","1803","","","","","","","","","","","","","","","","","","","","","","","","","","","","","","","","","","","","","","","","","",""
"106","0.08742686484387165","0.08742686484387165","0.08742686484387165","9417","9417","9417","0.5319294366182179","0.5319294366182179","0.5319294366182179","1820","1820","1820","0.03904591179635682","0.03904591179635682","0.03904591179635682","5565","5565","5565","0.29537887217129755","0.29537887217129755","0.29537887217129755","5672","5672","5672","","","","","","","","","","","","","","","","","","","","","","","","","0.18781349827878938","0.18781349827878938","0.18781349827878938","9417","9417","9417","0.4624110210244273","0.4624110210244273","0.4624110210244273","1820","1820","1820","0.42392599179457946","0.42392599179457946","0.42392599179457946","5672","5672","5672","0.06535685137885053","0.06535685137885053","0.06535685137885053","5565","5565","5565","","","","","","","","","","","","","","","","","","","","","","","","","","","","","","","","","","","","","","","","","","","","","","","","","0.5141715233569453","0.5141715233569453","0.5141715233569453","1820","1820","1820","","","","","","","","","","","","","","","","","","","","","","","","","","","","","","","","","","","","","","","","","",""
"107","0.08966213749271124","0.08966213749271124","0.08966213749271124","9505","9505","9505","0.4804417371392399","0.4804417371392399","0.4804417371392399","1837","1837","1837","0.0381449341328812","0.0381449341328812","0.0381449341328812","5617","5617","5617","0.32084850315194147","0.32084850315194147","0.32084850315194147","5725","5725","5725","","","","","","","","","","","","","","","","","","","","","","","","","0.1869228623653891","0.1869228623653891","0.1869228623653891","9505","9505","9505","0.4627112926620282","0.4627112926620282","0.4627112926620282","1837","1837","1837","0.4246433259924596","0.4246433259924596","0.4246433259924596","5725","5725","5725","0.05168615147184634","0.05168615147184634","0.05168615147184634","5617","5617","5617","","","","","","","","","","","","","","","","","","","","","","","","","","","","","","","","","","","","","","","","","","","","","","","","","0.5183827856819769","0.5183827856819769","0.5183827856819769","1837","1837","1837","","","","","","","","","","","","","","","","","","","","","","","","","","","","","","","","","","","","","","","","","",""
"108","0.08451452564267098","0.08451452564267098","0.08451452564267098","9593","9593","9593","0.5225286883665275","0.5225286883665275","0.5225286883665275","1854","1854","1854","0.037186284976668676","0.037186284976668676","0.037186284976668676","5669","5669","5669","0.3190600342877256","0.3190600342877256","0.3190600342877256","5778","5778","5778","","","","","","","","","","","","","","","","","","","","","","","","","0.17489729783123392","0.17489729783123392","0.17489729783123392","9593","9593","9593","0.45682073987600214","0.45682073987600214","0.45682073987600214","1854","1854","1854","0.3967497857598999","0.3967497857598999","0.3967497857598999","5778","5778","5778","0.04756716161620656","0.04756716161620656","0.04756716161620656","5669","5669","5669","","","","","","","","","","","","","","","","","","","","","","","","","","","","","","","","","","","","","","","","","","","","","","","","","0.5092958900932784","0.5092958900932784","0.5092958900932784","1854","1854","1854","","","","","","","","","","","","","","","","","","","","","","","","","","","","","","","","","","","","","","","","","",""
"109","0.07993854945865744","0.07993854945865744","0.07993854945865744","9681","9681","9681","0.5085848771269565","0.5085848771269565","0.5085848771269565","1871","1871","1871","0.037881314738142116","0.037881314738142116","0.037881314738142116","5721","5721","5721","0.35039441986855474","0.35039441986855474","0.35039441986855474","5831","5831","5831","","","","","","","","","","","","","","","","","","","","","","","","","0.18294495474077904","0.18294495474077904","0.18294495474077904","9681","9681","9681","0.4837040470241369","0.4837040470241369","0.4837040470241369","1871","1871","1871","0.3984394846902233","0.3984394846902233","0.3984394846902233","5831","5831","5831","0.04581221897705946","0.04581221897705946","0.04581221897705946","5721","5721","5721","","","","","","","","","","","","","","","","","","","","","","","","","","","","","","","","","","","","","","","","","","","","","","","","","0.5109813210418648","0.5109813210418648","0.5109813210418648","1871","1871","1871","","","","","","","","","","","","","","","","","","","","","","","","","","","","","","","","","","","","","","","","","",""
"110","0.08561563811613682","0.08561563811613682","0.08561563811613682","9769","9769","9769","0.4524383149143285","0.4524383149143285","0.4524383149143285","1888","1888","1888","0.03826613502722748","0.03826613502722748","0.03826613502722748","5773","5773","5773","0.3130050921713778","0.3130050921713778","0.3130050921713778","5884","5884","5884","","","","","","","","","","","","","","","","","","","","","","","","","0.18186748876191927","0.18186748876191927","0.18186748876191927","9769","9769","9769","0.451689185551174","0.451689185551174","0.451689185551174","1888","1888","1888","0.40947796697618527","0.40947796697618527","0.40947796697618527","5884","5884","5884","0.05483584534046445","0.05483584534046445","0.05483584534046445","5773","5773","5773","","","","","","","","","","","","","","","","","","","","","","","","","","","","","","","","","","","","","","","","","","","","","","","","","0.5183006771339144","0.5183006771339144","0.5183006771339144","1888","1888","1888","","","","","","","","","","","","","","","","","","","","","","","","","","","","","","","","","","","","","","","","","",""
"111","0.08709314567887379","0.08709314567887379","0.08709314567887379","9857","9857","9857","0.4925750857519835","0.4925750857519835","0.4925750857519835","1905","1905","1905","0.038772421716698084","0.038772421716698084","0.038772421716698084","5825","5825","5825","0.33830665855514386","0.33830665855514386","0.33830665855514386","5937","5937","5937","","","","","","","","","","","","","","","","","","","","","","","","","0.17664441554508553","0.17664441554508553","0.17664441554508553","9857","9857","9857","0.42630692988435925","0.42630692988435925","0.42630692988435925","1905","1905","1905","0.4312053099150449","0.4312053099150449","0.4312053099150449","5937","5937","5937","0.06095028878380193","0.06095028878380193","0.06095028878380193","5825","5825","5825","","","","","","","","","","","","","","","","","","","","","","","","","","","","","","","","","","","","","","","","","","","","","","","","","0.5118943020618462","0.5118943020618462","0.5118943020618462","1905","1905","1905","","","","","","","","","","","","","","","","","","","","","","","","","","","","","","","","","","","","","","","","","",""
"112","0.08821433327677704","0.08821433327677704","0.08821433327677704","9945","9945","9945","0.47189784009168095","0.47189784009168095","0.47189784009168095","1922","1922","1922","0.039655174061445336","0.039655174061445336","0.039655174061445336","5877","5877","5877","0.3379896960421831","0.3379896960421831","0.3379896960421831","5990","5990","5990","","","","","","","","","","","","","","","","","","","","","","","","","0.17988992693656075","0.17988992693656075","0.17988992693656075","9945","9945","9945","0.4268810911500739","0.4268810911500739","0.4268810911500739","1922","1922","1922","0.41649379968442235","0.41649379968442235","0.41649379968442235","5990","5990","5990","0.05519666039193954","0.05519666039193954","0.05519666039193954","5877","5877","5877","","","","","","","","","","","","","","","","","","","","","","","","","","","","","","","","","","","","","","","","","","","","","","","","","0.49440030408566205","0.49440030408566205","0.49440030408566205","1922","1922","1922","","","","","","","","","","","","","","","","","","","","","","","","","","","","","","","","","","","","","","","","","",""
"113","0.09260379382778573","0.09260379382778573","0.09260379382778573","10033","10033","10033","0.4660032514914005","0.4660032514914005","0.4660032514914005","1939","1939","1939","0.04189502421822469","0.04189502421822469","0.04189502421822469","5929","5929","5929","0.31956531789983694","0.31956531789983694","0.31956531789983694","6043","6043","6043","","","","","","","","","","","","","","","","","","","","","","","","","0.17273000828223983","0.17273000828223983","0.17273000828223983","10033","10033","10033","0.4673106599939351","0.4673106599939351","0.4673106599939351","1939","1939","1939","0.44209744246427085","0.44209744246427085","0.44209744246427085","6043","6043","6043","0.04810560834306144","0.04810560834306144","0.04810560834306144","5929","5929","5929","","","","","","","","","","","","","","","","","","","","","","","","","","","","","","","","","","","","","","","","","","","","","","","","","0.47842162577622005","0.47842162577622005","0.47842162577622005","1939","1939","1939","","","","","","","","","","","","","","","","","","","","","","","","","","","","","","","","","","","","","","","","","",""
"114","0.08716867242487603","0.08716867242487603","0.08716867242487603","10121","10121","10121","0.4698035142364058","0.4698035142364058","0.4698035142364058","1956","1956","1956","0.04131234421568758","0.04131234421568758","0.04131234421568758","5981","5981","5981","0.34042498788949704","0.34042498788949704","0.34042498788949704","6096","6096","6096","","","","","","","","","","","","","","","","","","","","","","","","","0.17366531249061204","0.17366531249061204","0.17366531249061204","10121","10121","10121","0.4055255295687763","0.4055255295687763","0.4055255295687763","1956","1956","1956","0.4378322486439735","0.4378322486439735","0.4378322486439735","6096","6096","6096","0.060293154811361604","0.060293154811361604","0.060293154811361604","5981","5981","5981","","","","","","","","","","","","","","","","","","","","","","","","","","","","","","","","","","","","","","","","","","","","","","","","","0.49472795139098724","0.49472795139098724","0.49472795139098724","1956","1956","1956","","","","","","","","","","","","","","","","","","","","","","","","","","","","","","","","","","","","","","","","","",""
"115","0.08312009811614568","0.08312009811614568","0.08312009811614568","10209","10209","10209","0.5164407359978221","0.5164407359978221","0.5164407359978221","1973","1973","1973","0.04046247768394074","0.04046247768394074","0.04046247768394074","6033","6033","6033","0.3058143243270084","0.3058143243270084","0.3058143243270084","6149","6149","6149","","","","","","","","","","","","","","","","","","","","","","","","","0.18256884368535628","0.18256884368535628","0.18256884368535628","10209","10209","10209","0.38383933956669736","0.38383933956669736","0.38383933956669736","1973","1973","1973","0.434847402250217","0.434847402250217","0.434847402250217","6149","6149","6149","0.056535719083115825","0.056535719083115825","0.056535719083115825","6033","6033","6033","","","","","","","","","","","","","","","","","","","","","","","","","","","","","","","","","","","","","","","","","","","","","","","","","0.49765518940518183","0.49765518940518183","0.49765518940518183","1973","1973","1973","","","","","","","","","","","","","","","","","","","","","","","","","","","","","","","","","","","","","","","","","",""
"116","0.08590012820462382","0.08590012820462382","0.08590012820462382","10297","10297","10297","0.4470942644347141","0.4470942644347141","0.4470942644347141","1990","1990","1990","0.03849607559675837","0.03849607559675837","0.03849607559675837","6085","6085","6085","0.3383121289186356","0.3383121289186356","0.3383121289186356","6202","6202","6202","","","","","","","","","","","","","","","","","","","","","","","","","0.1685892406707603","0.1685892406707603","0.1685892406707603","10297","10297","10297","0.4092771357392317","0.4092771357392317","0.4092771357392317","1990","1990","1990","0.4245453670767251","0.4245453670767251","0.4245453670767251","6202","6202","6202","0.05015086288601366","0.05015086288601366","0.05015086288601366","6085","6085","6085","","","","","","","","","","","","","","","","","","","","","","","","","","","","","","","","","","","","","","","","","","","","","","","","","0.5058892720372267","0.5058892720372267","0.5058892720372267","1990","1990","1990","","","","","","","","","","","","","","","","","","","","","","","","","","","","","","","","","","","","","","","","","",""
"117","0.08044952869891986","0.08044952869891986","0.08044952869891986","10385","10385","10385","0.4802910938139317","0.4802910938139317","0.4802910938139317","2007","2007","2007","0.04057039245035138","0.04057039245035138","0.04057039245035138","6137","6137","6137","0.3212462034733278","0.3212462034733278","0.3212462034733278","6255","6255","6255","","","","","","","","","","","","","","","","","","","","","","","","","0.16567224259367694","0.16567224259367694","0.16567224259367694","10385","10385","10385","0.45054556969178927","0.45054556969178927","0.45054556969178927","2007","2007","2007","0.4281327911561539","0.4281327911561539","0.4281327911561539","6255","6255","6255","0.06288572554713055","0.06288572554713055","0.06288572554713055","6137","6137","6137","","","","","","","","","","","","","","","","","","","","","","","","","","","","","","","","","","","","","","","","","","","","","","","","","0.5184929197421698","0.5184929197421698","0.5184929197421698","2007","2007","2007","","","","","","","","","","","","","","","","","","","","","","","","","","","","","","","","","","","","","","","","","",""
"118","0.07783178721078693","0.07783178721078693","0.07783178721078693","10473","10473","10473","0.4871439136386078","0.4871439136386078","0.4871439136386078","2024","2024","2024","0.04119081637517302","0.04119081637517302","0.04119081637517302","6189","6189","6189","0.3224844119098066","0.3224844119098066","0.3224844119098066","6308","6308","6308","","","","","","","","","","","","","","","","","","","","","","","","","0.17343932782753654","0.17343932782753654","0.17343932782753654","10473","10473","10473","0.426117602688208","0.426117602688208","0.426117602688208","2024","2024","2024","0.4239481833666024","0.4239481833666024","0.4239481833666024","6308","6308","6308","0.05592346447019897","0.05592346447019897","0.05592346447019897","6189","6189","6189","","","","","","","","","","","","","","","","","","","","","","","","","","","","","","","","","","","","","","","","","","","","","","","","","0.5097540186027696","0.5097540186027696","0.5097540186027696","2024","2024","2024","","","","","","","","","","","","","","","","","","","","","","","","","","","","","","","","","","","","","","","","","",""
"119","0.08595405689996452","0.08595405689996452","0.08595405689996452","10561","10561","10561","0.4750817250265675","0.4750817250265675","0.4750817250265675","2041","2041","2041","0.04188570819952202","0.04188570819952202","0.04188570819952202","6241","6241","6241","0.3088424806205207","0.3088424806205207","0.3088424806205207","6361","6361","6361","","","","","","","","","","","","","","","","","","","","","","","","","0.1837992278299433","0.1837992278299433","0.1837992278299433","10561","10561","10561","0.4454822313581126","0.4454822313581126","0.4454822313581126","2041","2041","2041","0.42431619391681097","0.42431619391681097","0.42431619391681097","6361","6361","6361","0.05896869956921151","0.05896869956921151","0.05896869956921151","6241","6241","6241","","","","","","","","","","","","","","","","","","","","","","","","","","","","","","","","","","","","","","","","","","","","","","","","","0.5085398707782991","0.5085398707782991","0.5085398707782991","2041","2041","2041","","","","","","","","","","","","","","","","","","","","","","","","","","","","","","","","","","","","","","","","","",""
"120","0.08525038607069467","0.08525038607069467","0.08525038607069467","10649","10649","10649","0.5054140271546312","0.5054140271546312","0.5054140271546312","2058","2058","2058","0.03900783639925755","0.03900783639925755","0.03900783639925755","6293","6293","6293","0.33554657619238937","0.33554657619238937","0.33554657619238937","6414","6414","6414","","","","","","","","","","","","","","","","","","","","","","","","","0.17846243141855828","0.17846243141855828","0.17846243141855828","10649","10649","10649","0.4212128473075645","0.4212128473075645","0.4212128473075645","2058","2058","2058","0.4372192124543274","0.4372192124543274","0.4372192124543274","6414","6414","6414","0.05091366990800281","0.05091366990800281","0.05091366990800281","6293","6293","6293","","","","","","","","","","","","","","","","","","","","","","","","","","","","","","","","","","","","","","","","","","","","","","","","","0.5131223359091761","0.5131223359091761","0.5131223359091761","2058","2058","2058","","","","","","","","","","","","","","","","","","","","","","","","","","","","","","","","","","","","","","","","","",""
"121","0.09001562178527343","0.09001562178527343","0.09001562178527343","10737","10737","10737","0.49818298790488474","0.49818298790488474","0.49818298790488474","2075","2075","2075","0.039675395110747226","0.039675395110747226","0.039675395110747226","6345","6345","6345","0.31032391540851684","0.31032391540851684","0.31032391540851684","6467","6467","6467","","","","","","","","","","","","","","","","","","","","","","","","","0.17682263396958064","0.17682263396958064","0.17682263396958064","10737","10737","10737","0.36684262653488153","0.36684262653488153","0.36684262653488153","2075","2075","2075","0.43786757961201506","0.43786757961201506","0.43786757961201506","6467","6467","6467","0.058443094444553645","0.058443094444553645","0.058443094444553645","6345","6345","6345","","","","","","","","","","","","","","","","","","","","","","","","","","","","","","","","","","","","","","","","","","","","","","","","","0.5103011793136402","0.5103011793136402","0.5103011793136402","2075","2075","2075","","","","","","","","","","","","","","","","","","","","","","","","","","","","","","","","","","","","","","","","","",""
"122","0.08203919114822436","0.08203919114822436","0.08203919114822436","10825","10825","10825","0.46680800611359025","0.46680800611359025","0.46680800611359025","2092","2092","2092","0.03854365903236493","0.03854365903236493","0.03854365903236493","6397","6397","6397","0.29705597097762204","0.29705597097762204","0.29705597097762204","6520","6520","6520","","","","","","","","","","","","","","","","","","","","","","","","","0.1874172218088863","0.1874172218088863","0.1874172218088863","10825","10825","10825","0.3483219077469043","0.3483219077469043","0.3483219077469043","2092","2092","2092","0.4138811240659501","0.4138811240659501","0.4138811240659501","6520","6520","6520","0.05625549711334957","0.05625549711334957","0.05625549711334957","6397","6397","6397","","","","","","","","","","","","","","","","","","","","","","","","","","","","","","","","","","","","","","","","","","","","","","","","","0.5312443412254673","0.5312443412254673","0.5312443412254673","2092","2092","2092","","","","","","","","","","","","","","","","","","","","","","","","","","","","","","","","","","","","","","","","","",""
"123","0.0839860451076813","0.0839860451076813","0.0839860451076813","10913","10913","10913","0.47498125403117825","0.47498125403117825","0.47498125403117825","2109","2109","2109","0.04234766027746997","0.04234766027746997","0.04234766027746997","6449","6449","6449","0.2969194954147108","0.2969194954147108","0.2969194954147108","6573","6573","6573","","","","","","","","","","","","","","","","","","","","","","","","","0.18955593651484012","0.18955593651484012","0.18955593651484012","10913","10913","10913","0.3884683716570877","0.3884683716570877","0.3884683716570877","2109","2109","2109","0.4169185162535507","0.4169185162535507","0.4169185162535507","6573","6573","6573","0.04553349122716789","0.04553349122716789","0.04553349122716789","6449","6449","6449","","","","","","","","","","","","","","","","","","","","","","","","","","","","","","","","","","","","","","","","","","","","","","","","","0.5305960535246059","0.5305960535246059","0.5305960535246059","2109","2109","2109","","","","","","","","","","","","","","","","","","","","","","","","","","","","","","","","","","","","","","","","","",""
"124","0.09219125737728852","0.09219125737728852","0.09219125737728852","11001","11001","11001","0.48504550295258164","0.48504550295258164","0.48504550295258164","2126","2126","2126","0.042325622121911585","0.042325622121911585","0.042325622121911585","6501","6501","6501","0.29679140547516464","0.29679140547516464","0.29679140547516464","6626","6626","6626","","","","","","","","","","","","","","","","","","","","","","","","","0.1747108172214034","0.1747108172214034","0.1747108172214034","11001","11001","11001","0.4415527121099386","0.4415527121099386","0.4415527121099386","2126","2126","2126","0.4214449950980878","0.4214449950980878","0.4214449950980878","6626","6626","6626","0.051315304201684946","0.051315304201684946","0.051315304201684946","6501","6501","6501","","","","","","","","","","","","","","","","","","","","","","","","","","","","","","","","","","","","","","","","","","","","","","","","","0.5235617249448646","0.5235617249448646","0.5235617249448646","2126","2126","2126","","","","","","","","","","","","","","","","","","","","","","","","","","","","","","","","","","","","","","","","","",""
"125","0.08270752391030049","0.08270752391030049","0.08270752391030049","11089","11089","11089","0.4473301071432239","0.4473301071432239","0.4473301071432239","2143","2143","2143","0.040236639090733814","0.040236639090733814","0.040236639090733814","6553","6553","6553","0.3436071226564373","0.3436071226564373","0.3436071226564373","6679","6679","6679","","","","","","","","","","","","","","","","","","","","","","","","","0.18175793862721862","0.18175793862721862","0.18175793862721862","11089","11089","11089","0.4436573228172862","0.4436573228172862","0.4436573228172862","2143","2143","2143","0.40620616163892975","0.40620616163892975","0.40620616163892975","6679","6679","6679","0.05219013861430616","0.05219013861430616","0.05219013861430616","6553","6553","6553","","","","","","","","","","","","","","","","","","","","","","","","","","","","","","","","","","","","","","","","","","","","","","","","","0.5146996292912399","0.5146996292912399","0.5146996292912399","2143","2143","2143","","","","","","","","","","","","","","","","","","","","","","","","","","","","","","","","","","","","","","","","","",""
"126","0.09278012635106478","0.09278012635106478","0.09278012635106478","11177","11177","11177","0.42149182373859906","0.42149182373859906","0.42149182373859906","2160","2160","2160","0.043495871138110986","0.043495871138110986","0.043495871138110986","6605","6605","6605","0.35490231072314105","0.35490231072314105","0.35490231072314105","6732","6732","6732","","","","","","","","","","","","","","","","","","","","","","","","","0.18365848073554195","0.18365848073554195","0.18365848073554195","11177","11177","11177","0.380928226615029","0.380928226615029","0.380928226615029","2160","2160","2160","0.4416377726915531","0.4416377726915531","0.4416377726915531","6732","6732","6732","0.05714841941234022","0.05714841941234022","0.05714841941234022","6605","6605","6605","","","","","","","","","","","","","","","","","","","","","","","","","","","","","","","","","","","","","","","","","","","","","","","","","0.4927698632029898","0.4927698632029898","0.4927698632029898","2160","2160","2160","","","","","","","","","","","","","","","","","","","","","","","","","","","","","","","","","","","","","","","","","",""
"127","0.09169272467210596","0.09169272467210596","0.09169272467210596","11265","11265","11265","0.47090492407254353","0.47090492407254353","0.47090492407254353","2177","2177","2177","0.049445972577412615","0.049445972577412615","0.049445972577412615","6657","6657","6657","0.344613816043701","0.344613816043701","0.344613816043701","6785","6785","6785","","","","","","","","","","","","","","","","","","","","","","","","","0.18839923912105047","0.18839923912105047","0.18839923912105047","11265","11265","11265","0.4266206874367344","0.4266206874367344","0.4266206874367344","2177","2177","2177","0.4130949539507035","0.4130949539507035","0.4130949539507035","6785","6785","6785","0.05855830213553247","0.05855830213553247","0.05855830213553247","6657","6657","6657","","","","","","","","","","","","","","","","","","","","","","","","","","","","","","","","","","","","","","","","","","","","","","","","","0.45997274618279715","0.45997274618279715","0.45997274618279715","2177","2177","2177","","","","","","","","","","","","","","","","","","","","","","","","","","","","","","","","","","","","","","","","","",""
"128","0.09103770929198446","0.09103770929198446","0.09103770929198446","11353","11353","11353","0.49185705510217215","0.49185705510217215","0.49185705510217215","2194","2194","2194","0.0428834141633779","0.0428834141633779","0.0428834141633779","6709","6709","6709","0.34414448227297106","0.34414448227297106","0.34414448227297106","6838","6838","6838","","","","","","","","","","","","","","","","","","","","","","","","","0.1795219506567043","0.1795219506567043","0.1795219506567043","11353","11353","11353","0.3859690790962231","0.3859690790962231","0.3859690790962231","2194","2194","2194","0.4164331358524805","0.4164331358524805","0.4164331358524805","6838","6838","6838","0.04703076512040193","0.04703076512040193","0.04703076512040193","6709","6709","6709","","","","","","","","","","","","","","","","","","","","","","","","","","","","","","","","","","","","","","","","","","","","","","","","","0.4630591254316172","0.4630591254316172","0.4630591254316172","2194","2194","2194","","","","","","","","","","","","","","","","","","","","","","","","","","","","","","","","","","","","","","","","","",""
"129","0.09345368427003609","0.09345368427003609","0.09345368427003609","11441","11441","11441","0.459418825399089","0.459418825399089","0.459418825399089","2211","2211","2211","0.044501441780549954","0.044501441780549954","0.044501441780549954","6761","6761","6761","0.36798385068888867","0.36798385068888867","0.36798385068888867","6891","6891","6891","","","","","","","","","","","","","","","","","","","","","","","","","0.18001105844053025","0.18001105844053025","0.18001105844053025","11441","11441","11441","0.387390620163812","0.387390620163812","0.387390620163812","2211","2211","2211","0.41980111239274265","0.41980111239274265","0.41980111239274265","6891","6891","6891","0.05253995208362263","0.05253995208362263","0.05253995208362263","6761","6761","6761","","","","","","","","","","","","","","","","","","","","","","","","","","","","","","","","","","","","","","","","","","","","","","","","","0.4802151935381412","0.4802151935381412","0.4802151935381412","2211","2211","2211","","","","","","","","","","","","","","","","","","","","","","","","","","","","","","","","","","","","","","","","","",""
"130","0.08592685055264727","0.08592685055264727","0.08592685055264727","11529","11529","11529","0.5308065522983041","0.5308065522983041","0.5308065522983041","2228","2228","2228","0.04263478399986444","0.04263478399986444","0.04263478399986444","6813","6813","6813","0.313972073985022","0.313972073985022","0.313972073985022","6944","6944","6944","","","","","","","","","","","","","","","","","","","","","","","","","0.16914613700074252","0.16914613700074252","0.16914613700074252","11529","11529","11529","0.3775985432277659","0.3775985432277659","0.3775985432277659","2228","2228","2228","0.4236360788453929","0.4236360788453929","0.4236360788453929","6944","6944","6944","0.03906537247479172","0.03906537247479172","0.03906537247479172","6813","6813","6813","","","","","","","","","","","","","","","","","","","","","","","","","","","","","","","","","","","","","","","","","","","","","","","","","0.49728131860440367","0.49728131860440367","0.49728131860440367","2228","2228","2228","","","","","","","","","","","","","","","","","","","","","","","","","","","","","","","","","","","","","","","","","",""
"131","0.08778805026516152","0.08778805026516152","0.08778805026516152","11617","11617","11617","0.46405011840797505","0.46405011840797505","0.46405011840797505","2245","2245","2245","0.0438085878182857","0.0438085878182857","0.0438085878182857","6865","6865","6865","0.3232322132169343","0.3232322132169343","0.3232322132169343","6997","6997","6997","","","","","","","","","","","","","","","","","","","","","","","","","0.16851597785497546","0.16851597785497546","0.16851597785497546","11617","11617","11617","0.38789304474399633","0.38789304474399633","0.38789304474399633","2245","2245","2245","0.42178095780668023","0.42178095780668023","0.42178095780668023","6997","6997","6997","0.05102298767889751","0.05102298767889751","0.05102298767889751","6865","6865","6865","","","","","","","","","","","","","","","","","","","","","","","","","","","","","","","","","","","","","","","","","","","","","","","","","0.49768508862233196","0.49768508862233196","0.49768508862233196","2245","2245","2245","","","","","","","","","","","","","","","","","","","","","","","","","","","","","","","","","","","","","","","","","",""
"132","0.08700243490823059","0.08700243490823059","0.08700243490823059","11705","11705","11705","0.4548321086168694","0.4548321086168694","0.4548321086168694","2262","2262","2262","0.04489717246321591","0.04489717246321591","0.04489717246321591","6917","6917","6917","0.3814660722336891","0.3814660722336891","0.3814660722336891","7050","7050","7050","","","","","","","","","","","","","","","","","","","","","","","","","0.16589203529118018","0.16589203529118018","0.16589203529118018","11705","11705","11705","0.3440478334821815","0.3440478334821815","0.3440478334821815","2262","2262","2262","0.41699760067918556","0.41699760067918556","0.41699760067918556","7050","7050","7050","0.04803274950678907","0.04803274950678907","0.04803274950678907","6917","6917","6917","","","","","","","","","","","","","","","","","","","","","","","","","","","","","","","","","","","","","","","","","","","","","","","","","0.49952103524440616","0.49952103524440616","0.49952103524440616","2262","2262","2262","","","","","","","","","","","","","","","","","","","","","","","","","","","","","","","","","","","","","","","","","",""
"133","0.08458300916390193","0.08458300916390193","0.08458300916390193","11793","11793","11793","0.46716136269896086","0.46716136269896086","0.46716136269896086","2279","2279","2279","0.04353202250511098","0.04353202250511098","0.04353202250511098","6969","6969","6969","0.34586233412837947","0.34586233412837947","0.34586233412837947","7103","7103","7103","","","","","","","","","","","","","","","","","","","","","","","","","0.16976925302333262","0.16976925302333262","0.16976925302333262","11793","11793","11793","0.40626778463870294","0.40626778463870294","0.40626778463870294","2279","2279","2279","0.4223121430823771","0.4223121430823771","0.4223121430823771","7103","7103","7103","0.045394688172348346","0.045394688172348346","0.045394688172348346","6969","6969","6969","","","","","","","","","","","","","","","","","","","","","","","","","","","","","","","","","","","","","","","","","","","","","","","","","0.4838984914209241","0.4838984914209241","0.4838984914209241","2279","2279","2279","","","","","","","","","","","","","","","","","","","","","","","","","","","","","","","","","","","","","","","","","",""
"134","0.08870091862393706","0.08870091862393706","0.08870091862393706","11881","11881","11881","0.4483094123163569","0.4483094123163569","0.4483094123163569","2296","2296","2296","0.04286532911007397","0.04286532911007397","0.04286532911007397","7021","7021","7021","0.322605341351505","0.322605341351505","0.322605341351505","7156","7156","7156","","","","","","","","","","","","","","","","","","","","","","","","","0.16973844717519532","0.16973844717519532","0.16973844717519532","11881","11881","11881","0.4193160526067278","0.4193160526067278","0.4193160526067278","2296","2296","2296","0.4208106105699974","0.4208106105699974","0.4208106105699974","7156","7156","7156","0.05427804588871057","0.05427804588871057","0.05427804588871057","7021","7021","7021","","","","","","","","","","","","","","","","","","","","","","","","","","","","","","","","","","","","","","","","","","","","","","","","","0.4853677778628327","0.4853677778628327","0.4853677778628327","2296","2296","2296","","","","","","","","","","","","","","","","","","","","","","","","","","","","","","","","","","","","","","","","","",""
"135","0.08043809032805364","0.08043809032805364","0.08043809032805364","11969","11969","11969","0.5049570090925772","0.5049570090925772","0.5049570090925772","2313","2313","2313","0.043831640955754196","0.043831640955754196","0.043831640955754196","7073","7073","7073","0.364876298299174","0.364876298299174","0.364876298299174","7209","7209","7209","","","","","","","","","","","","","","","","","","","","","","","","","0.17771119276179617","0.17771119276179617","0.17771119276179617","11969","11969","11969","0.41805228164590696","0.41805228164590696","0.41805228164590696","2313","2313","2313","0.4123154007206331","0.4123154007206331","0.4123154007206331","7209","7209","7209","0.053428365148959274","0.053428365148959274","0.053428365148959274","7073","7073","7073","","","","","","","","","","","","","","","","","","","","","","","","","","","","","","","","","","","","","","","","","","","","","","","","","0.49070286434333477","0.49070286434333477","0.49070286434333477","2313","2313","2313","","","","","","","","","","","","","","","","","","","","","","","","","","","","","","","","","","","","","","","","","",""
"136","0.0876393314146571","0.0876393314146571","0.0876393314146571","12057","12057","12057","0.5157441376552522","0.5157441376552522","0.5157441376552522","2330","2330","2330","0.04132253932323456","0.04132253932323456","0.04132253932323456","7125","7125","7125","0.35716793610486136","0.35716793610486136","0.35716793610486136","7262","7262","7262","","","","","","","","","","","","","","","","","","","","","","","","","0.18026657905818977","0.18026657905818977","0.18026657905818977","12057","12057","12057","0.3894339927886074","0.3894339927886074","0.3894339927886074","2330","2330","2330","0.42205539141902065","0.42205539141902065","0.42205539141902065","7262","7262","7262","0.04127259751030308","0.04127259751030308","0.04127259751030308","7125","7125","7125","","","","","","","","","","","","","","","","","","","","","","","","","","","","","","","","","","","","","","","","","","","","","","","","","0.48740227554880344","0.48740227554880344","0.48740227554880344","2330","2330","2330","","","","","","","","","","","","","","","","","","","","","","","","","","","","","","","","","","","","","","","","","",""
"137","0.08324644241679914","0.08324644241679914","0.08324644241679914","12145","12145","12145","0.48772760914718033","0.48772760914718033","0.48772760914718033","2347","2347","2347","0.04262255638373745","0.04262255638373745","0.04262255638373745","7177","7177","7177","0.326519451175728","0.326519451175728","0.326519451175728","7315","7315","7315","","","","","","","","","","","","","","","","","","","","","","","","","0.1762881011334947","0.1762881011334947","0.1762881011334947","12145","12145","12145","0.3890712147824268","0.3890712147824268","0.3890712147824268","2347","2347","2347","0.4341488036034861","0.4341488036034861","0.4341488036034861","7315","7315","7315","0.05595792741268882","0.05595792741268882","0.05595792741268882","7177","7177","7177","","","","","","","","","","","","","","","","","","","","","","","","","","","","","","","","","","","","","","","","","","","","","","","","","0.4897187643705268","0.4897187643705268","0.4897187643705268","2347","2347","2347","","","","","","","","","","","","","","","","","","","","","","","","","","","","","","","","","","","","","","","","","",""
"138","0.08247706894667928","0.08247706894667928","0.08247706894667928","12233","12233","12233","0.4776172383402231","0.4776172383402231","0.4776172383402231","2364","2364","2364","0.04777196834260627","0.04777196834260627","0.04777196834260627","7229","7229","7229","0.29599939981171686","0.29599939981171686","0.29599939981171686","7368","7368","7368","","","","","","","","","","","","","","","","","","","","","","","","","0.17236732997847123","0.17236732997847123","0.17236732997847123","12233","12233","12233","0.35096718456356213","0.35096718456356213","0.35096718456356213","2364","2364","2364","0.4382699331262315","0.4382699331262315","0.4382699331262315","7368","7368","7368","0.058766894671841076","0.058766894671841076","0.058766894671841076","7229","7229","7229","","","","","","","","","","","","","","","","","","","","","","","","","","","","","","","","","","","","","","","","","","","","","","","","","0.4922608183896713","0.4922608183896713","0.4922608183896713","2364","2364","2364","","","","","","","","","","","","","","","","","","","","","","","","","","","","","","","","","","","","","","","","","",""
"139","0.08238256126593763","0.08238256126593763","0.08238256126593763","12321","12321","12321","0.4658752390353165","0.4658752390353165","0.4658752390353165","2381","2381","2381","0.04227462129157577","0.04227462129157577","0.04227462129157577","7281","7281","7281","0.35383829253325844","0.35383829253325844","0.35383829253325844","7421","7421","7421","","","","","","","","","","","","","","","","","","","","","","","","","0.178886717159675","0.178886717159675","0.178886717159675","12321","12321","12321","0.4046812994473512","0.4046812994473512","0.4046812994473512","2381","2381","2381","0.43681414919121536","0.43681414919121536","0.43681414919121536","7421","7421","7421","0.0525536687030526","0.0525536687030526","0.0525536687030526","7281","7281","7281","","","","","","","","","","","","","","","","","","","","","","","","","","","","","","","","","","","","","","","","","","","","","","","","","0.4883988487828619","0.4883988487828619","0.4883988487828619","2381","2381","2381","","","","","","","","","","","","","","","","","","","","","","","","","","","","","","","","","","","","","","","","","",""
"140","0.0841152187942529","0.0841152187942529","0.0841152187942529","12409","12409","12409","0.4813000420593594","0.4813000420593594","0.4813000420593594","2398","2398","2398","0.04255148114985284","0.04255148114985284","0.04255148114985284","7333","7333","7333","0.30461624245496877","0.30461624245496877","0.30461624245496877","7474","7474","7474","","","","","","","","","","","","","","","","","","","","","","","","","0.17522372486866414","0.17522372486866414","0.17522372486866414","12409","12409","12409","0.3649157492218727","0.3649157492218727","0.3649157492218727","2398","2398","2398","0.4394214432018203","0.4394214432018203","0.4394214432018203","7474","7474","7474","0.04726964295700163","0.04726964295700163","0.04726964295700163","7333","7333","7333","","","","","","","","","","","","","","","","","","","","","","","","","","","","","","","","","","","","","","","","","","","","","","","","","0.4918294991957538","0.4918294991957538","0.4918294991957538","2398","2398","2398","","","","","","","","","","","","","","","","","","","","","","","","","","","","","","","","","","","","","","","","","",""
"141","0.0925993738344203","0.0925993738344203","0.0925993738344203","12497","12497","12497","0.43147430250394314","0.43147430250394314","0.43147430250394314","2415","2415","2415","0.04420831014376906","0.04420831014376906","0.04420831014376906","7385","7385","7385","0.3095153942466025","0.3095153942466025","0.3095153942466025","7527","7527","7527","","","","","","","","","","","","","","","","","","","","","","","","","0.16623086981836568","0.16623086981836568","0.16623086981836568","12497","12497","12497","0.3957318013627688","0.3957318013627688","0.3957318013627688","2415","2415","2415","0.43985918641606836","0.43985918641606836","0.43985918641606836","7527","7527","7527","0.050401394465366706","0.050401394465366706","0.050401394465366706","7385","7385","7385","","","","","","","","","","","","","","","","","","","","","","","","","","","","","","","","","","","","","","","","","","","","","","","","","0.48853550989373407","0.48853550989373407","0.48853550989373407","2415","2415","2415","","","","","","","","","","","","","","","","","","","","","","","","","","","","","","","","","","","","","","","","","",""
"142","0.09066106305842846","0.09066106305842846","0.09066106305842846","12585","12585","12585","0.47126723508315693","0.47126723508315693","0.47126723508315693","2432","2432","2432","0.04573441793911868","0.04573441793911868","0.04573441793911868","7437","7437","7437","0.28273611034603513","0.28273611034603513","0.28273611034603513","7580","7580","7580","","","","","","","","","","","","","","","","","","","","","","","","","0.17330769948350483","0.17330769948350483","0.17330769948350483","12585","12585","12585","0.42994615146992105","0.42994615146992105","0.42994615146992105","2432","2432","2432","0.4339292743765695","0.4339292743765695","0.4339292743765695","7580","7580","7580","0.04585781087654564","0.04585781087654564","0.04585781087654564","7437","7437","7437","","","","","","","","","","","","","","","","","","","","","","","","","","","","","","","","","","","","","","","","","","","","","","","","","0.4961466061641486","0.4961466061641486","0.4961466061641486","2432","2432","2432","","","","","","","","","","","","","","","","","","","","","","","","","","","","","","","","","","","","","","","","","",""
"143","0.08393643725509004","0.08393643725509004","0.08393643725509004","12673","12673","12673","0.44807174701221286","0.44807174701221286","0.44807174701221286","2449","2449","2449","0.04670519706551064","0.04670519706551064","0.04670519706551064","7489","7489","7489","0.32321248914891415","0.32321248914891415","0.32321248914891415","7633","7633","7633","","","","","","","","","","","","","","","","","","","","","","","","","0.1691602416637701","0.1691602416637701","0.1691602416637701","12673","12673","12673","0.2955729256007514","0.2955729256007514","0.2955729256007514","2449","2449","2449","0.4346640694740941","0.4346640694740941","0.4346640694740941","7633","7633","7633","0.0559039069306176","0.0559039069306176","0.0559039069306176","7489","7489","7489","","","","","","","","","","","","","","","","","","","","","","","","","","","","","","","","","","","","","","","","","","","","","","","","","0.4884081345475984","0.4884081345475984","0.4884081345475984","2449","2449","2449","","","","","","","","","","","","","","","","","","","","","","","","","","","","","","","","","","","","","","","","","",""
"144","0.07794472241622624","0.07794472241622624","0.07794472241622624","12761","12761","12761","0.44464987682019225","0.44464987682019225","0.44464987682019225","2466","2466","2466","0.04407010758143859","0.04407010758143859","0.04407010758143859","7541","7541","7541","0.34635391864468523","0.34635391864468523","0.34635391864468523","7686","7686","7686","","","","","","","","","","","","","","","","","","","","","","","","","0.1805516445280373","0.1805516445280373","0.1805516445280373","12761","12761","12761","0.4122318904123926","0.4122318904123926","0.4122318904123926","2466","2466","2466","0.42731214151584357","0.42731214151584357","0.42731214151584357","7686","7686","7686","0.05704744740690203","0.05704744740690203","0.05704744740690203","7541","7541","7541","","","","","","","","","","","","","","","","","","","","","","","","","","","","","","","","","","","","","","","","","","","","","","","","","0.4919832223035385","0.4919832223035385","0.4919832223035385","2466","2466","2466","","","","","","","","","","","","","","","","","","","","","","","","","","","","","","","","","","","","","","","","","",""
"145","0.08849690345159228","0.08849690345159228","0.08849690345159228","12849","12849","12849","0.44592840893385227","0.44592840893385227","0.44592840893385227","2483","2483","2483","0.049265401728508525","0.049265401728508525","0.049265401728508525","7593","7593","7593","0.30406830032990534","0.30406830032990534","0.30406830032990534","7739","7739","7739","","","","","","","","","","","","","","","","","","","","","","","","","0.1760657284512153","0.1760657284512153","0.1760657284512153","12849","12849","12849","0.38484285450296274","0.38484285450296274","0.38484285450296274","2483","2483","2483","0.4294034651880548","0.4294034651880548","0.4294034651880548","7739","7739","7739","0.04394561310870702","0.04394561310870702","0.04394561310870702","7593","7593","7593","","","","","","","","","","","","","","","","","","","","","","","","","","","","","","","","","","","","","","","","","","","","","","","","","0.4954491852034139","0.4954491852034139","0.4954491852034139","2483","2483","2483","","","","","","","","","","","","","","","","","","","","","","","","","","","","","","","","","","","","","","","","","",""
"146","0.08367143690546484","0.08367143690546484","0.08367143690546484","12937","12937","12937","0.4264315978232506","0.4264315978232506","0.4264315978232506","2500","2500","2500","0.044700107589046925","0.044700107589046925","0.044700107589046925","7645","7645","7645","0.3455363242061591","0.3455363242061591","0.3455363242061591","7792","7792","7792","","","","","","","","","","","","","","","","","","","","","","","","","0.17580955774191356","0.17580955774191356","0.17580955774191356","12937","12937","12937","0.35936301755814304","0.35936301755814304","0.35936301755814304","2500","2500","2500","0.43324162309607056","0.43324162309607056","0.43324162309607056","7792","7792","7792","0.04460972933137769","0.04460972933137769","0.04460972933137769","7645","7645","7645","","","","","","","","","","","","","","","","","","","","","","","","","","","","","","","","","","","","","","","","","","","","","","","","","0.4884926220299776","0.4884926220299776","0.4884926220299776","2500","2500","2500","","","","","","","","","","","","","","","","","","","","","","","","","","","","","","","","","","","","","","","","","",""
"147","0.07975229935128439","0.07975229935128439","0.07975229935128439","13025","13025","13025","0.44931627139716435","0.44931627139716435","0.44931627139716435","2517","2517","2517","0.0505611670303052","0.0505611670303052","0.0505611670303052","7697","7697","7697","0.3316620655918925","0.3316620655918925","0.3316620655918925","7845","7845","7845","","","","","","","","","","","","","","","","","","","","","","","","","0.1762919588424493","0.1762919588424493","0.1762919588424493","13025","13025","13025","0.32733548130260925","0.32733548130260925","0.32733548130260925","2517","2517","2517","0.4255359096566171","0.4255359096566171","0.4255359096566171","7845","7845","7845","0.04727402496028974","0.04727402496028974","0.04727402496028974","7697","7697","7697","","","","","","","","","","","","","","","","","","","","","","","","","","","","","","","","","","","","","","","","","","","","","","","","","0.502456184848037","0.502456184848037","0.502456184848037","2517","2517","2517","","","","","","","","","","","","","","","","","","","","","","","","","","","","","","","","","","","","","","","","","",""
"148","0.08211885530677956","0.08211885530677956","0.08211885530677956","13113","13113","13113","0.43659776639593767","0.43659776639593767","0.43659776639593767","2534","2534","2534","0.05040685885935409","0.05040685885935409","0.05040685885935409","7749","7749","7749","0.3140436903812744","0.3140436903812744","0.3140436903812744","7898","7898","7898","","","","","","","","","","","","","","","","","","","","","","","","","0.17059963679649776","0.17059963679649776","0.17059963679649776","13113","13113","13113","0.40609108095523544","0.40609108095523544","0.40609108095523544","2534","2534","2534","0.4332041244016258","0.4332041244016258","0.4332041244016258","7898","7898","7898","0.04545145107886141","0.04545145107886141","0.04545145107886141","7749","7749","7749","","","","","","","","","","","","","","","","","","","","","","","","","","","","","","","","","","","","","","","","","","","","","","","","","0.5031481027372424","0.5031481027372424","0.5031481027372424","2534","2534","2534","","","","","","","","","","","","","","","","","","","","","","","","","","","","","","","","","","","","","","","","","",""
"149","0.08153138601582866","0.08153138601582866","0.08153138601582866","13201","13201","13201","0.49247188689332927","0.49247188689332927","0.49247188689332927","2551","2551","2551","0.042873945087634056","0.042873945087634056","0.042873945087634056","7801","7801","7801","0.3265187589081636","0.3265187589081636","0.3265187589081636","7951","7951","7951","","","","","","","","","","","","","","","","","","","","","","","","","0.17521332479733442","0.17521332479733442","0.17521332479733442","13201","13201","13201","0.37196884010245923","0.37196884010245923","0.37196884010245923","2551","2551","2551","0.43045340665857673","0.43045340665857673","0.43045340665857673","7951","7951","7951","0.0480214268549036","0.0480214268549036","0.0480214268549036","7801","7801","7801","","","","","","","","","","","","","","","","","","","","","","","","","","","","","","","","","","","","","","","","","","","","","","","","","0.5023611198047041","0.5023611198047041","0.5023611198047041","2551","2551","2551","","","","","","","","","","","","","","","","","","","","","","","","","","","","","","","","","","","","","","","","","",""
"150","","","","","","","","","","","","","","","","","","","","","","","","","","","","","","","","","","","","","","","","","","","","","","","","","","","","","","","0.3822346719347471","0.3822346719347471","0.3822346719347471","2568","2568","2568","","","","","","","0.04732540198805795","0.04732540198805795","0.04732540198805795","7853","7853","7853","","","","","","","","","","","","","","","","","","","","","","","","","","","","","","","","","","","","","","","","","","","","","","","","","0.4933169826025078","0.4933169826025078","0.4933169826025078","2568","2568","2568","","","","","","","","","","","","","","","","","","","","","","","","","","","","","","","","","","","","","","","","","",""
"151","","","","","","","","","","","","","","","","","","","","","","","","","","","","","","","","","","","","","","","","","","","","","","","","","","","","","","","0.37030054032753057","0.37030054032753057","0.37030054032753057","2585","2585","2585","","","","","","","0.04926907140309705","0.04926907140309705","0.04926907140309705","7905","7905","7905","","","","","","","","","","","","","","","","","","","","","","","","","","","","","","","","","","","","","","","","","","","","","","","","","0.4917116496537347","0.4917116496537347","0.4917116496537347","2585","2585","2585","","","","","","","","","","","","","","","","","","","","","","","","","","","","","","","","","","","","","","","","","",""
"152","","","","","","","","","","","","","","","","","","","","","","","","","","","","","","","","","","","","","","","","","","","","","","","","","","","","","","","0.3601360680430731","0.3601360680430731","0.3601360680430731","2602","2602","2602","","","","","","","0.05156269742620698","0.05156269742620698","0.05156269742620698","7957","7957","7957","","","","","","","","","","","","","","","","","","","","","","","","","","","","","","","","","","","","","","","","","","","","","","","","","0.49948727565412754","0.49948727565412754","0.49948727565412754","2602","2602","2602","","","","","","","","","","","","","","","","","","","","","","","","","","","","","","","","","","","","","","","","","",""
"153","","","","","","","","","","","","","","","","","","","","","","","","","","","","","","","","","","","","","","","","","","","","","","","","","","","","","","","0.33599158750014513","0.33599158750014513","0.33599158750014513","2619","2619","2619","","","","","","","0.05548169071690928","0.05548169071690928","0.05548169071690928","8009","8009","8009","","","","","","","","","","","","","","","","","","","","","","","","","","","","","","","","","","","","","","","","","","","","","","","","","0.4950508152828411","0.4950508152828411","0.4950508152828411","2619","2619","2619","","","","","","","","","","","","","","","","","","","","","","","","","","","","","","","","","","","","","","","","","",""
"154","","","","","","","","","","","","","","","","","","","","","","","","","","","","","","","","","","","","","","","","","","","","","","","","","","","","","","","0.3986043792593246","0.3986043792593246","0.3986043792593246","2636","2636","2636","","","","","","","0.049417041438167615","0.049417041438167615","0.049417041438167615","8061","8061","8061","","","","","","","","","","","","","","","","","","","","","","","","","","","","","","","","","","","","","","","","","","","","","","","","","0.46839524934577587","0.46839524934577587","0.46839524934577587","2636","2636","2636","","","","","","","","","","","","","","","","","","","","","","","","","","","","","","","","","","","","","","","","","",""
"155","","","","","","","","","","","","","","","","","","","","","","","","","","","","","","","","","","","","","","","","","","","","","","","","","","","","","","","0.32107681563215895","0.32107681563215895","0.32107681563215895","2653","2653","2653","","","","","","","0.044848036233769956","0.044848036233769956","0.044848036233769956","8113","8113","8113","","","","","","","","","","","","","","","","","","","","","","","","","","","","","","","","","","","","","","","","","","","","","","","","","0.4811176712304359","0.4811176712304359","0.4811176712304359","2653","2653","2653","","","","","","","","","","","","","","","","","","","","","","","","","","","","","","","","","","","","","","","","","",""
"156","","","","","","","","","","","","","","","","","","","","","","","","","","","","","","","","","","","","","","","","","","","","","","","","","","","","","","","0.38322666875246797","0.38322666875246797","0.38322666875246797","2670","2670","2670","","","","","","","0.05829944069388918","0.05829944069388918","0.05829944069388918","8165","8165","8165","","","","","","","","","","","","","","","","","","","","","","","","","","","","","","","","","","","","","","","","","","","","","","","","","0.4805030358090813","0.4805030358090813","0.4805030358090813","2670","2670","2670","","","","","","","","","","","","","","","","","","","","","","","","","","","","","","","","","","","","","","","","","",""
"157","","","","","","","","","","","","","","","","","","","","","","","","","","","","","","","","","","","","","","","","","","","","","","","","","","","","","","","0.36610863598060306","0.36610863598060306","0.36610863598060306","2687","2687","2687","","","","","","","0.05513807975390434","0.05513807975390434","0.05513807975390434","8217","8217","8217","","","","","","","","","","","","","","","","","","","","","","","","","","","","","","","","","","","","","","","","","","","","","","","","","0.4976487692064143","0.4976487692064143","0.4976487692064143","2687","2687","2687","","","","","","","","","","","","","","","","","","","","","","","","","","","","","","","","","","","","","","","","","",""
"158","","","","","","","","","","","","","","","","","","","","","","","","","","","","","","","","","","","","","","","","","","","","","","","","","","","","","","","0.35671079043642956","0.35671079043642956","0.35671079043642956","2704","2704","2704","","","","","","","0.047952657384694564","0.047952657384694564","0.047952657384694564","8269","8269","8269","","","","","","","","","","","","","","","","","","","","","","","","","","","","","","","","","","","","","","","","","","","","","","","","","0.49384171560098333","0.49384171560098333","0.49384171560098333","2704","2704","2704","","","","","","","","","","","","","","","","","","","","","","","","","","","","","","","","","","","","","","","","","",""
"159","","","","","","","","","","","","","","","","","","","","","","","","","","","","","","","","","","","","","","","","","","","","","","","","","","","","","","","0.3489793339149828","0.3489793339149828","0.3489793339149828","2721","2721","2721","","","","","","","0.0422867120721317","0.0422867120721317","0.0422867120721317","8321","8321","8321","","","","","","","","","","","","","","","","","","","","","","","","","","","","","","","","","","","","","","","","","","","","","","","","","0.49205992733805975","0.49205992733805975","0.49205992733805975","2721","2721","2721","","","","","","","","","","","","","","","","","","","","","","","","","","","","","","","","","","","","","","","","","",""
"160","","","","","","","","","","","","","","","","","","","","","","","","","","","","","","","","","","","","","","","","","","","","","","","","","","","","","","","0.3890358551638127","0.3890358551638127","0.3890358551638127","2738","2738","2738","","","","","","","0.045244487181593906","0.045244487181593906","0.045244487181593906","8373","8373","8373","","","","","","","","","","","","","","","","","","","","","","","","","","","","","","","","","","","","","","","","","","","","","","","","","0.4941834955134318","0.4941834955134318","0.4941834955134318","2738","2738","2738","","","","","","","","","","","","","","","","","","","","","","","","","","","","","","","","","","","","","","","","","",""
"161","","","","","","","","","","","","","","","","","","","","","","","","","","","","","","","","","","","","","","","","","","","","","","","","","","","","","","","0.3555288715771856","0.3555288715771856","0.3555288715771856","2755","2755","2755","","","","","","","0.05007709184876796","0.05007709184876796","0.05007709184876796","8425","8425","8425","","","","","","","","","","","","","","","","","","","","","","","","","","","","","","","","","","","","","","","","","","","","","","","","","0.491708553696495","0.491708553696495","0.491708553696495","2755","2755","2755","","","","","","","","","","","","","","","","","","","","","","","","","","","","","","","","","","","","","","","","","",""
"162","","","","","","","","","","","","","","","","","","","","","","","","","","","","","","","","","","","","","","","","","","","","","","","","","","","","","","","0.3561078699884567","0.3561078699884567","0.3561078699884567","2772","2772","2772","","","","","","","0.0509599398430161","0.0509599398430161","0.0509599398430161","8477","8477","8477","","","","","","","","","","","","","","","","","","","","","","","","","","","","","","","","","","","","","","","","","","","","","","","","","0.4802721234230236","0.4802721234230236","0.4802721234230236","2772","2772","2772","","","","","","","","","","","","","","","","","","","","","","","","","","","","","","","","","","","","","","","","","",""
"163","","","","","","","","","","","","","","","","","","","","","","","","","","","","","","","","","","","","","","","","","","","","","","","","","","","","","","","0.40031405825527605","0.40031405825527605","0.40031405825527605","2789","2789","2789","","","","","","","0.048911439840612525","0.048911439840612525","0.048911439840612525","8529","8529","8529","","","","","","","","","","","","","","","","","","","","","","","","","","","","","","","","","","","","","","","","","","","","","","","","","0.4863253645241146","0.4863253645241146","0.4863253645241146","2789","2789","2789","","","","","","","","","","","","","","","","","","","","","","","","","","","","","","","","","","","","","","","","","",""
"164","","","","","","","","","","","","","","","","","","","","","","","","","","","","","","","","","","","","","","","","","","","","","","","","","","","","","","","0.3895631644994817","0.3895631644994817","0.3895631644994817","2806","2806","2806","","","","","","","0.058329472225518667","0.058329472225518667","0.058329472225518667","8581","8581","8581","","","","","","","","","","","","","","","","","","","","","","","","","","","","","","","","","","","","","","","","","","","","","","","","","0.48783897299074225","0.48783897299074225","0.48783897299074225","2806","2806","2806","","","","","","","","","","","","","","","","","","","","","","","","","","","","","","","","","","","","","","","","","",""
"165","","","","","","","","","","","","","","","","","","","","","","","","","","","","","","","","","","","","","","","","","","","","","","","","","","","","","","","0.3386715795218307","0.3386715795218307","0.3386715795218307","2823","2823","2823","","","","","","","0.04595237909924985","0.04595237909924985","0.04595237909924985","8633","8633","8633","","","","","","","","","","","","","","","","","","","","","","","","","","","","","","","","","","","","","","","","","","","","","","","","","0.4881566557243757","0.4881566557243757","0.4881566557243757","2823","2823","2823","","","","","","","","","","","","","","","","","","","","","","","","","","","","","","","","","","","","","","","","","",""
"166","","","","","","","","","","","","","","","","","","","","","","","","","","","","","","","","","","","","","","","","","","","","","","","","","","","","","","","0.3367460225502124","0.3367460225502124","0.3367460225502124","2840","2840","2840","","","","","","","0.04972669644427018","0.04972669644427018","0.04972669644427018","8685","8685","8685","","","","","","","","","","","","","","","","","","","","","","","","","","","","","","","","","","","","","","","","","","","","","","","","","0.49597456772750115","0.49597456772750115","0.49597456772750115","2840","2840","2840","","","","","","","","","","","","","","","","","","","","","","","","","","","","","","","","","","","","","","","","","",""
"167","","","","","","","","","","","","","","","","","","","","","","","","","","","","","","","","","","","","","","","","","","","","","","","","","","","","","","","0.26241912320980815","0.26241912320980815","0.26241912320980815","2857","2857","2857","","","","","","","0.04867174677363916","0.04867174677363916","0.04867174677363916","8737","8737","8737","","","","","","","","","","","","","","","","","","","","","","","","","","","","","","","","","","","","","","","","","","","","","","","","","0.5014316577839523","0.5014316577839523","0.5014316577839523","2857","2857","2857","","","","","","","","","","","","","","","","","","","","","","","","","","","","","","","","","","","","","","","","","",""
"168","","","","","","","","","","","","","","","","","","","","","","","","","","","","","","","","","","","","","","","","","","","","","","","","","","","","","","","0.3121138798543765","0.3121138798543765","0.3121138798543765","2874","2874","2874","","","","","","","0.05287411516573314","0.05287411516573314","0.05287411516573314","8789","8789","8789","","","","","","","","","","","","","","","","","","","","","","","","","","","","","","","","","","","","","","","","","","","","","","","","","0.4973036915691886","0.4973036915691886","0.4973036915691886","2874","2874","2874","","","","","","","","","","","","","","","","","","","","","","","","","","","","","","","","","","","","","","","","","",""
"169","","","","","","","","","","","","","","","","","","","","","","","","","","","","","","","","","","","","","","","","","","","","","","","","","","","","","","","0.4377160727651943","0.4377160727651943","0.4377160727651943","2891","2891","2891","","","","","","","0.051728736098245694","0.051728736098245694","0.051728736098245694","8841","8841","8841","","","","","","","","","","","","","","","","","","","","","","","","","","","","","","","","","","","","","","","","","","","","","","","","","0.48731867247535543","0.48731867247535543","0.48731867247535543","2891","2891","2891","","","","","","","","","","","","","","","","","","","","","","","","","","","","","","","","","","","","","","","","","",""
"170","","","","","","","","","","","","","","","","","","","","","","","","","","","","","","","","","","","","","","","","","","","","","","","","","","","","","","","0.42129120432589173","0.42129120432589173","0.42129120432589173","2908","2908","2908","","","","","","","0.0505541224404502","0.0505541224404502","0.0505541224404502","8893","8893","8893","","","","","","","","","","","","","","","","","","","","","","","","","","","","","","","","","","","","","","","","","","","","","","","","","0.4801467063856344","0.4801467063856344","0.4801467063856344","2908","2908","2908","","","","","","","","","","","","","","","","","","","","","","","","","","","","","","","","","","","","","","","","","",""
"171","","","","","","","","","","","","","","","","","","","","","","","","","","","","","","","","","","","","","","","","","","","","","","","","","","","","","","","0.34012370539217734","0.34012370539217734","0.34012370539217734","2925","2925","2925","","","","","","","0.05719677426758466","0.05719677426758466","0.05719677426758466","8945","8945","8945","","","","","","","","","","","","","","","","","","","","","","","","","","","","","","","","","","","","","","","","","","","","","","","","","0.48569734334836784","0.48569734334836784","0.48569734334836784","2925","2925","2925","","","","","","","","","","","","","","","","","","","","","","","","","","","","","","","","","","","","","","","","","",""
"172","","","","","","","","","","","","","","","","","","","","","","","","","","","","","","","","","","","","","","","","","","","","","","","","","","","","","","","0.35953612311745337","0.35953612311745337","0.35953612311745337","2942","2942","2942","","","","","","","0.054897042290836466","0.054897042290836466","0.054897042290836466","8997","8997","8997","","","","","","","","","","","","","","","","","","","","","","","","","","","","","","","","","","","","","","","","","","","","","","","","","0.49121937789420084","0.49121937789420084","0.49121937789420084","2942","2942","2942","","","","","","","","","","","","","","","","","","","","","","","","","","","","","","","","","","","","","","","","","",""
"173","","","","","","","","","","","","","","","","","","","","","","","","","","","","","","","","","","","","","","","","","","","","","","","","","","","","","","","0.32756415284629725","0.32756415284629725","0.32756415284629725","2959","2959","2959","","","","","","","0.0536830562571944","0.0536830562571944","0.0536830562571944","9049","9049","9049","","","","","","","","","","","","","","","","","","","","","","","","","","","","","","","","","","","","","","","","","","","","","","","","","0.5016581999149619","0.5016581999149619","0.5016581999149619","2959","2959","2959","","","","","","","","","","","","","","","","","","","","","","","","","","","","","","","","","","","","","","","","","",""
"174","","","","","","","","","","","","","","","","","","","","","","","","","","","","","","","","","","","","","","","","","","","","","","","","","","","","","","","0.32277180405392314","0.32277180405392314","0.32277180405392314","2976","2976","2976","","","","","","","0.05089278167670221","0.05089278167670221","0.05089278167670221","9101","9101","9101","","","","","","","","","","","","","","","","","","","","","","","","","","","","","","","","","","","","","","","","","","","","","","","","","0.5032495488135645","0.5032495488135645","0.5032495488135645","2976","2976","2976","","","","","","","","","","","","","","","","","","","","","","","","","","","","","","","","","","","","","","","","","",""
"175","","","","","","","","","","","","","","","","","","","","","","","","","","","","","","","","","","","","","","","","","","","","","","","","","","","","","","","0.35741881236778117","0.35741881236778117","0.35741881236778117","2993","2993","2993","","","","","","","0.0490125272298413","0.0490125272298413","0.0490125272298413","9153","9153","9153","","","","","","","","","","","","","","","","","","","","","","","","","","","","","","","","","","","","","","","","","","","","","","","","","0.49937815459150064","0.49937815459150064","0.49937815459150064","2993","2993","2993","","","","","","","","","","","","","","","","","","","","","","","","","","","","","","","","","","","","","","","","","",""
"176","","","","","","","","","","","","","","","","","","","","","","","","","","","","","","","","","","","","","","","","","","","","","","","","","","","","","","","0.3397716255395042","0.3397716255395042","0.3397716255395042","3010","3010","3010","","","","","","","0.03809813062045057","0.03809813062045057","0.03809813062045057","9205","9205","9205","","","","","","","","","","","","","","","","","","","","","","","","","","","","","","","","","","","","","","","","","","","","","","","","","0.4989977766667548","0.4989977766667548","0.4989977766667548","3010","3010","3010","","","","","","","","","","","","","","","","","","","","","","","","","","","","","","","","","","","","","","","","","",""
"177","","","","","","","","","","","","","","","","","","","","","","","","","","","","","","","","","","","","","","","","","","","","","","","","","","","","","","","0.36986204544924384","0.36986204544924384","0.36986204544924384","3027","3027","3027","","","","","","","0.05283692929246428","0.05283692929246428","0.05283692929246428","9257","9257","9257","","","","","","","","","","","","","","","","","","","","","","","","","","","","","","","","","","","","","","","","","","","","","","","","","0.4856069079899494","0.4856069079899494","0.4856069079899494","3027","3027","3027","","","","","","","","","","","","","","","","","","","","","","","","","","","","","","","","","","","","","","","","","",""
"178","","","","","","","","","","","","","","","","","","","","","","","","","","","","","","","","","","","","","","","","","","","","","","","","","","","","","","","0.35644412215499166","0.35644412215499166","0.35644412215499166","3044","3044","3044","","","","","","","0.055191856499261366","0.055191856499261366","0.055191856499261366","9309","9309","9309","","","","","","","","","","","","","","","","","","","","","","","","","","","","","","","","","","","","","","","","","","","","","","","","","0.4974870966325362","0.4974870966325362","0.4974870966325362","3044","3044","3044","","","","","","","","","","","","","","","","","","","","","","","","","","","","","","","","","","","","","","","","","",""
"179","","","","","","","","","","","","","","","","","","","","","","","","","","","","","","","","","","","","","","","","","","","","","","","","","","","","","","","0.378202793904323","0.378202793904323","0.378202793904323","3061","3061","3061","","","","","","","0.048575673836906225","0.048575673836906225","0.048575673836906225","9361","9361","9361","","","","","","","","","","","","","","","","","","","","","","","","","","","","","","","","","","","","","","","","","","","","","","","","","0.4941374687065276","0.4941374687065276","0.4941374687065276","3061","3061","3061","","","","","","","","","","","","","","","","","","","","","","","","","","","","","","","","","","","","","","","","","",""
"180","","","","","","","","","","","","","","","","","","","","","","","","","","","","","","","","","","","","","","","","","","","","","","","","","","","","","","","0.33710468129582916","0.33710468129582916","0.33710468129582916","3078","3078","3078","","","","","","","0.04813182710245208","0.04813182710245208","0.04813182710245208","9413","9413","9413","","","","","","","","","","","","","","","","","","","","","","","","","","","","","","","","","","","","","","","","","","","","","","","","","0.4874597691274248","0.4874597691274248","0.4874597691274248","3078","3078","3078","","","","","","","","","","","","","","","","","","","","","","","","","","","","","","","","","","","","","","","","","",""
"181","","","","","","","","","","","","","","","","","","","","","","","","","","","","","","","","","","","","","","","","","","","","","","","","","","","","","","","0.3322531128221788","0.3322531128221788","0.3322531128221788","3095","3095","3095","","","","","","","0.046976061094566306","0.046976061094566306","0.046976061094566306","9465","9465","9465","","","","","","","","","","","","","","","","","","","","","","","","","","","","","","","","","","","","","","","","","","","","","","","","","0.4980745822078584","0.4980745822078584","0.4980745822078584","3095","3095","3095","","","","","","","","","","","","","","","","","","","","","","","","","","","","","","","","","","","","","","","","","",""
"182","","","","","","","","","","","","","","","","","","","","","","","","","","","","","","","","","","","","","","","","","","","","","","","","","","","","","","","0.3482272632410384","0.3482272632410384","0.3482272632410384","3112","3112","3112","","","","","","","0.040329734150191955","0.040329734150191955","0.040329734150191955","9517","9517","9517","","","","","","","","","","","","","","","","","","","","","","","","","","","","","","","","","","","","","","","","","","","","","","","","","0.5015975014506243","0.5015975014506243","0.5015975014506243","3112","3112","3112","","","","","","","","","","","","","","","","","","","","","","","","","","","","","","","","","","","","","","","","","",""
"183","","","","","","","","","","","","","","","","","","","","","","","","","","","","","","","","","","","","","","","","","","","","","","","","","","","","","","","0.3672811128501018","0.3672811128501018","0.3672811128501018","3129","3129","3129","","","","","","","0.045609426459261075","0.045609426459261075","0.045609426459261075","9569","9569","9569","","","","","","","","","","","","","","","","","","","","","","","","","","","","","","","","","","","","","","","","","","","","","","","","","0.4965563020577236","0.4965563020577236","0.4965563020577236","3129","3129","3129","","","","","","","","","","","","","","","","","","","","","","","","","","","","","","","","","","","","","","","","","",""
"184","","","","","","","","","","","","","","","","","","","","","","","","","","","","","","","","","","","","","","","","","","","","","","","","","","","","","","","0.3994365605528226","0.3994365605528226","0.3994365605528226","3146","3146","3146","","","","","","","0.0513406696497094","0.0513406696497094","0.0513406696497094","9621","9621","9621","","","","","","","","","","","","","","","","","","","","","","","","","","","","","","","","","","","","","","","","","","","","","","","","","0.4946103230202512","0.4946103230202512","0.4946103230202512","3146","3146","3146","","","","","","","","","","","","","","","","","","","","","","","","","","","","","","","","","","","","","","","","","",""
"185","","","","","","","","","","","","","","","","","","","","","","","","","","","","","","","","","","","","","","","","","","","","","","","","","","","","","","","0.381830229216973","0.381830229216973","0.381830229216973","3163","3163","3163","","","","","","","0.05455780304940409","0.05455780304940409","0.05455780304940409","9673","9673","9673","","","","","","","","","","","","","","","","","","","","","","","","","","","","","","","","","","","","","","","","","","","","","","","","","0.498844747845566","0.498844747845566","0.498844747845566","3163","3163","3163","","","","","","","","","","","","","","","","","","","","","","","","","","","","","","","","","","","","","","","","","",""
"186","","","","","","","","","","","","","","","","","","","","","","","","","","","","","","","","","","","","","","","","","","","","","","","","","","","","","","","0.34032554098252615","0.34032554098252615","0.34032554098252615","3180","3180","3180","","","","","","","0.054837104062675474","0.054837104062675474","0.054837104062675474","9725","9725","9725","","","","","","","","","","","","","","","","","","","","","","","","","","","","","","","","","","","","","","","","","","","","","","","","","0.49845031943147095","0.49845031943147095","0.49845031943147095","3180","3180","3180","","","","","","","","","","","","","","","","","","","","","","","","","","","","","","","","","","","","","","","","","",""
"187","","","","","","","","","","","","","","","","","","","","","","","","","","","","","","","","","","","","","","","","","","","","","","","","","","","","","","","0.378161735739985","0.378161735739985","0.378161735739985","3197","3197","3197","","","","","","","0.049384485431289656","0.049384485431289656","0.049384485431289656","9777","9777","9777","","","","","","","","","","","","","","","","","","","","","","","","","","","","","","","","","","","","","","","","","","","","","","","","","0.5001810150074595","0.5001810150074595","0.5001810150074595","3197","3197","3197","","","","","","","","","","","","","","","","","","","","","","","","","","","","","","","","","","","","","","","","","",""
"188","","","","","","","","","","","","","","","","","","","","","","","","","","","","","","","","","","","","","","","","","","","","","","","","","","","","","","","0.37428240580864514","0.37428240580864514","0.37428240580864514","3214","3214","3214","","","","","","","0.04707495702630029","0.04707495702630029","0.04707495702630029","9829","9829","9829","","","","","","","","","","","","","","","","","","","","","","","","","","","","","","","","","","","","","","","","","","","","","","","","","0.49620046575760945","0.49620046575760945","0.49620046575760945","3214","3214","3214","","","","","","","","","","","","","","","","","","","","","","","","","","","","","","","","","","","","","","","","","",""
"189","","","","","","","","","","","","","","","","","","","","","","","","","","","","","","","","","","","","","","","","","","","","","","","","","","","","","","","0.37634412950092755","0.37634412950092755","0.37634412950092755","3231","3231","3231","","","","","","","0.045428954588737","0.045428954588737","0.045428954588737","9881","9881","9881","","","","","","","","","","","","","","","","","","","","","","","","","","","","","","","","","","","","","","","","","","","","","","","","","0.49876305892458567","0.49876305892458567","0.49876305892458567","3231","3231","3231","","","","","","","","","","","","","","","","","","","","","","","","","","","","","","","","","","","","","","","","","",""
"190","","","","","","","","","","","","","","","","","","","","","","","","","","","","","","","","","","","","","","","","","","","","","","","","","","","","","","","0.3382045324846598","0.3382045324846598","0.3382045324846598","3248","3248","3248","","","","","","","0.04835979686745058","0.04835979686745058","0.04835979686745058","9933","9933","9933","","","","","","","","","","","","","","","","","","","","","","","","","","","","","","","","","","","","","","","","","","","","","","","","","0.4967698161578738","0.4967698161578738","0.4967698161578738","3248","3248","3248","","","","","","","","","","","","","","","","","","","","","","","","","","","","","","","","","","","","","","","","","",""
"191","","","","","","","","","","","","","","","","","","","","","","","","","","","","","","","","","","","","","","","","","","","","","","","","","","","","","","","0.3447795069795694","0.3447795069795694","0.3447795069795694","3265","3265","3265","","","","","","","0.04591871842782232","0.04591871842782232","0.04591871842782232","9985","9985","9985","","","","","","","","","","","","","","","","","","","","","","","","","","","","","","","","","","","","","","","","","","","","","","","","","0.49407013658347276","0.49407013658347276","0.49407013658347276","3265","3265","3265","","","","","","","","","","","","","","","","","","","","","","","","","","","","","","","","","","","","","","","","","",""
"192","","","","","","","","","","","","","","","","","","","","","","","","","","","","","","","","","","","","","","","","","","","","","","","","","","","","","","","0.3447478969454728","0.3447478969454728","0.3447478969454728","3282","3282","3282","","","","","","","0.05227234113819068","0.05227234113819068","0.05227234113819068","10037","10037","10037","","","","","","","","","","","","","","","","","","","","","","","","","","","","","","","","","","","","","","","","","","","","","","","","","0.4986216323078421","0.4986216323078421","0.4986216323078421","3282","3282","3282","","","","","","","","","","","","","","","","","","","","","","","","","","","","","","","","","","","","","","","","","",""
"193","","","","","","","","","","","","","","","","","","","","","","","","","","","","","","","","","","","","","","","","","","","","","","","","","","","","","","","0.4009041082039184","0.4009041082039184","0.4009041082039184","3299","3299","3299","","","","","","","0.05291066996118138","0.05291066996118138","0.05291066996118138","10089","10089","10089","","","","","","","","","","","","","","","","","","","","","","","","","","","","","","","","","","","","","","","","","","","","","","","","","0.5077684875186824","0.5077684875186824","0.5077684875186824","3299","3299","3299","","","","","","","","","","","","","","","","","","","","","","","","","","","","","","","","","","","","","","","","","",""
"194","","","","","","","","","","","","","","","","","","","","","","","","","","","","","","","","","","","","","","","","","","","","","","","","","","","","","","","0.3814215846981901","0.3814215846981901","0.3814215846981901","3316","3316","3316","","","","","","","0.050350625678806125","0.050350625678806125","0.050350625678806125","10141","10141","10141","","","","","","","","","","","","","","","","","","","","","","","","","","","","","","","","","","","","","","","","","","","","","","","","","0.5069325509167207","0.5069325509167207","0.5069325509167207","3316","3316","3316","","","","","","","","","","","","","","","","","","","","","","","","","","","","","","","","","","","","","","","","","",""
"195","","","","","","","","","","","","","","","","","","","","","","","","","","","","","","","","","","","","","","","","","","","","","","","","","","","","","","","0.34626548564714466","0.34626548564714466","0.34626548564714466","3333","3333","3333","","","","","","","0.05660052599868709","0.05660052599868709","0.05660052599868709","10193","10193","10193","","","","","","","","","","","","","","","","","","","","","","","","","","","","","","","","","","","","","","","","","","","","","","","","","0.5025223497510749","0.5025223497510749","0.5025223497510749","3333","3333","3333","","","","","","","","","","","","","","","","","","","","","","","","","","","","","","","","","","","","","","","","","",""
"196","","","","","","","","","","","","","","","","","","","","","","","","","","","","","","","","","","","","","","","","","","","","","","","","","","","","","","","0.3997616621281068","0.3997616621281068","0.3997616621281068","3350","3350","3350","","","","","","","0.05385339403570555","0.05385339403570555","0.05385339403570555","10245","10245","10245","","","","","","","","","","","","","","","","","","","","","","","","","","","","","","","","","","","","","","","","","","","","","","","","","0.501703891688873","0.501703891688873","0.501703891688873","3350","3350","3350","","","","","","","","","","","","","","","","","","","","","","","","","","","","","","","","","","","","","","","","","",""
"197","","","","","","","","","","","","","","","","","","","","","","","","","","","","","","","","","","","","","","","","","","","","","","","","","","","","","","","0.3560114063240851","0.3560114063240851","0.3560114063240851","3367","3367","3367","","","","","","","0.045946929755500646","0.045946929755500646","0.045946929755500646","10297","10297","10297","","","","","","","","","","","","","","","","","","","","","","","","","","","","","","","","","","","","","","","","","","","","","","","","","0.4956115992435892","0.4956115992435892","0.4956115992435892","3367","3367","3367","","","","","","","","","","","","","","","","","","","","","","","","","","","","","","","","","","","","","","","","","",""
"198","","","","","","","","","","","","","","","","","","","","","","","","","","","","","","","","","","","","","","","","","","","","","","","","","","","","","","","0.3270278803619292","0.3270278803619292","0.3270278803619292","3384","3384","3384","","","","","","","0.04568787988206707","0.04568787988206707","0.04568787988206707","10349","10349","10349","","","","","","","","","","","","","","","","","","","","","","","","","","","","","","","","","","","","","","","","","","","","","","","","","0.5024013009905025","0.5024013009905025","0.5024013009905025","3384","3384","3384","","","","","","","","","","","","","","","","","","","","","","","","","","","","","","","","","","","","","","","","","",""
"199","","","","","","","","","","","","","","","","","","","","","","","","","","","","","","","","","","","","","","","","","","","","","","","","","","","","","","","0.34601032941380144","0.34601032941380144","0.34601032941380144","3401","3401","3401","","","","","","","0.05030591102860811","0.05030591102860811","0.05030591102860811","10401","10401","10401","","","","","","","","","","","","","","","","","","","","","","","","","","","","","","","","","","","","","","","","","","","","","","","","","0.5068486147806224","0.5068486147806224","0.5068486147806224","3401","3401","3401","","","","","","","","","","","","","","","","","","","","","","","","","","","","","","","","","","","","","","","","","",""
"200","","","","","","","","","","","","","","","","","","","","","","","","","","","","","","","","","","","","","","","","","","","","","","","","","","","","","","","0.34133780563072014","0.34133780563072014","0.34133780563072014","3418","3418","3418","","","","","","","0.04866335842016099","0.04866335842016099","0.04866335842016099","10453","10453","10453","","","","","","","","","","","","","","","","","","","","","","","","","","","","","","","","","","","","","","","","","","","","","","","","","0.5046680387377629","0.5046680387377629","0.5046680387377629","3418","3418","3418","","","","","","","","","","","","","","","","","","","","","","","","","","","","","","","","","","","","","","","","","",""
"201","","","","","","","","","","","","","","","","","","","","","","","","","","","","","","","","","","","","","","","","","","","","","","","","","","","","","","","0.3581836269750792","0.3581836269750792","0.3581836269750792","3435","3435","3435","","","","","","","0.05221115255717591","0.05221115255717591","0.05221115255717591","10505","10505","10505","","","","","","","","","","","","","","","","","","","","","","","","","","","","","","","","","","","","","","","","","","","","","","","","","0.48271221741117976","0.48271221741117976","0.48271221741117976","3435","3435","3435","","","","","","","","","","","","","","","","","","","","","","","","","","","","","","","","","","","","","","","","","",""
"202","","","","","","","","","","","","","","","","","","","","","","","","","","","","","","","","","","","","","","","","","","","","","","","","","","","","","","","0.34270571910328196","0.34270571910328196","0.34270571910328196","3452","3452","3452","","","","","","","0.04815879257109305","0.04815879257109305","0.04815879257109305","10557","10557","10557","","","","","","","","","","","","","","","","","","","","","","","","","","","","","","","","","","","","","","","","","","","","","","","","","0.4897169910418499","0.4897169910418499","0.4897169910418499","3452","3452","3452","","","","","","","","","","","","","","","","","","","","","","","","","","","","","","","","","","","","","","","","","",""
"203","","","","","","","","","","","","","","","","","","","","","","","","","","","","","","","","","","","","","","","","","","","","","","","","","","","","","","","0.39351780153122984","0.39351780153122984","0.39351780153122984","3469","3469","3469","","","","","","","0.05155891437846663","0.05155891437846663","0.05155891437846663","10609","10609","10609","","","","","","","","","","","","","","","","","","","","","","","","","","","","","","","","","","","","","","","","","","","","","","","","","0.5021730764681126","0.5021730764681126","0.5021730764681126","3469","3469","3469","","","","","","","","","","","","","","","","","","","","","","","","","","","","","","","","","","","","","","","","","",""
"204","","","","","","","","","","","","","","","","","","","","","","","","","","","","","","","","","","","","","","","","","","","","","","","","","","","","","","","0.39352033074969983","0.39352033074969983","0.39352033074969983","3486","3486","3486","","","","","","","0.0548564090453115","0.0548564090453115","0.0548564090453115","10661","10661","10661","","","","","","","","","","","","","","","","","","","","","","","","","","","","","","","","","","","","","","","","","","","","","","","","","0.5058557690097232","0.5058557690097232","0.5058557690097232","3486","3486","3486","","","","","","","","","","","","","","","","","","","","","","","","","","","","","","","","","","","","","","","","","",""
"205","","","","","","","","","","","","","","","","","","","","","","","","","","","","","","","","","","","","","","","","","","","","","","","","","","","","","","","0.37618026624290196","0.37618026624290196","0.37618026624290196","3503","3503","3503","","","","","","","0.05264014618578257","0.05264014618578257","0.05264014618578257","10713","10713","10713","","","","","","","","","","","","","","","","","","","","","","","","","","","","","","","","","","","","","","","","","","","","","","","","","0.4984530162956917","0.4984530162956917","0.4984530162956917","3503","3503","3503","","","","","","","","","","","","","","","","","","","","","","","","","","","","","","","","","","","","","","","","","",""
"206","","","","","","","","","","","","","","","","","","","","","","","","","","","","","","","","","","","","","","","","","","","","","","","","","","","","","","","0.37414158271709946","0.37414158271709946","0.37414158271709946","3520","3520","3520","","","","","","","0.04933850220831448","0.04933850220831448","0.04933850220831448","10765","10765","10765","","","","","","","","","","","","","","","","","","","","","","","","","","","","","","","","","","","","","","","","","","","","","","","","","0.49488031655841175","0.49488031655841175","0.49488031655841175","3520","3520","3520","","","","","","","","","","","","","","","","","","","","","","","","","","","","","","","","","","","","","","","","","",""
"207","","","","","","","","","","","","","","","","","","","","","","","","","","","","","","","","","","","","","","","","","","","","","","","","","","","","","","","0.4181428964128535","0.4181428964128535","0.4181428964128535","3537","3537","3537","","","","","","","0.052542479755903385","0.052542479755903385","0.052542479755903385","10817","10817","10817","","","","","","","","","","","","","","","","","","","","","","","","","","","","","","","","","","","","","","","","","","","","","","","","","0.5007407540525894","0.5007407540525894","0.5007407540525894","3537","3537","3537","","","","","","","","","","","","","","","","","","","","","","","","","","","","","","","","","","","","","","","","","",""
"208","","","","","","","","","","","","","","","","","","","","","","","","","","","","","","","","","","","","","","","","","","","","","","","","","","","","","","","0.39187520408479365","0.39187520408479365","0.39187520408479365","3554","3554","3554","","","","","","","0.049367573996984625","0.049367573996984625","0.049367573996984625","10869","10869","10869","","","","","","","","","","","","","","","","","","","","","","","","","","","","","","","","","","","","","","","","","","","","","","","","","0.5066760871339072","0.5066760871339072","0.5066760871339072","3554","3554","3554","","","","","","","","","","","","","","","","","","","","","","","","","","","","","","","","","","","","","","","","","",""
"209","","","","","","","","","","","","","","","","","","","","","","","","","","","","","","","","","","","","","","","","","","","","","","","","","","","","","","","0.39963123669433137","0.39963123669433137","0.39963123669433137","3571","3571","3571","","","","","","","0.04819975663883214","0.04819975663883214","0.04819975663883214","10921","10921","10921","","","","","","","","","","","","","","","","","","","","","","","","","","","","","","","","","","","","","","","","","","","","","","","","","0.5048212331386991","0.5048212331386991","0.5048212331386991","3571","3571","3571","","","","","","","","","","","","","","","","","","","","","","","","","","","","","","","","","","","","","","","","","",""
"210","","","","","","","","","","","","","","","","","","","","","","","","","","","","","","","","","","","","","","","","","","","","","","","","","","","","","","","0.3711306594757777","0.3711306594757777","0.3711306594757777","3588","3588","3588","","","","","","","0.0425619213581359","0.0425619213581359","0.0425619213581359","10973","10973","10973","","","","","","","","","","","","","","","","","","","","","","","","","","","","","","","","","","","","","","","","","","","","","","","","","0.5097005568662362","0.5097005568662362","0.5097005568662362","3588","3588","3588","","","","","","","","","","","","","","","","","","","","","","","","","","","","","","","","","","","","","","","","","",""
"211","","","","","","","","","","","","","","","","","","","","","","","","","","","","","","","","","","","","","","","","","","","","","","","","","","","","","","","0.38754065565571727","0.38754065565571727","0.38754065565571727","3605","3605","3605","","","","","","","0.04388286634707514","0.04388286634707514","0.04388286634707514","11025","11025","11025","","","","","","","","","","","","","","","","","","","","","","","","","","","","","","","","","","","","","","","","","","","","","","","","","0.5080582914426761","0.5080582914426761","0.5080582914426761","3605","3605","3605","","","","","","","","","","","","","","","","","","","","","","","","","","","","","","","","","","","","","","","","","",""
"212","","","","","","","","","","","","","","","","","","","","","","","","","","","","","","","","","","","","","","","","","","","","","","","","","","","","","","","0.3458717859571419","0.3458717859571419","0.3458717859571419","3622","3622","3622","","","","","","","0.04555548198980525","0.04555548198980525","0.04555548198980525","11077","11077","11077","","","","","","","","","","","","","","","","","","","","","","","","","","","","","","","","","","","","","","","","","","","","","","","","","0.5041594426335675","0.5041594426335675","0.5041594426335675","3622","3622","3622","","","","","","","","","","","","","","","","","","","","","","","","","","","","","","","","","","","","","","","","","",""
"213","","","","","","","","","","","","","","","","","","","","","","","","","","","","","","","","","","","","","","","","","","","","","","","","","","","","","","","0.3477712726975416","0.3477712726975416","0.3477712726975416","3639","3639","3639","","","","","","","0.04967006341260271","0.04967006341260271","0.04967006341260271","11129","11129","11129","","","","","","","","","","","","","","","","","","","","","","","","","","","","","","","","","","","","","","","","","","","","","","","","","0.508907667203496","0.508907667203496","0.508907667203496","3639","3639","3639","","","","","","","","","","","","","","","","","","","","","","","","","","","","","","","","","","","","","","","","","",""
"214","","","","","","","","","","","","","","","","","","","","","","","","","","","","","","","","","","","","","","","","","","","","","","","","","","","","","","","0.390788581138661","0.390788581138661","0.390788581138661","3656","3656","3656","","","","","","","0.05617768260588546","0.05617768260588546","0.05617768260588546","11181","11181","11181","","","","","","","","","","","","","","","","","","","","","","","","","","","","","","","","","","","","","","","","","","","","","","","","","0.5138026318423136","0.5138026318423136","0.5138026318423136","3656","3656","3656","","","","","","","","","","","","","","","","","","","","","","","","","","","","","","","","","","","","","","","","","",""
"215","","","","","","","","","","","","","","","","","","","","","","","","","","","","","","","","","","","","","","","","","","","","","","","","","","","","","","","0.40872243293432664","0.40872243293432664","0.40872243293432664","3673","3673","3673","","","","","","","0.053528548792781266","0.053528548792781266","0.053528548792781266","11233","11233","11233","","","","","","","","","","","","","","","","","","","","","","","","","","","","","","","","","","","","","","","","","","","","","","","","","0.5149770993011721","0.5149770993011721","0.5149770993011721","3673","3673","3673","","","","","","","","","","","","","","","","","","","","","","","","","","","","","","","","","","","","","","","","","",""
"216","","","","","","","","","","","","","","","","","","","","","","","","","","","","","","","","","","","","","","","","","","","","","","","","","","","","","","","0.3910612565387996","0.3910612565387996","0.3910612565387996","3690","3690","3690","","","","","","","0.05138756761456416","0.05138756761456416","0.05138756761456416","11285","11285","11285","","","","","","","","","","","","","","","","","","","","","","","","","","","","","","","","","","","","","","","","","","","","","","","","","0.5164259094565861","0.5164259094565861","0.5164259094565861","3690","3690","3690","","","","","","","","","","","","","","","","","","","","","","","","","","","","","","","","","","","","","","","","","",""
"217","","","","","","","","","","","","","","","","","","","","","","","","","","","","","","","","","","","","","","","","","","","","","","","","","","","","","","","0.3739294791360085","0.3739294791360085","0.3739294791360085","3707","3707","3707","","","","","","","0.05106831906203196","0.05106831906203196","0.05106831906203196","11337","11337","11337","","","","","","","","","","","","","","","","","","","","","","","","","","","","","","","","","","","","","","","","","","","","","","","","","0.5158786280334008","0.5158786280334008","0.5158786280334008","3707","3707","3707","","","","","","","","","","","","","","","","","","","","","","","","","","","","","","","","","","","","","","","","","",""
"218","","","","","","","","","","","","","","","","","","","","","","","","","","","","","","","","","","","","","","","","","","","","","","","","","","","","","","","0.37305792262401927","0.37305792262401927","0.37305792262401927","3724","3724","3724","","","","","","","0.05290213871878301","0.05290213871878301","0.05290213871878301","11389","11389","11389","","","","","","","","","","","","","","","","","","","","","","","","","","","","","","","","","","","","","","","","","","","","","","","","","0.5142819975925884","0.5142819975925884","0.5142819975925884","3724","3724","3724","","","","","","","","","","","","","","","","","","","","","","","","","","","","","","","","","","","","","","","","","",""
"219","","","","","","","","","","","","","","","","","","","","","","","","","","","","","","","","","","","","","","","","","","","","","","","","","","","","","","","0.3868455874453811","0.3868455874453811","0.3868455874453811","3741","3741","3741","","","","","","","0.05327833653828247","0.05327833653828247","0.05327833653828247","11441","11441","11441","","","","","","","","","","","","","","","","","","","","","","","","","","","","","","","","","","","","","","","","","","","","","","","","","0.49948605122302553","0.49948605122302553","0.49948605122302553","3741","3741","3741","","","","","","","","","","","","","","","","","","","","","","","","","","","","","","","","","","","","","","","","","",""
"220","","","","","","","","","","","","","","","","","","","","","","","","","","","","","","","","","","","","","","","","","","","","","","","","","","","","","","","0.3900568566132193","0.3900568566132193","0.3900568566132193","3758","3758","3758","","","","","","","0.0475019878147718","0.0475019878147718","0.0475019878147718","11493","11493","11493","","","","","","","","","","","","","","","","","","","","","","","","","","","","","","","","","","","","","","","","","","","","","","","","","0.487202444630895","0.487202444630895","0.487202444630895","3758","3758","3758","","","","","","","","","","","","","","","","","","","","","","","","","","","","","","","","","","","","","","","","","",""
"221","","","","","","","","","","","","","","","","","","","","","","","","","","","","","","","","","","","","","","","","","","","","","","","","","","","","","","","0.39542005753958726","0.39542005753958726","0.39542005753958726","3775","3775","3775","","","","","","","0.04855943120796766","0.04855943120796766","0.04855943120796766","11545","11545","11545","","","","","","","","","","","","","","","","","","","","","","","","","","","","","","","","","","","","","","","","","","","","","","","","","0.4915231739925757","0.4915231739925757","0.4915231739925757","3775","3775","3775","","","","","","","","","","","","","","","","","","","","","","","","","","","","","","","","","","","","","","","","","",""
"222","","","","","","","","","","","","","","","","","","","","","","","","","","","","","","","","","","","","","","","","","","","","","","","","","","","","","","","0.3650845503042481","0.3650845503042481","0.3650845503042481","3792","3792","3792","","","","","","","0.052767856295542384","0.052767856295542384","0.052767856295542384","11597","11597","11597","","","","","","","","","","","","","","","","","","","","","","","","","","","","","","","","","","","","","","","","","","","","","","","","","0.494845925899328","0.494845925899328","0.494845925899328","3792","3792","3792","","","","","","","","","","","","","","","","","","","","","","","","","","","","","","","","","","","","","","","","","",""
"223","","","","","","","","","","","","","","","","","","","","","","","","","","","","","","","","","","","","","","","","","","","","","","","","","","","","","","","0.3800874391219344","0.3800874391219344","0.3800874391219344","3809","3809","3809","","","","","","","0.05092395270036712","0.05092395270036712","0.05092395270036712","11649","11649","11649","","","","","","","","","","","","","","","","","","","","","","","","","","","","","","","","","","","","","","","","","","","","","","","","","0.49392463961722843","0.49392463961722843","0.49392463961722843","3809","3809","3809","","","","","","","","","","","","","","","","","","","","","","","","","","","","","","","","","","","","","","","","","",""
"224","","","","","","","","","","","","","","","","","","","","","","","","","","","","","","","","","","","","","","","","","","","","","","","","","","","","","","","0.3544359177500124","0.3544359177500124","0.3544359177500124","3826","3826","3826","","","","","","","0.04992483726398879","0.04992483726398879","0.04992483726398879","11701","11701","11701","","","","","","","","","","","","","","","","","","","","","","","","","","","","","","","","","","","","","","","","","","","","","","","","","0.49516476097352774","0.49516476097352774","0.49516476097352774","3826","3826","3826","","","","","","","","","","","","","","","","","","","","","","","","","","","","","","","","","","","","","","","","","",""
"225","","","","","","","","","","","","","","","","","","","","","","","","","","","","","","","","","","","","","","","","","","","","","","","","","","","","","","","0.36497830759696304","0.36497830759696304","0.36497830759696304","3843","3843","3843","","","","","","","0.05070587494443017","0.05070587494443017","0.05070587494443017","11753","11753","11753","","","","","","","","","","","","","","","","","","","","","","","","","","","","","","","","","","","","","","","","","","","","","","","","","0.49357382409105377","0.49357382409105377","0.49357382409105377","3843","3843","3843","","","","","","","","","","","","","","","","","","","","","","","","","","","","","","","","","","","","","","","","","",""
"226","","","","","","","","","","","","","","","","","","","","","","","","","","","","","","","","","","","","","","","","","","","","","","","","","","","","","","","0.3844728751285441","0.3844728751285441","0.3844728751285441","3860","3860","3860","","","","","","","0.05031368060062687","0.05031368060062687","0.05031368060062687","11805","11805","11805","","","","","","","","","","","","","","","","","","","","","","","","","","","","","","","","","","","","","","","","","","","","","","","","","0.5027027120330249","0.5027027120330249","0.5027027120330249","3860","3860","3860","","","","","","","","","","","","","","","","","","","","","","","","","","","","","","","","","","","","","","","","","",""
"227","","","","","","","","","","","","","","","","","","","","","","","","","","","","","","","","","","","","","","","","","","","","","","","","","","","","","","","0.3619533458359932","0.3619533458359932","0.3619533458359932","3877","3877","3877","","","","","","","0.05307511856948487","0.05307511856948487","0.05307511856948487","11857","11857","11857","","","","","","","","","","","","","","","","","","","","","","","","","","","","","","","","","","","","","","","","","","","","","","","","","0.504305159058474","0.504305159058474","0.504305159058474","3877","3877","3877","","","","","","","","","","","","","","","","","","","","","","","","","","","","","","","","","","","","","","","","","",""
"228","","","","","","","","","","","","","","","","","","","","","","","","","","","","","","","","","","","","","","","","","","","","","","","","","","","","","","","0.35229683527342426","0.35229683527342426","0.35229683527342426","3894","3894","3894","","","","","","","0.05611080116363422","0.05611080116363422","0.05611080116363422","11909","11909","11909","","","","","","","","","","","","","","","","","","","","","","","","","","","","","","","","","","","","","","","","","","","","","","","","","0.5006709896133865","0.5006709896133865","0.5006709896133865","3894","3894","3894","","","","","","","","","","","","","","","","","","","","","","","","","","","","","","","","","","","","","","","","","",""
"229","","","","","","","","","","","","","","","","","","","","","","","","","","","","","","","","","","","","","","","","","","","","","","","","","","","","","","","0.3553165103489435","0.3553165103489435","0.3553165103489435","3911","3911","3911","","","","","","","0.04861801327614624","0.04861801327614624","0.04861801327614624","11961","11961","11961","","","","","","","","","","","","","","","","","","","","","","","","","","","","","","","","","","","","","","","","","","","","","","","","","0.49621584005243435","0.49621584005243435","0.49621584005243435","3911","3911","3911","","","","","","","","","","","","","","","","","","","","","","","","","","","","","","","","","","","","","","","","","",""
"230","","","","","","","","","","","","","","","","","","","","","","","","","","","","","","","","","","","","","","","","","","","","","","","","","","","","","","","0.36656775852791074","0.36656775852791074","0.36656775852791074","3928","3928","3928","","","","","","","0.04760750226484423","0.04760750226484423","0.04760750226484423","12013","12013","12013","","","","","","","","","","","","","","","","","","","","","","","","","","","","","","","","","","","","","","","","","","","","","","","","","0.4627880860515674","0.4627880860515674","0.4627880860515674","3928","3928","3928","","","","","","","","","","","","","","","","","","","","","","","","","","","","","","","","","","","","","","","","","",""
"231","","","","","","","","","","","","","","","","","","","","","","","","","","","","","","","","","","","","","","","","","","","","","","","","","","","","","","","0.369379663858977","0.369379663858977","0.369379663858977","3945","3945","3945","","","","","","","0.05339278614611759","0.05339278614611759","0.05339278614611759","12065","12065","12065","","","","","","","","","","","","","","","","","","","","","","","","","","","","","","","","","","","","","","","","","","","","","","","","","0.47789541067457947","0.47789541067457947","0.47789541067457947","3945","3945","3945","","","","","","","","","","","","","","","","","","","","","","","","","","","","","","","","","","","","","","","","","",""
"232","","","","","","","","","","","","","","","","","","","","","","","","","","","","","","","","","","","","","","","","","","","","","","","","","","","","","","","0.34950350791558915","0.34950350791558915","0.34950350791558915","3962","3962","3962","","","","","","","0.0541949643862948","0.0541949643862948","0.0541949643862948","12117","12117","12117","","","","","","","","","","","","","","","","","","","","","","","","","","","","","","","","","","","","","","","","","","","","","","","","","0.49047494082004145","0.49047494082004145","0.49047494082004145","3962","3962","3962","","","","","","","","","","","","","","","","","","","","","","","","","","","","","","","","","","","","","","","","","",""
"233","","","","","","","","","","","","","","","","","","","","","","","","","","","","","","","","","","","","","","","","","","","","","","","","","","","","","","","0.36408095200182244","0.36408095200182244","0.36408095200182244","3979","3979","3979","","","","","","","0.048371783309144496","0.048371783309144496","0.048371783309144496","12169","12169","12169","","","","","","","","","","","","","","","","","","","","","","","","","","","","","","","","","","","","","","","","","","","","","","","","","0.497266650689008","0.497266650689008","0.497266650689008","3979","3979","3979","","","","","","","","","","","","","","","","","","","","","","","","","","","","","","","","","","","","","","","","","",""
"234","","","","","","","","","","","","","","","","","","","","","","","","","","","","","","","","","","","","","","","","","","","","","","","","","","","","","","","0.35000856866198776","0.35000856866198776","0.35000856866198776","3996","3996","3996","","","","","","","0.05163957390332778","0.05163957390332778","0.05163957390332778","12221","12221","12221","","","","","","","","","","","","","","","","","","","","","","","","","","","","","","","","","","","","","","","","","","","","","","","","","0.49515512210576557","0.49515512210576557","0.49515512210576557","3996","3996","3996","","","","","","","","","","","","","","","","","","","","","","","","","","","","","","","","","","","","","","","","","",""
"235","","","","","","","","","","","","","","","","","","","","","","","","","","","","","","","","","","","","","","","","","","","","","","","","","","","","","","","0.3570362909702804","0.3570362909702804","0.3570362909702804","4013","4013","4013","","","","","","","0.05204093611499026","0.05204093611499026","0.05204093611499026","12273","12273","12273","","","","","","","","","","","","","","","","","","","","","","","","","","","","","","","","","","","","","","","","","","","","","","","","","0.49642353097827274","0.49642353097827274","0.49642353097827274","4013","4013","4013","","","","","","","","","","","","","","","","","","","","","","","","","","","","","","","","","","","","","","","","","",""
"236","","","","","","","","","","","","","","","","","","","","","","","","","","","","","","","","","","","","","","","","","","","","","","","","","","","","","","","0.37008848772202874","0.37008848772202874","0.37008848772202874","4030","4030","4030","","","","","","","0.0513676513524669","0.0513676513524669","0.0513676513524669","12325","12325","12325","","","","","","","","","","","","","","","","","","","","","","","","","","","","","","","","","","","","","","","","","","","","","","","","","0.4934949477745095","0.4934949477745095","0.4934949477745095","4030","4030","4030","","","","","","","","","","","","","","","","","","","","","","","","","","","","","","","","","","","","","","","","","",""
"237","","","","","","","","","","","","","","","","","","","","","","","","","","","","","","","","","","","","","","","","","","","","","","","","","","","","","","","0.34901784826484855","0.34901784826484855","0.34901784826484855","4047","4047","4047","","","","","","","0.05390942318565807","0.05390942318565807","0.05390942318565807","12377","12377","12377","","","","","","","","","","","","","","","","","","","","","","","","","","","","","","","","","","","","","","","","","","","","","","","","","0.4971837543143649","0.4971837543143649","0.4971837543143649","4047","4047","4047","","","","","","","","","","","","","","","","","","","","","","","","","","","","","","","","","","","","","","","","","",""
"238","","","","","","","","","","","","","","","","","","","","","","","","","","","","","","","","","","","","","","","","","","","","","","","","","","","","","","","0.33952686871114385","0.33952686871114385","0.33952686871114385","4064","4064","4064","","","","","","","0.05381313489662068","0.05381313489662068","0.05381313489662068","12429","12429","12429","","","","","","","","","","","","","","","","","","","","","","","","","","","","","","","","","","","","","","","","","","","","","","","","","0.49845893198317265","0.49845893198317265","0.49845893198317265","4064","4064","4064","","","","","","","","","","","","","","","","","","","","","","","","","","","","","","","","","","","","","","","","","",""
"239","","","","","","","","","","","","","","","","","","","","","","","","","","","","","","","","","","","","","","","","","","","","","","","","","","","","","","","0.3325939908848965","0.3325939908848965","0.3325939908848965","4081","4081","4081","","","","","","","0.04840451470612565","0.04840451470612565","0.04840451470612565","12481","12481","12481","","","","","","","","","","","","","","","","","","","","","","","","","","","","","","","","","","","","","","","","","","","","","","","","","0.5010691399552178","0.5010691399552178","0.5010691399552178","4081","4081","4081","","","","","","","","","","","","","","","","","","","","","","","","","","","","","","","","","","","","","","","","","",""
"240","","","","","","","","","","","","","","","","","","","","","","","","","","","","","","","","","","","","","","","","","","","","","","","","","","","","","","","0.3474133816311886","0.3474133816311886","0.3474133816311886","4098","4098","4098","","","","","","","0.048348858617538445","0.048348858617538445","0.048348858617538445","12533","12533","12533","","","","","","","","","","","","","","","","","","","","","","","","","","","","","","","","","","","","","","","","","","","","","","","","","0.4961906505304786","0.4961906505304786","0.4961906505304786","4098","4098","4098","","","","","","","","","","","","","","","","","","","","","","","","","","","","","","","","","","","","","","","","","",""
"241","","","","","","","","","","","","","","","","","","","","","","","","","","","","","","","","","","","","","","","","","","","","","","","","","","","","","","","0.3555494243040569","0.3555494243040569","0.3555494243040569","4115","4115","4115","","","","","","","0.05099149901084739","0.05099149901084739","0.05099149901084739","12585","12585","12585","","","","","","","","","","","","","","","","","","","","","","","","","","","","","","","","","","","","","","","","","","","","","","","","","0.5024726318877566","0.5024726318877566","0.5024726318877566","4115","4115","4115","","","","","","","","","","","","","","","","","","","","","","","","","","","","","","","","","","","","","","","","","",""
"242","","","","","","","","","","","","","","","","","","","","","","","","","","","","","","","","","","","","","","","","","","","","","","","","","","","","","","","0.3402445846925707","0.3402445846925707","0.3402445846925707","4132","4132","4132","","","","","","","0.05932824177948869","0.05932824177948869","0.05932824177948869","12637","12637","12637","","","","","","","","","","","","","","","","","","","","","","","","","","","","","","","","","","","","","","","","","","","","","","","","","0.5064483615869694","0.5064483615869694","0.5064483615869694","4132","4132","4132","","","","","","","","","","","","","","","","","","","","","","","","","","","","","","","","","","","","","","","","","",""
"243","","","","","","","","","","","","","","","","","","","","","","","","","","","","","","","","","","","","","","","","","","","","","","","","","","","","","","","0.3541029280714276","0.3541029280714276","0.3541029280714276","4149","4149","4149","","","","","","","0.05832400881954898","0.05832400881954898","0.05832400881954898","12689","12689","12689","","","","","","","","","","","","","","","","","","","","","","","","","","","","","","","","","","","","","","","","","","","","","","","","","0.4983225896641068","0.4983225896641068","0.4983225896641068","4149","4149","4149","","","","","","","","","","","","","","","","","","","","","","","","","","","","","","","","","","","","","","","","","",""
"244","","","","","","","","","","","","","","","","","","","","","","","","","","","","","","","","","","","","","","","","","","","","","","","","","","","","","","","0.3614281401210871","0.3614281401210871","0.3614281401210871","4166","4166","4166","","","","","","","0.05544483340935722","0.05544483340935722","0.05544483340935722","12741","12741","12741","","","","","","","","","","","","","","","","","","","","","","","","","","","","","","","","","","","","","","","","","","","","","","","","","0.5030978419794505","0.5030978419794505","0.5030978419794505","4166","4166","4166","","","","","","","","","","","","","","","","","","","","","","","","","","","","","","","","","","","","","","","","","",""
"245","","","","","","","","","","","","","","","","","","","","","","","","","","","","","","","","","","","","","","","","","","","","","","","","","","","","","","","0.37679278543028144","0.37679278543028144","0.37679278543028144","4183","4183","4183","","","","","","","0.05451657375054955","0.05451657375054955","0.05451657375054955","12793","12793","12793","","","","","","","","","","","","","","","","","","","","","","","","","","","","","","","","","","","","","","","","","","","","","","","","","0.5024926603819977","0.5024926603819977","0.5024926603819977","4183","4183","4183","","","","","","","","","","","","","","","","","","","","","","","","","","","","","","","","","","","","","","","","","",""
"246","","","","","","","","","","","","","","","","","","","","","","","","","","","","","","","","","","","","","","","","","","","","","","","","","","","","","","","0.35921008133521415","0.35921008133521415","0.35921008133521415","4200","4200","4200","","","","","","","0.056027736838949155","0.056027736838949155","0.056027736838949155","12845","12845","12845","","","","","","","","","","","","","","","","","","","","","","","","","","","","","","","","","","","","","","","","","","","","","","","","","0.5056328149051872","0.5056328149051872","0.5056328149051872","4200","4200","4200","","","","","","","","","","","","","","","","","","","","","","","","","","","","","","","","","","","","","","","","","",""
"247","","","","","","","","","","","","","","","","","","","","","","","","","","","","","","","","","","","","","","","","","","","","","","","","","","","","","","","0.3466148847284853","0.3466148847284853","0.3466148847284853","4217","4217","4217","","","","","","","0.05082373043576846","0.05082373043576846","0.05082373043576846","12897","12897","12897","","","","","","","","","","","","","","","","","","","","","","","","","","","","","","","","","","","","","","","","","","","","","","","","","0.5133086162163578","0.5133086162163578","0.5133086162163578","4217","4217","4217","","","","","","","","","","","","","","","","","","","","","","","","","","","","","","","","","","","","","","","","","",""
"248","","","","","","","","","","","","","","","","","","","","","","","","","","","","","","","","","","","","","","","","","","","","","","","","","","","","","","","0.3394961118770356","0.3394961118770356","0.3394961118770356","4234","4234","4234","","","","","","","0.05102486461214606","0.05102486461214606","0.05102486461214606","12949","12949","12949","","","","","","","","","","","","","","","","","","","","","","","","","","","","","","","","","","","","","","","","","","","","","","","","","0.5104037677988739","0.5104037677988739","0.5104037677988739","4234","4234","4234","","","","","","","","","","","","","","","","","","","","","","","","","","","","","","","","","","","","","","","","","",""
"249","","","","","","","","","","","","","","","","","","","","","","","","","","","","","","","","","","","","","","","","","","","","","","","","","","","","","","","0.36477934295323583","0.36477934295323583","0.36477934295323583","4251","4251","4251","","","","","","","0.05314959465014781","0.05314959465014781","0.05314959465014781","13001","13001","13001","","","","","","","","","","","","","","","","","","","","","","","","","","","","","","","","","","","","","","","","","","","","","","","","","0.5069849900738472","0.5069849900738472","0.5069849900738472","4251","4251","4251","","","","","","","","","","","","","","","","","","","","","","","","","","","","","","","","","","","","","","","","","",""
"250","","","","","","","","","","","","","","","","","","","","","","","","","","","","","","","","","","","","","","","","","","","","","","","","","","","","","","","0.36490017184258966","0.36490017184258966","0.36490017184258966","4268","4268","4268","","","","","","","0.05865623717278569","0.05865623717278569","0.05865623717278569","13053","13053","13053","","","","","","","","","","","","","","","","","","","","","","","","","","","","","","","","","","","","","","","","","","","","","","","","","0.5030155198989616","0.5030155198989616","0.5030155198989616","4268","4268","4268","","","","","","","","","","","","","","","","","","","","","","","","","","","","","","","","","","","","","","","","","",""
"251","","","","","","","","","","","","","","","","","","","","","","","","","","","","","","","","","","","","","","","","","","","","","","","","","","","","","","","0.35468041541551737","0.35468041541551737","0.35468041541551737","4285","4285","4285","","","","","","","0.059056433851714725","0.059056433851714725","0.059056433851714725","13105","13105","13105","","","","","","","","","","","","","","","","","","","","","","","","","","","","","","","","","","","","","","","","","","","","","","","","","0.50447168838165","0.50447168838165","0.50447168838165","4285","4285","4285","","","","","","","","","","","","","","","","","","","","","","","","","","","","","","","","","","","","","","","","","",""
"252","","","","","","","","","","","","","","","","","","","","","","","","","","","","","","","","","","","","","","","","","","","","","","","","","","","","","","","0.35458798686478166","0.35458798686478166","0.35458798686478166","4302","4302","4302","","","","","","","0.05548565848527536","0.05548565848527536","0.05548565848527536","13157","13157","13157","","","","","","","","","","","","","","","","","","","","","","","","","","","","","","","","","","","","","","","","","","","","","","","","","0.508044833829529","0.508044833829529","0.508044833829529","4302","4302","4302","","","","","","","","","","","","","","","","","","","","","","","","","","","","","","","","","","","","","","","","","",""
"253","","","","","","","","","","","","","","","","","","","","","","","","","","","","","","","","","","","","","","","","","","","","","","","","","","","","","","","0.358436431163071","0.358436431163071","0.358436431163071","4319","4319","4319","","","","","","","0.05446371794745619","0.05446371794745619","0.05446371794745619","13209","13209","13209","","","","","","","","","","","","","","","","","","","","","","","","","","","","","","","","","","","","","","","","","","","","","","","","","0.5085710137964266","0.5085710137964266","0.5085710137964266","4319","4319","4319","","","","","","","","","","","","","","","","","","","","","","","","","","","","","","","","","","","","","","","","","",""
"254","","","","","","","","","","","","","","","","","","","","","","","","","","","","","","","","","","","","","","","","","","","","","","","","","","","","","","","0.3519604252217088","0.3519604252217088","0.3519604252217088","4336","4336","4336","","","","","","","0.051670045553492375","0.051670045553492375","0.051670045553492375","13261","13261","13261","","","","","","","","","","","","","","","","","","","","","","","","","","","","","","","","","","","","","","","","","","","","","","","","","0.5167551118717599","0.5167551118717599","0.5167551118717599","4336","4336","4336","","","","","","","","","","","","","","","","","","","","","","","","","","","","","","","","","","","","","","","","","",""
"255","","","","","","","","","","","","","","","","","","","","","","","","","","","","","","","","","","","","","","","","","","","","","","","","","","","","","","","0.3623052290739844","0.3623052290739844","0.3623052290739844","4353","4353","4353","","","","","","","0.05223521087893877","0.05223521087893877","0.05223521087893877","13313","13313","13313","","","","","","","","","","","","","","","","","","","","","","","","","","","","","","","","","","","","","","","","","","","","","","","","","0.5154210153440967","0.5154210153440967","0.5154210153440967","4353","4353","4353","","","","","","","","","","","","","","","","","","","","","","","","","","","","","","","","","","","","","","","","","",""
"256","","","","","","","","","","","","","","","","","","","","","","","","","","","","","","","","","","","","","","","","","","","","","","","","","","","","","","","0.368158791857257","0.368158791857257","0.368158791857257","4370","4370","4370","","","","","","","0.052789109986389006","0.052789109986389006","0.052789109986389006","13365","13365","13365","","","","","","","","","","","","","","","","","","","","","","","","","","","","","","","","","","","","","","","","","","","","","","","","","0.5183018969225035","0.5183018969225035","0.5183018969225035","4370","4370","4370","","","","","","","","","","","","","","","","","","","","","","","","","","","","","","","","","","","","","","","","","",""
"257","","","","","","","","","","","","","","","","","","","","","","","","","","","","","","","","","","","","","","","","","","","","","","","","","","","","","","","0.361524733405889","0.361524733405889","0.361524733405889","4387","4387","4387","","","","","","","0.056065744028103597","0.056065744028103597","0.056065744028103597","13417","13417","13417","","","","","","","","","","","","","","","","","","","","","","","","","","","","","","","","","","","","","","","","","","","","","","","","","0.5142155591009915","0.5142155591009915","0.5142155591009915","4387","4387","4387","","","","","","","","","","","","","","","","","","","","","","","","","","","","","","","","","","","","","","","","","",""
"258","","","","","","","","","","","","","","","","","","","","","","","","","","","","","","","","","","","","","","","","","","","","","","","","","","","","","","","0.3639338432402041","0.3639338432402041","0.3639338432402041","4404","4404","4404","","","","","","","0.05899143417033893","0.05899143417033893","0.05899143417033893","13469","13469","13469","","","","","","","","","","","","","","","","","","","","","","","","","","","","","","","","","","","","","","","","","","","","","","","","","0.5193272710043213","0.5193272710043213","0.5193272710043213","4404","4404","4404","","","","","","","","","","","","","","","","","","","","","","","","","","","","","","","","","","","","","","","","","",""
"259","","","","","","","","","","","","","","","","","","","","","","","","","","","","","","","","","","","","","","","","","","","","","","","","","","","","","","","0.37881046145376857","0.37881046145376857","0.37881046145376857","4421","4421","4421","","","","","","","0.059365575840114426","0.059365575840114426","0.059365575840114426","13521","13521","13521","","","","","","","","","","","","","","","","","","","","","","","","","","","","","","","","","","","","","","","","","","","","","","","","","0.5193306299405978","0.5193306299405978","0.5193306299405978","4421","4421","4421","","","","","","","","","","","","","","","","","","","","","","","","","","","","","","","","","","","","","","","","","",""
"260","","","","","","","","","","","","","","","","","","","","","","","","","","","","","","","","","","","","","","","","","","","","","","","","","","","","","","","0.3716058802483795","0.3716058802483795","0.3716058802483795","4438","4438","4438","","","","","","","0.05523941245644884","0.05523941245644884","0.05523941245644884","13573","13573","13573","","","","","","","","","","","","","","","","","","","","","","","","","","","","","","","","","","","","","","","","","","","","","","","","","0.5206805710939411","0.5206805710939411","0.5206805710939411","4438","4438","4438","","","","","","","","","","","","","","","","","","","","","","","","","","","","","","","","","","","","","","","","","",""
"261","","","","","","","","","","","","","","","","","","","","","","","","","","","","","","","","","","","","","","","","","","","","","","","","","","","","","","","0.3559049740846604","0.3559049740846604","0.3559049740846604","4455","4455","4455","","","","","","","0.05710235651411956","0.05710235651411956","0.05710235651411956","13625","13625","13625","","","","","","","","","","","","","","","","","","","","","","","","","","","","","","","","","","","","","","","","","","","","","","","","","0.5121557832470468","0.5121557832470468","0.5121557832470468","4455","4455","4455","","","","","","","","","","","","","","","","","","","","","","","","","","","","","","","","","","","","","","","","","",""
"262","","","","","","","","","","","","","","","","","","","","","","","","","","","","","","","","","","","","","","","","","","","","","","","","","","","","","","","0.36989646425764217","0.36989646425764217","0.36989646425764217","4472","4472","4472","","","","","","","0.05896236635976516","0.05896236635976516","0.05896236635976516","13677","13677","13677","","","","","","","","","","","","","","","","","","","","","","","","","","","","","","","","","","","","","","","","","","","","","","","","","0.5125838139613815","0.5125838139613815","0.5125838139613815","4472","4472","4472","","","","","","","","","","","","","","","","","","","","","","","","","","","","","","","","","","","","","","","","","",""
"263","","","","","","","","","","","","","","","","","","","","","","","","","","","","","","","","","","","","","","","","","","","","","","","","","","","","","","","0.3730672124452551","0.3730672124452551","0.3730672124452551","4489","4489","4489","","","","","","","0.059947612008289575","0.059947612008289575","0.059947612008289575","13729","13729","13729","","","","","","","","","","","","","","","","","","","","","","","","","","","","","","","","","","","","","","","","","","","","","","","","","0.5146375691407693","0.5146375691407693","0.5146375691407693","4489","4489","4489","","","","","","","","","","","","","","","","","","","","","","","","","","","","","","","","","","","","","","","","","",""
"264","","","","","","","","","","","","","","","","","","","","","","","","","","","","","","","","","","","","","","","","","","","","","","","","","","","","","","","0.37623281890924576","0.37623281890924576","0.37623281890924576","4506","4506","4506","","","","","","","0.05520476096562703","0.05520476096562703","0.05520476096562703","13781","13781","13781","","","","","","","","","","","","","","","","","","","","","","","","","","","","","","","","","","","","","","","","","","","","","","","","","0.5101703579954481","0.5101703579954481","0.5101703579954481","4506","4506","4506","","","","","","","","","","","","","","","","","","","","","","","","","","","","","","","","","","","","","","","","","",""
"265","","","","","","","","","","","","","","","","","","","","","","","","","","","","","","","","","","","","","","","","","","","","","","","","","","","","","","","0.3750846827550101","0.3750846827550101","0.3750846827550101","4523","4523","4523","","","","","","","0.05608767782469107","0.05608767782469107","0.05608767782469107","13833","13833","13833","","","","","","","","","","","","","","","","","","","","","","","","","","","","","","","","","","","","","","","","","","","","","","","","","0.5108465037960741","0.5108465037960741","0.5108465037960741","4523","4523","4523","","","","","","","","","","","","","","","","","","","","","","","","","","","","","","","","","","","","","","","","","",""
"266","","","","","","","","","","","","","","","","","","","","","","","","","","","","","","","","","","","","","","","","","","","","","","","","","","","","","","","0.3668024142439708","0.3668024142439708","0.3668024142439708","4540","4540","4540","","","","","","","0.05554449268248626","0.05554449268248626","0.05554449268248626","13885","13885","13885","","","","","","","","","","","","","","","","","","","","","","","","","","","","","","","","","","","","","","","","","","","","","","","","","0.4998563062649629","0.4998563062649629","0.4998563062649629","4540","4540","4540","","","","","","","","","","","","","","","","","","","","","","","","","","","","","","","","","","","","","","","","","",""
"267","","","","","","","","","","","","","","","","","","","","","","","","","","","","","","","","","","","","","","","","","","","","","","","","","","","","","","","0.36471745208529094","0.36471745208529094","0.36471745208529094","4557","4557","4557","","","","","","","0.05822586140761632","0.05822586140761632","0.05822586140761632","13937","13937","13937","","","","","","","","","","","","","","","","","","","","","","","","","","","","","","","","","","","","","","","","","","","","","","","","","0.5041186837625331","0.5041186837625331","0.5041186837625331","4557","4557","4557","","","","","","","","","","","","","","","","","","","","","","","","","","","","","","","","","","","","","","","","","",""
"268","","","","","","","","","","","","","","","","","","","","","","","","","","","","","","","","","","","","","","","","","","","","","","","","","","","","","","","0.37339916290939457","0.37339916290939457","0.37339916290939457","4574","4574","4574","","","","","","","0.05655570697728322","0.05655570697728322","0.05655570697728322","13989","13989","13989","","","","","","","","","","","","","","","","","","","","","","","","","","","","","","","","","","","","","","","","","","","","","","","","","0.5046611355880132","0.5046611355880132","0.5046611355880132","4574","4574","4574","","","","","","","","","","","","","","","","","","","","","","","","","","","","","","","","","","","","","","","","","",""
"269","","","","","","","","","","","","","","","","","","","","","","","","","","","","","","","","","","","","","","","","","","","","","","","","","","","","","","","0.3735069300994389","0.3735069300994389","0.3735069300994389","4591","4591","4591","","","","","","","0.05610902585370875","0.05610902585370875","0.05610902585370875","14041","14041","14041","","","","","","","","","","","","","","","","","","","","","","","","","","","","","","","","","","","","","","","","","","","","","","","","","0.508453199828035","0.508453199828035","0.508453199828035","4591","4591","4591","","","","","","","","","","","","","","","","","","","","","","","","","","","","","","","","","","","","","","","","","",""
"270","","","","","","","","","","","","","","","","","","","","","","","","","","","","","","","","","","","","","","","","","","","","","","","","","","","","","","","0.3726946078121756","0.3726946078121756","0.3726946078121756","4608","4608","4608","","","","","","","0.05619221259037032","0.05619221259037032","0.05619221259037032","14093","14093","14093","","","","","","","","","","","","","","","","","","","","","","","","","","","","","","","","","","","","","","","","","","","","","","","","","0.5052699624882474","0.5052699624882474","0.5052699624882474","4608","4608","4608","","","","","","","","","","","","","","","","","","","","","","","","","","","","","","","","","","","","","","","","","",""
"271","","","","","","","","","","","","","","","","","","","","","","","","","","","","","","","","","","","","","","","","","","","","","","","","","","","","","","","0.37405817759635046","0.37405817759635046","0.37405817759635046","4625","4625","4625","","","","","","","0.052809443784096376","0.052809443784096376","0.052809443784096376","14145","14145","14145","","","","","","","","","","","","","","","","","","","","","","","","","","","","","","","","","","","","","","","","","","","","","","","","","0.5141558105567862","0.5141558105567862","0.5141558105567862","4625","4625","4625","","","","","","","","","","","","","","","","","","","","","","","","","","","","","","","","","","","","","","","","","",""
"272","","","","","","","","","","","","","","","","","","","","","","","","","","","","","","","","","","","","","","","","","","","","","","","","","","","","","","","0.37017079205196163","0.37017079205196163","0.37017079205196163","4642","4642","4642","","","","","","","0.05325707761846159","0.05325707761846159","0.05325707761846159","14197","14197","14197","","","","","","","","","","","","","","","","","","","","","","","","","","","","","","","","","","","","","","","","","","","","","","","","","0.5050798846058315","0.5050798846058315","0.5050798846058315","4642","4642","4642","","","","","","","","","","","","","","","","","","","","","","","","","","","","","","","","","","","","","","","","","",""
"273","","","","","","","","","","","","","","","","","","","","","","","","","","","","","","","","","","","","","","","","","","","","","","","","","","","","","","","0.3679191838731577","0.3679191838731577","0.3679191838731577","4659","4659","4659","","","","","","","0.054798026947344515","0.054798026947344515","0.054798026947344515","14249","14249","14249","","","","","","","","","","","","","","","","","","","","","","","","","","","","","","","","","","","","","","","","","","","","","","","","","0.5139681642885274","0.5139681642885274","0.5139681642885274","4659","4659","4659","","","","","","","","","","","","","","","","","","","","","","","","","","","","","","","","","","","","","","","","","",""
"274","","","","","","","","","","","","","","","","","","","","","","","","","","","","","","","","","","","","","","","","","","","","","","","","","","","","","","","0.3673904664272941","0.3673904664272941","0.3673904664272941","4676","4676","4676","","","","","","","0.055150181028245274","0.055150181028245274","0.055150181028245274","14301","14301","14301","","","","","","","","","","","","","","","","","","","","","","","","","","","","","","","","","","","","","","","","","","","","","","","","","0.5008014526639257","0.5008014526639257","0.5008014526639257","4676","4676","4676","","","","","","","","","","","","","","","","","","","","","","","","","","","","","","","","","","","","","","","","","",""
"275","","","","","","","","","","","","","","","","","","","","","","","","","","","","","","","","","","","","","","","","","","","","","","","","","","","","","","","0.3574602825899425","0.3574602825899425","0.3574602825899425","4693","4693","4693","","","","","","","0.05622552867314831","0.05622552867314831","0.05622552867314831","14353","14353","14353","","","","","","","","","","","","","","","","","","","","","","","","","","","","","","","","","","","","","","","","","","","","","","","","","0.5056501910914938","0.5056501910914938","0.5056501910914938","4693","4693","4693","","","","","","","","","","","","","","","","","","","","","","","","","","","","","","","","","","","","","","","","","",""
"276","","","","","","","","","","","","","","","","","","","","","","","","","","","","","","","","","","","","","","","","","","","","","","","","","","","","","","","0.3588337876993013","0.3588337876993013","0.3588337876993013","4710","4710","4710","","","","","","","0.056531556287757107","0.056531556287757107","0.056531556287757107","14405","14405","14405","","","","","","","","","","","","","","","","","","","","","","","","","","","","","","","","","","","","","","","","","","","","","","","","","0.5077400242022153","0.5077400242022153","0.5077400242022153","4710","4710","4710","","","","","","","","","","","","","","","","","","","","","","","","","","","","","","","","","","","","","","","","","",""
"277","","","","","","","","","","","","","","","","","","","","","","","","","","","","","","","","","","","","","","","","","","","","","","","","","","","","","","","0.3790870572301728","0.3790870572301728","0.3790870572301728","4727","4727","4727","","","","","","","0.05500674795760043","0.05500674795760043","0.05500674795760043","14457","14457","14457","","","","","","","","","","","","","","","","","","","","","","","","","","","","","","","","","","","","","","","","","","","","","","","","","0.5045801106513649","0.5045801106513649","0.5045801106513649","4727","4727","4727","","","","","","","","","","","","","","","","","","","","","","","","","","","","","","","","","","","","","","","","","",""
"278","","","","","","","","","","","","","","","","","","","","","","","","","","","","","","","","","","","","","","","","","","","","","","","","","","","","","","","0.3719002491322197","0.3719002491322197","0.3719002491322197","4744","4744","4744","","","","","","","0.057669486954368625","0.057669486954368625","0.057669486954368625","14509","14509","14509","","","","","","","","","","","","","","","","","","","","","","","","","","","","","","","","","","","","","","","","","","","","","","","","","0.5069254230452958","0.5069254230452958","0.5069254230452958","4744","4744","4744","","","","","","","","","","","","","","","","","","","","","","","","","","","","","","","","","","","","","","","","","",""
"279","","","","","","","","","","","","","","","","","","","","","","","","","","","","","","","","","","","","","","","","","","","","","","","","","","","","","","","0.36398981909384637","0.36398981909384637","0.36398981909384637","4761","4761","4761","","","","","","","0.057646060370770386","0.057646060370770386","0.057646060370770386","14561","14561","14561","","","","","","","","","","","","","","","","","","","","","","","","","","","","","","","","","","","","","","","","","","","","","","","","","0.504405389705859","0.504405389705859","0.504405389705859","4761","4761","4761","","","","","","","","","","","","","","","","","","","","","","","","","","","","","","","","","","","","","","","","","",""
"280","","","","","","","","","","","","","","","","","","","","","","","","","","","","","","","","","","","","","","","","","","","","","","","","","","","","","","","0.3727655652863375","0.3727655652863375","0.3727655652863375","4778","4778","4778","","","","","","","0.05747629604515608","0.05747629604515608","0.05747629604515608","14613","14613","14613","","","","","","","","","","","","","","","","","","","","","","","","","","","","","","","","","","","","","","","","","","","","","","","","","0.5030391466846181","0.5030391466846181","0.5030391466846181","4778","4778","4778","","","","","","","","","","","","","","","","","","","","","","","","","","","","","","","","","","","","","","","","","",""
"281","","","","","","","","","","","","","","","","","","","","","","","","","","","","","","","","","","","","","","","","","","","","","","","","","","","","","","","0.370248331933343","0.370248331933343","0.370248331933343","4795","4795","4795","","","","","","","0.05701831346543415","0.05701831346543415","0.05701831346543415","14665","14665","14665","","","","","","","","","","","","","","","","","","","","","","","","","","","","","","","","","","","","","","","","","","","","","","","","","0.5019727799076535","0.5019727799076535","0.5019727799076535","4795","4795","4795","","","","","","","","","","","","","","","","","","","","","","","","","","","","","","","","","","","","","","","","","",""
"282","","","","","","","","","","","","","","","","","","","","","","","","","","","","","","","","","","","","","","","","","","","","","","","","","","","","","","","0.36486766197555887","0.36486766197555887","0.36486766197555887","4812","4812","4812","","","","","","","0.05841666227788819","0.05841666227788819","0.05841666227788819","14717","14717","14717","","","","","","","","","","","","","","","","","","","","","","","","","","","","","","","","","","","","","","","","","","","","","","","","","0.5041431861926678","0.5041431861926678","0.5041431861926678","4812","4812","4812","","","","","","","","","","","","","","","","","","","","","","","","","","","","","","","","","","","","","","","","","",""
"283","","","","","","","","","","","","","","","","","","","","","","","","","","","","","","","","","","","","","","","","","","","","","","","","","","","","","","","0.3731370941255962","0.3731370941255962","0.3731370941255962","4829","4829","4829","","","","","","","0.05822306437691766","0.05822306437691766","0.05822306437691766","14769","14769","14769","","","","","","","","","","","","","","","","","","","","","","","","","","","","","","","","","","","","","","","","","","","","","","","","","0.5023077954339905","0.5023077954339905","0.5023077954339905","4829","4829","4829","","","","","","","","","","","","","","","","","","","","","","","","","","","","","","","","","","","","","","","","","",""
"284","","","","","","","","","","","","","","","","","","","","","","","","","","","","","","","","","","","","","","","","","","","","","","","","","","","","","","","0.3734242090141062","0.3734242090141062","0.3734242090141062","4846","4846","4846","","","","","","","0.05840045723731815","0.05840045723731815","0.05840045723731815","14821","14821","14821","","","","","","","","","","","","","","","","","","","","","","","","","","","","","","","","","","","","","","","","","","","","","","","","","0.5029354879827885","0.5029354879827885","0.5029354879827885","4846","4846","4846","","","","","","","","","","","","","","","","","","","","","","","","","","","","","","","","","","","","","","","","","",""
"285","","","","","","","","","","","","","","","","","","","","","","","","","","","","","","","","","","","","","","","","","","","","","","","","","","","","","","","0.37580055315015415","0.37580055315015415","0.37580055315015415","4863","4863","4863","","","","","","","0.05850062299949766","0.05850062299949766","0.05850062299949766","14873","14873","14873","","","","","","","","","","","","","","","","","","","","","","","","","","","","","","","","","","","","","","","","","","","","","","","","","0.5034240732566826","0.5034240732566826","0.5034240732566826","4863","4863","4863","","","","","","","","","","","","","","","","","","","","","","","","","","","","","","","","","","","","","","","","","",""
"286","","","","","","","","","","","","","","","","","","","","","","","","","","","","","","","","","","","","","","","","","","","","","","","","","","","","","","","0.3638481893334503","0.3638481893334503","0.3638481893334503","4880","4880","4880","","","","","","","0.05754201523454168","0.05754201523454168","0.05754201523454168","14925","14925","14925","","","","","","","","","","","","","","","","","","","","","","","","","","","","","","","","","","","","","","","","","","","","","","","","","0.5001541714834454","0.5001541714834454","0.5001541714834454","4880","4880","4880","","","","","","","","","","","","","","","","","","","","","","","","","","","","","","","","","","","","","","","","","",""
"287","","","","","","","","","","","","","","","","","","","","","","","","","","","","","","","","","","","","","","","","","","","","","","","","","","","","","","","0.36503480053352677","0.36503480053352677","0.36503480053352677","4897","4897","4897","","","","","","","0.057139155569430174","0.057139155569430174","0.057139155569430174","14977","14977","14977","","","","","","","","","","","","","","","","","","","","","","","","","","","","","","","","","","","","","","","","","","","","","","","","","0.50000473117211","0.50000473117211","0.50000473117211","4897","4897","4897","","","","","","","","","","","","","","","","","","","","","","","","","","","","","","","","","","","","","","","","","",""
"288","","","","","","","","","","","","","","","","","","","","","","","","","","","","","","","","","","","","","","","","","","","","","","","","","","","","","","","0.3614673048048717","0.3614673048048717","0.3614673048048717","4914","4914","4914","","","","","","","0.05653095277542412","0.05653095277542412","0.05653095277542412","15029","15029","15029","","","","","","","","","","","","","","","","","","","","","","","","","","","","","","","","","","","","","","","","","","","","","","","","","0.5033169019891905","0.5033169019891905","0.5033169019891905","4914","4914","4914","","","","","","","","","","","","","","","","","","","","","","","","","","","","","","","","","","","","","","","","","",""
"289","","","","","","","","","","","","","","","","","","","","","","","","","","","","","","","","","","","","","","","","","","","","","","","","","","","","","","","0.36077873291749407","0.36077873291749407","0.36077873291749407","4931","4931","4931","","","","","","","0.056468201667067855","0.056468201667067855","0.056468201667067855","15081","15081","15081","","","","","","","","","","","","","","","","","","","","","","","","","","","","","","","","","","","","","","","","","","","","","","","","","0.5070578680453661","0.5070578680453661","0.5070578680453661","4931","4931","4931","","","","","","","","","","","","","","","","","","","","","","","","","","","","","","","","","","","","","","","","","",""
"290","","","","","","","","","","","","","","","","","","","","","","","","","","","","","","","","","","","","","","","","","","","","","","","","","","","","","","","0.3617020132024517","0.3617020132024517","0.3617020132024517","4948","4948","4948","","","","","","","0.056732666999128656","0.056732666999128656","0.056732666999128656","15133","15133","15133","","","","","","","","","","","","","","","","","","","","","","","","","","","","","","","","","","","","","","","","","","","","","","","","","0.5073231833350104","0.5073231833350104","0.5073231833350104","4948","4948","4948","","","","","","","","","","","","","","","","","","","","","","","","","","","","","","","","","","","","","","","","","",""
"291","","","","","","","","","","","","","","","","","","","","","","","","","","","","","","","","","","","","","","","","","","","","","","","","","","","","","","","0.35972194857678763","0.35972194857678763","0.35972194857678763","4965","4965","4965","","","","","","","0.05658690646491959","0.05658690646491959","0.05658690646491959","15185","15185","15185","","","","","","","","","","","","","","","","","","","","","","","","","","","","","","","","","","","","","","","","","","","","","","","","","0.5062133991331703","0.5062133991331703","0.5062133991331703","4965","4965","4965","","","","","","","","","","","","","","","","","","","","","","","","","","","","","","","","","","","","","","","","","",""
"292","","","","","","","","","","","","","","","","","","","","","","","","","","","","","","","","","","","","","","","","","","","","","","","","","","","","","","","0.35432620840344187","0.35432620840344187","0.35432620840344187","4982","4982","4982","","","","","","","0.05703269520863758","0.05703269520863758","0.05703269520863758","15237","15237","15237","","","","","","","","","","","","","","","","","","","","","","","","","","","","","","","","","","","","","","","","","","","","","","","","","0.5098797053852805","0.5098797053852805","0.5098797053852805","4982","4982","4982","","","","","","","","","","","","","","","","","","","","","","","","","","","","","","","","","","","","","","","","","",""
"293","","","","","","","","","","","","","","","","","","","","","","","","","","","","","","","","","","","","","","","","","","","","","","","","","","","","","","","0.3678420051271798","0.3678420051271798","0.3678420051271798","4999","4999","4999","","","","","","","0.056799962121640304","0.056799962121640304","0.056799962121640304","15289","15289","15289","","","","","","","","","","","","","","","","","","","","","","","","","","","","","","","","","","","","","","","","","","","","","","","","","0.5078327117492628","0.5078327117492628","0.5078327117492628","4999","4999","4999","","","","","","","","","","","","","","","","","","","","","","","","","","","","","","","","","","","","","","","","","",""
"294","","","","","","","","","","","","","","","","","","","","","","","","","","","","","","","","","","","","","","","","","","","","","","","","","","","","","","","0.36644552702735106","0.36644552702735106","0.36644552702735106","5016","5016","5016","","","","","","","0.057261641442096084","0.057261641442096084","0.057261641442096084","15341","15341","15341","","","","","","","","","","","","","","","","","","","","","","","","","","","","","","","","","","","","","","","","","","","","","","","","","0.5016754529014991","0.5016754529014991","0.5016754529014991","5016","5016","5016","","","","","","","","","","","","","","","","","","","","","","","","","","","","","","","","","","","","","","","","","",""
"295","","","","","","","","","","","","","","","","","","","","","","","","","","","","","","","","","","","","","","","","","","","","","","","","","","","","","","","0.36502545506887474","0.36502545506887474","0.36502545506887474","5033","5033","5033","","","","","","","0.05801826249786808","0.05801826249786808","0.05801826249786808","15393","15393","15393","","","","","","","","","","","","","","","","","","","","","","","","","","","","","","","","","","","","","","","","","","","","","","","","","0.5076222840224838","0.5076222840224838","0.5076222840224838","5033","5033","5033","","","","","","","","","","","","","","","","","","","","","","","","","","","","","","","","","","","","","","","","","",""
"296","","","","","","","","","","","","","","","","","","","","","","","","","","","","","","","","","","","","","","","","","","","","","","","","","","","","","","","0.36668990606327084","0.36668990606327084","0.36668990606327084","5050","5050","5050","","","","","","","0.057872495937089916","0.057872495937089916","0.057872495937089916","15445","15445","15445","","","","","","","","","","","","","","","","","","","","","","","","","","","","","","","","","","","","","","","","","","","","","","","","","0.5070066006161341","0.5070066006161341","0.5070066006161341","5050","5050","5050","","","","","","","","","","","","","","","","","","","","","","","","","","","","","","","","","","","","","","","","","",""
"297","","","","","","","","","","","","","","","","","","","","","","","","","","","","","","","","","","","","","","","","","","","","","","","","","","","","","","","0.3648500868389189","0.3648500868389189","0.3648500868389189","5067","5067","5067","","","","","","","0.05794445669225266","0.05794445669225266","0.05794445669225266","15497","15497","15497","","","","","","","","","","","","","","","","","","","","","","","","","","","","","","","","","","","","","","","","","","","","","","","","","0.5064237546105863","0.5064237546105863","0.5064237546105863","5067","5067","5067","","","","","","","","","","","","","","","","","","","","","","","","","","","","","","","","","","","","","","","","","",""
"298","","","","","","","","","","","","","","","","","","","","","","","","","","","","","","","","","","","","","","","","","","","","","","","","","","","","","","","0.3752190687203922","0.3752190687203922","0.3752190687203922","5084","5084","5084","","","","","","","0.05726614029772821","0.05726614029772821","0.05726614029772821","15549","15549","15549","","","","","","","","","","","","","","","","","","","","","","","","","","","","","","","","","","","","","","","","","","","","","","","","","0.5010009406729391","0.5010009406729391","0.5010009406729391","5084","5084","5084","","","","","","","","","","","","","","","","","","","","","","","","","","","","","","","","","","","","","","","","","",""
"299","","","","","","","","","","","","","","","","","","","","","","","","","","","","","","","","","","","","","","","","","","","","","","","","","","","","","","","0.3616951002900308","0.3616951002900308","0.3616951002900308","5101","5101","5101","","","","","","","0.05842367311514494","0.05842367311514494","0.05842367311514494","15601","15601","15601","","","","","","","","","","","","","","","","","","","","","","","","","","","","","","","","","","","","","","","","","","","","","","","","","0.49203903062413334","0.49203903062413334","0.49203903062413334","5101","5101","5101","","","","","","","","","","","","","","","","","","","","","","","","","","","","","","","","","","","","","","","","","",""