"val/epoch/step","stg_nf_interaction_2026_04_29_14_02_10 - val/epoch/auc","stg_nf_interaction_2026_04_29_14_02_10 - val/epoch/auc__MIN","stg_nf_interaction_2026_04_29_14_02_10 - val/epoch/auc__MAX","stg_nf_interaction_2026_04_29_14_02_10 - _step","stg_nf_interaction_2026_04_29_14_02_10 - _step__MIN","stg_nf_interaction_2026_04_29_14_02_10 - _step__MAX","stg_nf_interaction_2026_04_29_11_08_02 - val/epoch/auc","stg_nf_interaction_2026_04_29_11_08_02 - val/epoch/auc__MIN","stg_nf_interaction_2026_04_29_11_08_02 - val/epoch/auc__MAX","stg_nf_interaction_2026_04_29_11_08_02 - _step","stg_nf_interaction_2026_04_29_11_08_02 - _step__MIN","stg_nf_interaction_2026_04_29_11_08_02 - _step__MAX","stg_nf_interaction_2026_04_29_16_04_13 - val/epoch/auc","stg_nf_interaction_2026_04_29_16_04_13 - val/epoch/auc__MIN","stg_nf_interaction_2026_04_29_16_04_13 - val/epoch/auc__MAX","stg_nf_interaction_2026_04_29_16_04_13 - _step","stg_nf_interaction_2026_04_29_16_04_13 - _step__MIN","stg_nf_interaction_2026_04_29_16_04_13 - _step__MAX","stg_nf_interaction_2026_04_29_14_57_03 - val/epoch/auc","stg_nf_interaction_2026_04_29_14_57_03 - val/epoch/auc__MIN","stg_nf_interaction_2026_04_29_14_57_03 - val/epoch/auc__MAX","stg_nf_interaction_2026_04_29_14_57_03 - _step","stg_nf_interaction_2026_04_29_14_57_03 - _step__MIN","stg_nf_interaction_2026_04_29_14_57_03 - _step__MAX","stgcn_interaction_2026_04_29_15_18_32 - val/epoch/auc","stgcn_interaction_2026_04_29_15_18_32 - val/epoch/auc__MIN","stgcn_interaction_2026_04_29_15_18_32 - val/epoch/auc__MAX","stgcn_interaction_2026_04_29_15_18_32 - _step","stgcn_interaction_2026_04_29_15_18_32 - _step__MIN","stgcn_interaction_2026_04_29_15_18_32 - _step__MAX","stgcn_interaction_2026_04_29_16_19_53 - val/epoch/auc","stgcn_interaction_2026_04_29_16_19_53 - val/epoch/auc__MIN","stgcn_interaction_2026_04_29_16_19_53 - val/epoch/auc__MAX","stgcn_interaction_2026_04_29_16_19_53 - _step","stgcn_interaction_2026_04_29_16_19_53 - _step__MIN","stgcn_interaction_2026_04_29_16_19_53 - _step__MAX","stgcn_interaction_2026_04_29_14_25_31 - val/epoch/auc","stgcn_interaction_2026_04_29_14_25_31 - val/epoch/auc__MIN","stgcn_interaction_2026_04_29_14_25_31 - val/epoch/auc__MAX","stgcn_interaction_2026_04_29_14_25_31 - _step","stgcn_interaction_2026_04_29_14_25_31 - _step__MIN","stgcn_interaction_2026_04_29_14_25_31 - _step__MAX","stgcn_interaction_2026_04_29_11_20_33 - val/epoch/auc","stgcn_interaction_2026_04_29_11_20_33 - val/epoch/auc__MIN","stgcn_interaction_2026_04_29_11_20_33 - val/epoch/auc__MAX","stgcn_interaction_2026_04_29_11_20_33 - _step","stgcn_interaction_2026_04_29_11_20_33 - _step__MIN","stgcn_interaction_2026_04_29_11_20_33 - _step__MAX","skateformer_interaction_2026_04_29_11_57_08 - val/epoch/auc","skateformer_interaction_2026_04_29_11_57_08 - val/epoch/auc__MIN","skateformer_interaction_2026_04_29_11_57_08 - val/epoch/auc__MAX","skateformer_interaction_2026_04_29_11_57_08 - _step","skateformer_interaction_2026_04_29_11_57_08 - _step__MIN","skateformer_interaction_2026_04_29_11_57_08 - _step__MAX","skateformer_interaction_2026_04_29_10_42_43 - val/epoch/auc","skateformer_interaction_2026_04_29_10_42_43 - val/epoch/auc__MIN","skateformer_interaction_2026_04_29_10_42_43 - val/epoch/auc__MAX","skateformer_interaction_2026_04_29_10_42_43 - _step","skateformer_interaction_2026_04_29_10_42_43 - _step__MIN","skateformer_interaction_2026_04_29_10_42_43 - _step__MAX","skateformer_interaction_2026_04_29_14_34_34 - val/epoch/auc","skateformer_interaction_2026_04_29_14_34_34 - val/epoch/auc__MIN","skateformer_interaction_2026_04_29_14_34_34 - val/epoch/auc__MAX","skateformer_interaction_2026_04_29_14_34_34 - _step","skateformer_interaction_2026_04_29_14_34_34 - _step__MIN","skateformer_interaction_2026_04_29_14_34_34 - _step__MAX","skateformer_interaction_2026_04_29_15_31_37 - val/epoch/auc","skateformer_interaction_2026_04_29_15_31_37 - val/epoch/auc__MIN","skateformer_interaction_2026_04_29_15_31_37 - val/epoch/auc__MAX","skateformer_interaction_2026_04_29_15_31_37 - _step","skateformer_interaction_2026_04_29_15_31_37 - _step__MIN","skateformer_interaction_2026_04_29_15_31_37 - _step__MAX","mlp_interaction_2026_04_29_11_55_00 - val/epoch/auc","mlp_interaction_2026_04_29_11_55_00 - val/epoch/auc__MIN","mlp_interaction_2026_04_29_11_55_00 - val/epoch/auc__MAX","mlp_interaction_2026_04_29_11_55_00 - _step","mlp_interaction_2026_04_29_11_55_00 - _step__MIN","mlp_interaction_2026_04_29_11_55_00 - _step__MAX","mlp_interaction_2026_04_29_10_39_35 - val/epoch/auc","mlp_interaction_2026_04_29_10_39_35 - val/epoch/auc__MIN","mlp_interaction_2026_04_29_10_39_35 - val/epoch/auc__MAX","mlp_interaction_2026_04_29_10_39_35 - _step","mlp_interaction_2026_04_29_10_39_35 - _step__MIN","mlp_interaction_2026_04_29_10_39_35 - _step__MAX","mlp_interaction_2026_04_29_14_32_56 - val/epoch/auc","mlp_interaction_2026_04_29_14_32_56 - val/epoch/auc__MIN","mlp_interaction_2026_04_29_14_32_56 - val/epoch/auc__MAX","mlp_interaction_2026_04_29_14_32_56 - _step","mlp_interaction_2026_04_29_14_32_56 - _step__MIN","mlp_interaction_2026_04_29_14_32_56 - _step__MAX","mlp_interaction_2026_04_29_15_27_27 - val/epoch/auc","mlp_interaction_2026_04_29_15_27_27 - val/epoch/auc__MIN","mlp_interaction_2026_04_29_15_27_27 - val/epoch/auc__MAX","mlp_interaction_2026_04_29_15_27_27 - _step","mlp_interaction_2026_04_29_15_27_27 - _step__MIN","mlp_interaction_2026_04_29_15_27_27 - _step__MAX","mb_from_pretrained_finetune_interaction_2026_05_06_12_09_43 - val/epoch/auc","mb_from_pretrained_finetune_interaction_2026_05_06_12_09_43 - val/epoch/auc__MIN","mb_from_pretrained_finetune_interaction_2026_05_06_12_09_43 - val/epoch/auc__MAX","mb_from_pretrained_finetune_interaction_2026_05_06_12_09_43 - _step","mb_from_pretrained_finetune_interaction_2026_05_06_12_09_43 - _step__MIN","mb_from_pretrained_finetune_interaction_2026_05_06_12_09_43 - _step__MAX","mb_from_pretrained_finetune_interaction_2026_05_06_10_04_26 - val/epoch/auc","mb_from_pretrained_finetune_interaction_2026_05_06_10_04_26 - val/epoch/auc__MIN","mb_from_pretrained_finetune_interaction_2026_05_06_10_04_26 - val/epoch/auc__MAX","mb_from_pretrained_finetune_interaction_2026_05_06_10_04_26 - _step","mb_from_pretrained_finetune_interaction_2026_05_06_10_04_26 - _step__MIN","mb_from_pretrained_finetune_interaction_2026_05_06_10_04_26 - _step__MAX","mb_from_pretrained_finetune_interaction_2026_05_06_12_42_40 - val/epoch/auc","mb_from_pretrained_finetune_interaction_2026_05_06_12_42_40 - val/epoch/auc__MIN","mb_from_pretrained_finetune_interaction_2026_05_06_12_42_40 - val/epoch/auc__MAX","mb_from_pretrained_finetune_interaction_2026_05_06_12_42_40 - _step","mb_from_pretrained_finetune_interaction_2026_05_06_12_42_40 - _step__MIN","mb_from_pretrained_finetune_interaction_2026_05_06_12_42_40 - _step__MAX","mb_from_pretrained_finetune_interaction_2026_05_06_11_12_48 - val/epoch/auc","mb_from_pretrained_finetune_interaction_2026_05_06_11_12_48 - val/epoch/auc__MIN","mb_from_pretrained_finetune_interaction_2026_05_06_11_12_48 - val/epoch/auc__MAX","mb_from_pretrained_finetune_interaction_2026_05_06_11_12_48 - _step","mb_from_pretrained_finetune_interaction_2026_05_06_11_12_48 - _step__MIN","mb_from_pretrained_finetune_interaction_2026_05_06_11_12_48 - _step__MAX","mb_from_pretrained_interaction_2026_05_06_10_20_18 - val/epoch/auc","mb_from_pretrained_interaction_2026_05_06_10_20_18 - val/epoch/auc__MIN","mb_from_pretrained_interaction_2026_05_06_10_20_18 - val/epoch/auc__MAX","mb_from_pretrained_interaction_2026_05_06_10_20_18 - _step","mb_from_pretrained_interaction_2026_05_06_10_20_18 - _step__MIN","mb_from_pretrained_interaction_2026_05_06_10_20_18 - _step__MAX","mb_from_pretrained_interaction_2026_05_06_12_54_10 - val/epoch/auc","mb_from_pretrained_interaction_2026_05_06_12_54_10 - val/epoch/auc__MIN","mb_from_pretrained_interaction_2026_05_06_12_54_10 - val/epoch/auc__MAX","mb_from_pretrained_interaction_2026_05_06_12_54_10 - _step","mb_from_pretrained_interaction_2026_05_06_12_54_10 - _step__MIN","mb_from_pretrained_interaction_2026_05_06_12_54_10 - _step__MAX","mb_from_pretrained_interaction_2026_05_06_11_23_06 - val/epoch/auc","mb_from_pretrained_interaction_2026_05_06_11_23_06 - val/epoch/auc__MIN","mb_from_pretrained_interaction_2026_05_06_11_23_06 - val/epoch/auc__MAX","mb_from_pretrained_interaction_2026_05_06_11_23_06 - _step","mb_from_pretrained_interaction_2026_05_06_11_23_06 - _step__MIN","mb_from_pretrained_interaction_2026_05_06_11_23_06 - _step__MAX","mb_from_pretrained_interaction_2026_05_06_12_15_31 - val/epoch/auc","mb_from_pretrained_interaction_2026_05_06_12_15_31 - val/epoch/auc__MIN","mb_from_pretrained_interaction_2026_05_06_12_15_31 - val/epoch/auc__MAX","mb_from_pretrained_interaction_2026_05_06_12_15_31 - _step","mb_from_pretrained_interaction_2026_05_06_12_15_31 - _step__MIN","mb_from_pretrained_interaction_2026_05_06_12_15_31 - _step__MAX","lstm_interaction_2026_04_29_10_36_34 - val/epoch/auc","lstm_interaction_2026_04_29_10_36_34 - val/epoch/auc__MIN","lstm_interaction_2026_04_29_10_36_34 - val/epoch/auc__MAX","lstm_interaction_2026_04_29_10_36_34 - _step","lstm_interaction_2026_04_29_10_36_34 - _step__MIN","lstm_interaction_2026_04_29_10_36_34 - _step__MAX","lstm_interaction_2026_04_29_14_31_12 - val/epoch/auc","lstm_interaction_2026_04_29_14_31_12 - val/epoch/auc__MIN","lstm_interaction_2026_04_29_14_31_12 - val/epoch/auc__MAX","lstm_interaction_2026_04_29_14_31_12 - _step","lstm_interaction_2026_04_29_14_31_12 - _step__MIN","lstm_interaction_2026_04_29_14_31_12 - _step__MAX","lstm_interaction_2026_04_29_15_23_13 - val/epoch/auc","lstm_interaction_2026_04_29_15_23_13 - val/epoch/auc__MIN","lstm_interaction_2026_04_29_15_23_13 - val/epoch/auc__MAX","lstm_interaction_2026_04_29_15_23_13 - _step","lstm_interaction_2026_04_29_15_23_13 - _step__MIN","lstm_interaction_2026_04_29_15_23_13 - _step__MAX","lstm_interaction_2026_04_29_11_52_51 - val/epoch/auc","lstm_interaction_2026_04_29_11_52_51 - val/epoch/auc__MIN","lstm_interaction_2026_04_29_11_52_51 - val/epoch/auc__MAX","lstm_interaction_2026_04_29_11_52_51 - _step","lstm_interaction_2026_04_29_11_52_51 - _step__MIN","lstm_interaction_2026_04_29_11_52_51 - _step__MAX"
"0","0.504382529345508","0.504382529345508","0.504382529345508","89","89","89","0.6356932153392331","0.6356932153392331","0.6356932153392331","18","18","18","0.5470850319327154","0.5470850319327154","0.5470850319327154","53","53","53","0.38747180288044425","0.38747180288044425","0.38747180288044425","54","54","54","0.7255335762623634","0.7255335762623634","0.7255335762623634","54","54","54","0.609864836276937","0.609864836276937","0.609864836276937","53","53","53","0.7693854739020806","0.7693854739020806","0.7693854739020806","89","89","89","0.7320406038521604","0.7320406038521604","0.7320406038521604","18","18","18","0.4612919456371964","0.4612919456371964","0.4612919456371964","89","89","89","0.5852637515183065","0.5852637515183065","0.5852637515183065","18","18","18","0.5708398403609232","0.5708398403609232","0.5708398403609232","54","54","54","0.47548942532547356","0.47548942532547356","0.47548942532547356","53","53","53","0.8403492873029577","0.8403492873029577","0.8403492873029577","89","89","89","0.6591618948464342","0.6591618948464342","0.6591618948464342","18","18","18","0.7303053964948811","0.7303053964948811","0.7303053964948811","54","54","54","0.5484022207102385","0.5484022207102385","0.5484022207102385","53","53","53","0.7283382123396933","0.7283382123396933","0.7283382123396933","102","102","102","0.7354242581988547","0.7354242581988547","0.7354242581988547","32","32","32","0.7405431199028283","0.7405431199028283","0.7405431199028283","105","105","105","0.8230450145512552","0.8230450145512552","0.8230450145512552","175","175","175","0.7337324310255076","0.7337324310255076","0.7337324310255076","18","18","18","0.728570189137602","0.728570189137602","0.728570189137602","54","54","54","0.8419201939405027","0.8419201939405027","0.8419201939405027","89","89","89","0.7279772897500845","0.7279772897500845","0.7279772897500845","53","53","53","0.5161808086066284","0.5161808086066284","0.5161808086066284","18","18","18","0.751995488460871","0.751995488460871","0.751995488460871","54","54","54","0.5374173094185788","0.5374173094185788","0.5374173094185788","53","53","53","0.8499119491820993","0.8499119491820993","0.8499119491820993","89","89","89"
"1","0.6154737877289178","0.6154737877289178","0.6154737877289178","177","177","177","0.58172826652785","0.58172826652785","0.58172826652785","35","35","35","0.5452118079577356","0.5452118079577356","0.5452118079577356","105","105","105","0.6474926253687315","0.6474926253687315","0.6474926253687315","107","107","107","0.73707270518827","0.73707270518827","0.73707270518827","107","107","107","0.5424945254118091","0.5424945254118091","0.5424945254118091","105","105","105","0.8026210841685772","0.8026210841685772","0.8026210841685772","177","177","177","0.7228006246746486","0.7228006246746486","0.7228006246746486","35","35","35","0.4349467406903413","0.4349467406903413","0.4349467406903413","177","177","177","0.5849384001388166","0.5849384001388166","0.5849384001388166","35","35","35","0.5512753774076001","0.5512753774076001","0.5512753774076001","107","107","107","0.49215118439785244","0.49215118439785244","0.49215118439785244","105","105","105","0.8668474376640233","0.8668474376640233","0.8668474376640233","177","177","177","0.6561252819711956","0.6561252819711956","0.6561252819711956","35","35","35","0.7341662328648273","0.7341662328648273","0.7341662328648273","107","107","107","0.63259652713852","0.63259652713852","0.63259652713852","105","105","105","0.7083402420825734","0.7083402420825734","0.7083402420825734","203","203","203","0.8236595523165018","0.8236595523165018","0.8236595523165018","63","63","63","0.7593267395453757","0.7593267395453757","0.7593267395453757","209","209","209","0.8620346600037735","0.8620346600037735","0.8620346600037735","349","349","349","0.7386343918098213","0.7386343918098213","0.7386343918098213","35","35","35","0.7302186361270171","0.7302186361270171","0.7302186361270171","107","107","107","0.8568130749746996","0.8568130749746996","0.8568130749746996","177","177","177","0.676990720358607","0.676990720358607","0.676990720358607","105","105","105","0.5746572965469373","0.5746572965469373","0.5746572965469373","35","35","35","0.7690872809300712","0.7690872809300712","0.7690872809300712","107","107","107","0.5691370448087182","0.5691370448087182","0.5691370448087182","105","105","105","0.8789444193505966","0.8789444193505966","0.8789444193505966","177","177","177"
"2","0.6762088405308206","0.6762088405308206","0.6762088405308206","265","265","265","0.5908381051535658","0.5908381051535658","0.5908381051535658","52","52","52","0.5492612879433273","0.5492612879433273","0.5492612879433273","157","157","157","0.5824223494707618","0.5824223494707618","0.5824223494707618","160","160","160","0.7196121811556482","0.7196121811556482","0.7196121811556482","160","160","160","0.5107604960577248","0.5107604960577248","0.5107604960577248","157","157","157","0.7785965042681776","0.7785965042681776","0.7785965042681776","265","265","265","0.6967725143154606","0.6967725143154606","0.6967725143154606","52","52","52","0.44745538853852795","0.44745538853852795","0.44745538853852795","265","265","265","0.5268957140378275","0.5268957140378275","0.5268957140378275","52","52","52","0.5791688356758633","0.5791688356758633","0.5791688356758633","160","160","160","0.42941211785087396","0.42941211785087396","0.42941211785087396","157","157","157","0.8673470117038977","0.8673470117038977","0.8673470117038977","265","265","265","0.6916536526114871","0.6916536526114871","0.6916536526114871","52","52","52","0.7562901266701371","0.7562901266701371","0.7562901266701371","160","160","160","0.6755213008650707","0.6755213008650707","0.6755213008650707","157","157","157","0.6414487790096","0.6414487790096","0.6414487790096","304","304","304","0.8510758285615131","0.8510758285615131","0.8510758285615131","94","94","94","0.7913413152871768","0.7913413152871768","0.7913413152871768","313","313","313","0.9004811348263855","0.9004811348263855","0.9004811348263855","523","523","523","0.7637081381225056","0.7637081381225056","0.7637081381225056","52","52","52","0.7424084678119035","0.7424084678119035","0.7424084678119035","160","160","160","0.8674863778523605","0.8674863778523605","0.8674863778523605","265","265","265","0.816735658865974","0.816735658865974","0.816735658865974","157","157","157","0.6201631094915842","0.6201631094915842","0.6201631094915842","52","52","52","0.7470935276765573","0.7470935276765573","0.7470935276765573","160","160","160","0.6382297783292071","0.6382297783292071","0.6382297783292071","157","157","157","0.8805424845196369","0.8805424845196369","0.8805424845196369","265","265","265"
"3","0.7161247348469689","0.7161247348469689","0.7161247348469689","353","353","353","0.6264966163456533","0.6264966163456533","0.6264966163456533","69","69","69","0.5612696470534423","0.5612696470534423","0.5612696470534423","209","209","209","0.5708832205448551","0.5708832205448551","0.5708832205448551","213","213","213","0.743449592226271","0.743449592226271","0.743449592226271","213","213","213","0.4641435914442049","0.4641435914442049","0.4641435914442049","209","209","209","0.8588685469899772","0.8588685469899772","0.8588685469899772","353","353","353","0.818931112267916","0.818931112267916","0.818931112267916","69","69","69","0.49729558202162394","0.49729558202162394","0.49729558202162394","353","353","353","0.5565243796633698","0.5565243796633698","0.5565243796633698","69","69","69","0.5252472670484123","0.5252472670484123","0.5252472670484123","213","213","213","0.4608388269801428","0.4608388269801428","0.4608388269801428","209","209","209","0.8845562295953664","0.8845562295953664","0.8845562295953664","353","353","353","0.6691827173347216","0.6691827173347216","0.6691827173347216","69","69","69","0.7726444560124934","0.7726444560124934","0.7726444560124934","213","213","213","0.6662845413638728","0.6662845413638728","0.6662845413638728","209","209","209","0.6573822606189859","0.6573822606189859","0.6573822606189859","405","405","405","0.8355457227138644","0.8355457227138644","0.8355457227138644","125","125","125","0.7052316501821967","0.7052316501821967","0.7052316501821967","417","417","417","0.9044648625778307","0.9044648625778307","0.9044648625778307","697","697","697","0.7626236335242061","0.7626236335242061","0.7626236335242061","69","69","69","0.7411070622939442","0.7411070622939442","0.7411070622939442","213","213","213","0.8624706259040932","0.8624706259040932","0.8624706259040932","353","353","353","0.6776982715738797","0.6776982715738797","0.6776982715738797","209","209","209","0.5958268263057435","0.5958268263057435","0.5958268263057435","69","69","69","0.7529064723234427","0.7529064723234427","0.7529064723234427","213","213","213","0.6663960342826432","0.6663960342826432","0.6663960342826432","209","209","209","0.8911886288658026","0.8911886288658026","0.8911886288658026","353","353","353"
"4","0.6831171133053934","0.6831171133053934","0.6831171133053934","441","441","441","0.6004685059864654","0.6004685059864654","0.6004685059864654","86","86","86","0.540326131081367","0.540326131081367","0.540326131081367","261","261","261","0.6880964775290647","0.6880964775290647","0.6880964775290647","266","266","266","0.7250130140551796","0.7250130140551796","0.7250130140551796","266","266","266","0.5525460408578665","0.5525460408578665","0.5525460408578665","261","261","261","0.8438198617487807","0.8438198617487807","0.8438198617487807","441","441","441","0.7746399444733645","0.7746399444733645","0.7746399444733645","86","86","86","0.5515240224358059","0.5515240224358059","0.5515240224358059","441","441","441","0.5671959049106369","0.5671959049106369","0.5671959049106369","86","86","86","0.6999826479264272","0.6999826479264272","0.6999826479264272","266","266","266","0.4755423129920697","0.4755423129920697","0.4755423129920697","261","261","261","0.8831654269035272","0.8831654269035272","0.8831654269035272","441","441","441","0.702585458962346","0.702585458962346","0.702585458962346","86","86","86","0.7680461565157036","0.7680461565157036","0.7680461565157036","266","266","266","0.715044111172734","0.715044111172734","0.715044111172734","261","261","261","0.6483356108382552","0.6483356108382552","0.6483356108382552","506","506","506","0.8529411764705882","0.8529411764705882","0.8529411764705882","156","156","156","0.7055353114697206","0.7055353114697206","0.7055353114697206","521","521","521","0.8632024768580725","0.8632024768580725","0.8632024768580725","871","871","871","0.7634912372028457","0.7634912372028457","0.7634912372028457","86","86","86","0.7240586500086761","0.7240586500086761","0.7240586500086761","266","266","266","0.867855162122139","0.867855162122139","0.867855162122139","441","441","441","0.6520992115449489","0.6520992115449489","0.6520992115449489","261","261","261","0.5749175776505292","0.5749175776505292","0.5749175776505292","86","86","86","0.7499132396321361","0.7499132396321361","0.7499132396321361","266","266","266","0.6872845184935306","0.6872845184935306","0.6872845184935306","261","261","261","0.8970491540832137","0.8970491540832137","0.8970491540832137","441","441","441"
"5","0.7071924367777975","0.7071924367777975","0.7071924367777975","529","529","529","0.676557348603158","0.676557348603158","0.676557348603158","103","103","103","0.5483664858003763","0.5483664858003763","0.5483664858003763","313","313","313","0.5468072184626063","0.5468072184626063","0.5468072184626063","319","319","319","0.7398056567759848","0.7398056567759848","0.7398056567759848","319","319","319","0.5282134260344542","0.5282134260344542","0.5282134260344542","313","313","313","0.847000268726522","0.847000268726522","0.847000268726522","529","529","529","0.8628318584070795","0.8628318584070795","0.8628318584070795","103","103","103","0.5284278354936278","0.5284278354936278","0.5284278354936278","529","529","529","0.5803401006420268","0.5803401006420268","0.5803401006420268","103","103","103","0.5923130314072532","0.5923130314072532","0.5923130314072532","319","319","319","0.4849863349704687","0.4849863349704687","0.4849863349704687","313","313","313","0.8710327103070915","0.8710327103070915","0.8710327103070915","529","529","529","0.7045809474232171","0.7045809474232171","0.7045809474232171","103","103","103","0.7753774076002082","0.7753774076002082","0.7753774076002082","319","319","319","0.6979413833126548","0.6979413833126548","0.6979413833126548","313","313","313","0.5836497064019806","0.5836497064019806","0.5836497064019806","607","607","607","0.8065677598473017","0.8065677598473017","0.8065677598473017","187","187","187","0.7440135346173867","0.7440135346173867","0.7440135346173867","625","625","625","","","","","","","0.7609751865347909","0.7609751865347909","0.7609751865347909","103","103","103","0.7212389380530974","0.7212389380530974","0.7212389380530974","319","319","319","0.8396531712588409","0.8396531712588409","0.8396531712588409","529","529","529","0.6940362723629067","0.6940362723629067","0.6940362723629067","313","313","313","0.6431112267916016","0.6431112267916016","0.6431112267916016","103","103","103","0.7465729654693736","0.7465729654693736","0.7465729654693736","319","319","319","0.7596655784195451","0.7596655784195451","0.7596655784195451","313","313","313","0.8767302843355308","0.8767302843355308","0.8767302843355308","529","529","529"
"6","0.714280813498076","0.714280813498076","0.714280813498076","617","617","617","0.5725750477182023","0.5725750477182023","0.5725750477182023","120","120","120","0.5612925173957541","0.5612925173957541","0.5612925173957541","365","365","365","0.5762189831684887","0.5762189831684887","0.5762189831684887","372","372","372","0.7043423564115912","0.7043423564115912","0.7043423564115912","372","372","372","0.5981466446349035","0.5981466446349035","0.5981466446349035","365","365","365","0.782050640655464","0.782050640655464","0.782050640655464","617","617","617","0.7563335068540691","0.7563335068540691","0.7563335068540691","120","120","120","0.5945252688694618","0.5945252688694618","0.5945252688694618","617","617","617","0.5774770085025159","0.5774770085025159","0.5774770085025159","120","120","120","0.4904997397188964","0.4904997397188964","0.4904997397188964","372","372","372","0.528682268051847","0.528682268051847","0.528682268051847","365","365","365","0.883348389642022","0.883348389642022","0.883348389642022","617","617","617","0.7280930071143502","0.7280930071143502","0.7280930071143502","120","120","120","0.7702151657123026","0.7702151657123026","0.7702151657123026","372","372","372","0.7088005077215992","0.7088005077215992","0.7088005077215992","365","365","365","0.6702196696379054","0.6702196696379054","0.6702196696379054","708","708","708","0.8330296720458095","0.8330296720458095","0.8330296720458095","218","218","218","0.7556828040950894","0.7556828040950894","0.7556828040950894","729","729","729","","","","","","","0.7742495228179768","0.7742495228179768","0.7742495228179768","120","120","120","0.745531841055006","0.745531841055006","0.745531841055006","372","372","372","0.8604980588796962","0.8604980588796962","0.8604980588796962","617","617","617","0.6990363009508345","0.6990363009508345","0.6990363009508345","365","365","365","0.7274856845393024","0.7274856845393024","0.7274856845393024","120","120","120","0.7437532535137948","0.7437532535137948","0.7437532535137948","372","372","372","0.7915954350796746","0.7915954350796746","0.7915954350796746","365","365","365","0.8920905779907261","0.8920905779907261","0.8920905779907261","617","617","617"
"7","0.7232173997564308","0.7232173997564308","0.7232173997564308","705","705","705","0.6690091965989936","0.6690091965989936","0.6690091965989936","137","137","137","0.5241396463101562","0.5241396463101562","0.5241396463101562","417","417","417","0.6102724275550928","0.6102724275550928","0.6102724275550928","425","425","425","0.7495228179767482","0.7495228179767482","0.7495228179767482","425","425","425","0.6815747945957381","0.6815747945957381","0.6815747945957381","417","417","417","0.8537613136724623","0.8537613136724623","0.8537613136724623","705","705","705","0.8807478743709873","0.8807478743709873","0.8807478743709873","137","137","137","0.5849704686704899","0.5849704686704899","0.5849704686704899","705","705","705","0.657339927121291","0.657339927121291","0.657339927121291","137","137","137","0.5211695297588063","0.5211695297588063","0.5211695297588063","425","425","425","0.5808173574462976","0.5808173574462976","0.5808173574462976","417","417","417","0.8761599551741291","0.8761599551741291","0.8761599551741291","705","705","705","0.7212389380530974","0.7212389380530974","0.7212389380530974","137","137","137","0.7802793683845219","0.7802793683845219","0.7802793683845219","425","425","425","0.7111004065203346","0.7111004065203346","0.7111004065203346","417","417","417","","","","","","","0.8761495748741974","0.8761495748741974","0.8761495748741974","249","249","249","","","","","","","","","","","","","0.7750303661287524","0.7750303661287524","0.7750303661287524","137","137","137","0.7440569148013187","0.7440569148013187","0.7440569148013187","425","425","425","0.8583110823961257","0.8583110823961257","0.8583110823961257","705","705","705","0.6634328955568642","0.6634328955568642","0.6634328955568642","417","417","417","0.7441870553531147","0.7441870553531147","0.7441870553531147","137","137","137","0.7484816935623807","0.7484816935623807","0.7484816935623807","425","425","425","0.79086501352209","0.79086501352209","0.79086501352209","417","417","417","0.8869976386371562","0.8869976386371562","0.8869976386371562","705","705","705"
"8","0.727108216742234","0.727108216742234","0.727108216742234","793","793","793","0.6201197293076524","0.6201197293076524","0.6201197293076524","154","154","154","0.4860919730816071","0.4860919730816071","0.4860919730816071","469","469","469","0.5482387645323616","0.5482387645323616","0.5482387645323616","478","478","478","0.7483949331945167","0.7483949331945167","0.7483949331945167","478","478","478","0.5555106089800399","0.5555106089800399","0.5555106089800399","469","469","469","0.8374061601267017","0.8374061601267017","0.8374061601267017","793","793","793","0.8476921742148187","0.8476921742148187","0.8476921742148187","154","154","154","0.6351851640089422","0.6351851640089422","0.6351851640089422","793","793","793","0.6523945861530454","0.6523945861530454","0.6523945861530454","154","154","154","0.5986899184452542","0.5986899184452542","0.5986899184452542","478","478","478","0.5517555846517133","0.5517555846517133","0.5517555846517133","469","469","469","0.8815201916534685","0.8815201916534685","0.8815201916534685","793","793","793","0.7380704494187055","0.7380704494187055","0.7380704494187055","154","154","154","0.7486552142981087","0.7486552142981087","0.7486552142981087","478","478","478","0.710723045872189","0.710723045872189","0.710723045872189","469","469","469","","","","","","","0.844742321707444","0.844742321707444","0.844742321707444","280","280","280","","","","","","","","","","","","","0.7722974145410377","0.7722974145410377","0.7722974145410377","154","154","154","0.7441870553531147","0.7441870553531147","0.7441870553531147","478","478","478","0.8691730655978593","0.8691730655978593","0.8691730655978593","793","793","793","0.6746079165689913","0.6746079165689913","0.6746079165689913","469","469","469","0.7477876106194691","0.7477876106194691","0.7477876106194691","154","154","154","0.7396755162241888","0.7396755162241888","0.7396755162241888","478","478","478","0.7935308377978147","0.7935308377978147","0.7935308377978147","469","469","469","0.9020877763737928","0.9020877763737928","0.9020877763737928","793","793","793"
"9","0.7246239258086096","0.7246239258086096","0.7246239258086096","881","881","881","0.6989849036959916","0.6989849036959916","0.6989849036959916","171","171","171","0.5598731267760251","0.5598731267760251","0.5598731267760251","521","521","521","0.5520562207183758","0.5520562207183758","0.5520562207183758","531","531","531","0.7587627971542599","0.7587627971542599","0.7587627971542599","531","531","531","0.6137756648122632","0.6137756648122632","0.6137756648122632","521","521","521","0.8571389773526435","0.8571389773526435","0.8571389773526435","881","881","881","0.8886430678466076","0.8886430678466076","0.8886430678466076","171","171","171","0.6891606012612994","0.6891606012612994","0.6891606012612994","881","881","881","0.7001127884782232","0.7001127884782232","0.7001127884782232","171","171","171","0.7002429290300191","0.7002429290300191","0.7002429290300191","531","531","531","0.5771502409962321","0.5771502409962321","0.5771502409962321","521","521","521","0.871867477801474","0.871867477801474","0.871867477801474","881","881","881","0.7592399791775116","0.7592399791775116","0.7592399791775116","171","171","171","0.7552490022557696","0.7552490022557696","0.7552490022557696","531","531","531","0.7245052859078669","0.7245052859078669","0.7245052859078669","521","521","521","","","","","","","0.838625715773035","0.838625715773035","0.838625715773035","311","311","311","","","","","","","","","","","","","0.7784140204754468","0.7784140204754468","0.7784140204754468","171","171","171","0.7356411591185146","0.7356411591185146","0.7356411591185146","531","531","531","0.8740887597985122","0.8740887597985122","0.8740887597985122","881","881","881","0.6424707974316606","0.6424707974316606","0.6424707974316606","521","521","521","0.7881311816762103","0.7881311816762103","0.7881311816762103","171","171","171","0.7034964428249175","0.7034964428249175","0.7034964428249175","531","531","531","0.7875974133642845","0.7875974133642845","0.7875974133642845","521","521","521","0.897976832343238","0.897976832343238","0.897976832343238","881","881","881"
"10","0.7427944127753732","0.7427944127753732","0.7427944127753732","969","969","969","0.6059777893458269","0.6059777893458269","0.6059777893458269","188","188","188","0.5457835665155318","0.5457835665155318","0.5457835665155318","573","573","573","0.5555700156168661","0.5555700156168661","0.5555700156168661","584","584","584","0.7740760020822488","0.7740760020822488","0.7740760020822488","584","584","584","0.5844901914819409","0.5844901914819409","0.5844901914819409","573","573","573","0.8747234117976661","0.8747234117976661","0.8747234117976661","969","969","969","0.8487332986291862","0.8487332986291862","0.8487332986291862","188","188","188","0.7722814309973186","0.7722814309973186","0.7722814309973186","969","969","969","0.7336239805656776","0.7336239805656776","0.7336239805656776","188","188","188","0.7469200069408295","0.7469200069408295","0.7469200069408295","584","584","584","0.6213900594057141","0.6213900594057141","0.6213900594057141","573","573","573","0.88032378687128","0.88032378687128","0.88032378687128","969","969","969","0.7250130140551796","0.7250130140551796","0.7250130140551796","188","188","188","0.7677424952281797","0.7677424952281797","0.7677424952281797","584","584","584","0.721452095209235","0.721452095209235","0.721452095209235","573","573","573","","","","","","","0.8380183931979872","0.8380183931979872","0.8380183931979872","342","342","342","","","","","","","","","","","","","0.7785441610272428","0.7785441610272428","0.7785441610272428","188","188","188","0.7339927121290993","0.7339927121290993","0.7339927121290993","584","584","584","0.869813435182591","0.869813435182591","0.869813435182591","969","969","969","0.6761673880353805","0.6761673880353805","0.6761673880353805","573","573","573","0.7590664584417838","0.7590664584417838","0.7590664584417838","188","188","188","0.7404997397188964","0.7404997397188964","0.7404997397188964","584","584","584","0.7762651587487637","0.7762651587487637","0.7762651587487637","573","573","573","0.8784141132882406","0.8784141132882406","0.8784141132882406","969","969","969"
"11","0.725966129023036","0.725966129023036","0.725966129023036","1057","1057","1057","0.6461044594829084","0.6461044594829084","0.6461044594829084","205","205","205","0.5036549665807123","0.5036549665807123","0.5036549665807123","625","625","625","0.5962172479611314","0.5962172479611314","0.5962172479611314","637","637","637","0.7496529585285441","0.7496529585285441","0.7496529585285441","637","637","637","0.6160641284398424","0.6160641284398424","0.6160641284398424","625","625","625","0.8716759386846122","0.8716759386846122","0.8716759386846122","1057","1057","1057","0.8664324136734339","0.8664324136734339","0.8664324136734339","205","205","205","0.8205521472392637","0.8205521472392637","0.8205521472392637","1057","1057","1057","0.7372462259239979","0.7372462259239979","0.7372462259239979","205","205","205","0.7479611313551969","0.7479611313551969","0.7479611313551969","637","637","637","0.6232761479482444","0.6232761479482444","0.6232761479482444","625","625","625","0.8836328395245254","0.8836328395245254","0.8836328395245254","1057","1057","1057","0.7773295158771473","0.7773295158771473","0.7773295158771473","205","205","205","0.7869165365261149","0.7869165365261149","0.7869165365261149","637","637","637","0.729914121864619","0.729914121864619","0.729914121864619","625","625","625","","","","","","","0.8120553531146972","0.8120553531146972","0.8120553531146972","373","373","373","","","","","","","","","","","","","0.7873503383654347","0.7873503383654347","0.7873503383654347","205","205","205","0.7204147145583897","0.7204147145583897","0.7204147145583897","637","637","637","0.8891960502918828","0.8891960502918828","0.8891960502918828","1057","1057","1057","0.6427452415394028","0.6427452415394028","0.6427452415394028","625","625","625","0.7917317369425646","0.7917317369425646","0.7917317369425646","205","205","205","0.7625368731563422","0.7625368731563422","0.7625368731563422","637","637","637","0.7805919416348864","0.7805919416348864","0.7805919416348864","625","625","625","0.8945762983207453","0.8945762983207453","0.8945762983207453","1057","1057","1057"
"12","0.7389393306994323","0.7389393306994323","0.7389393306994323","1145","1145","1145","0.6926947770258546","0.6926947770258546","0.6926947770258546","222","222","222","0.5389639163174176","0.5389639163174176","0.5389639163174176","677","677","677","0.6184712823182371","0.6184712823182371","0.6184712823182371","690","690","690","0.7409769217421482","0.7409769217421482","0.7409769217421482","690","690","690","0.5422886923310025","0.5422886923310025","0.5422886923310025","677","677","677","0.8607124683388698","0.8607124683388698","0.8607124683388698","1145","1145","1145","0.8525941349991324","0.8525941349991324","0.8525941349991324","222","222","222","0.7900245284421296","0.7900245284421296","0.7900245284421296","1145","1145","1145","0.7229307652264446","0.7229307652264446","0.7229307652264446","222","222","222","0.751995488460871","0.751995488460871","0.751995488460871","690","690","690","0.6194132041921337","0.6194132041921337","0.6194132041921337","677","677","677","0.8877723714829701","0.8877723714829701","0.8877723714829701","1145","1145","1145","0.7814940135346173","0.7814940135346173","0.7814940135346173","222","222","222","0.7732083984036093","0.7732083984036093","0.7732083984036093","690","690","690","0.7306388258366258","0.7306388258366258","0.7306388258366258","677","677","677","","","","","","","0.843093874718029","0.843093874718029","0.843093874718029","404","404","404","","","","","","","","","","","","","0.7803227485684539","0.7803227485684539","0.7803227485684539","222","222","222","0.7232344265139684","0.7232344265139684","0.7232344265139684","690","690","690","0.8877394953658968","0.8877394953658968","0.8877394953658968","1145","1145","1145","0.677072195953093","0.677072195953093","0.677072195953093","677","677","677","0.8082595870206489","0.8082595870206489","0.8082595870206489","222","222","222","0.7533402741627625","0.7533402741627625","0.7533402741627625","690","690","690","0.7572113048102047","0.7572113048102047","0.7572113048102047","677","677","677","0.9031898409939452","0.9031898409939452","0.9031898409939452","1145","1145","1145"
"13","0.7408690158319945","0.7408690158319945","0.7408690158319945","1233","1233","1233","0.6843224015269824","0.6843224015269824","0.6843224015269824","239","239","239","0.5724039302683263","0.5724039302683263","0.5724039302683263","729","729","729","0.5788651743883393","0.5788651743883393","0.5788651743883393","743","743","743","0.7441002949852508","0.7441002949852508","0.7441002949852508","743","743","743","0.5375130789770096","0.5375130789770096","0.5375130789770096","729","729","729","0.8519559860262209","0.8519559860262209","0.8519559860262209","1233","1233","1233","0.8611834114176643","0.8611834114176643","0.8611834114176643","239","239","239","0.7755997747271282","0.7755997747271282","0.7755997747271282","1233","1233","1233","0.7391983342009371","0.7391983342009371","0.7391983342009371","239","239","239","0.7358580600381746","0.7358580600381746","0.7358580600381746","743","743","743","0.6072204529471296","0.6072204529471296","0.6072204529471296","729","729","729","0.8846033996763847","0.8846033996763847","0.8846033996763847","1233","1233","1233","0.82339927121291","0.82339927121291","0.82339927121291","239","239","239","0.771603331598126","0.771603331598126","0.771603331598126","743","743","743","0.7522584463032951","0.7522584463032951","0.7522584463032951","729","729","729","","","","","","","0.8070015616866216","0.8070015616866216","0.8070015616866216","435","435","435","","","","","","","","","","","","","0.7827954190525768","0.7827954190525768","0.7827954190525768","239","239","239","0.704797848342877","0.704797848342877","0.704797848342877","743","743","743","0.8754738449047738","0.8754738449047738","0.8754738449047738","1233","1233","1233","0.5796574022721686","0.5796574022721686","0.5796574022721686","729","729","729","0.8348082595870207","0.8348082595870207","0.8348082595870207","239","239","239","0.7505205622071838","0.7505205622071838","0.7505205622071838","743","743","743","0.7887680890113723","0.7887680890113723","0.7887680890113723","729","729","729","0.9065360579534474","0.9065360579534474","0.9065360579534474","1233","1233","1233"
"14","0.740573130778335","0.740573130778335","0.740573130778335","1321","1321","1321","0.6632830123199722","0.6632830123199722","0.6632830123199722","256","256","256","0.6094646052864796","0.6094646052864796","0.6094646052864796","781","781","781","0.5135779975707098","0.5135779975707098","0.5135779975707098","796","796","796","0.7385259413499913","0.7385259413499913","0.7385259413499913","796","796","796","0.5751862503502021","0.5751862503502021","0.5751862503502021","781","781","781","0.8698849050023155","0.8698849050023155","0.8698849050023155","1321","1321","1321","0.8630921395106715","0.8630921395106715","0.8630921395106715","256","256","256","0.8111188457338235","0.8111188457338235","0.8111188457338235","1321","1321","1321","0.7119989588755855","0.7119989588755855","0.7119989588755855","256","256","256","0.7354676383827867","0.7354676383827867","0.7354676383827867","796","796","796","0.6189886734629699","0.6189886734629699","0.6189886734629699","781","781","781","0.8825322043007678","0.8825322043007678","0.8825322043007678","1321","1321","1321","0.8138556307478744","0.8138556307478744","0.8138556307478744","256","256","256","0.7733819191393372","0.7733819191393372","0.7733819191393372","796","796","796","0.7588265227359791","0.7588265227359791","0.7588265227359791","781","781","781","","","","","","","0.8569755335762623","0.8569755335762623","0.8569755335762623","466","466","466","","","","","","","","","","","","","0.7918618774943604","0.7918618774943604","0.7918618774943604","256","256","256","0.7248394933194517","0.7248394933194517","0.7248394933194517","796","796","796","0.8777094208657568","0.8777094208657568","0.8777094208657568","1321","1321","1321","0.6381518762257073","0.6381518762257073","0.6381518762257073","781","781","781","0.8153739371854937","0.8153739371854937","0.8153739371854937","256","256","256","0.7275724449071663","0.7275724449071663","0.7275724449071663","796","796","796","0.773133351248435","0.773133351248435","0.773133351248435","781","781","781","0.8939109142991097","0.8939109142991097","0.8939109142991097","1321","1321","1321"
"15","0.7359032927575344","0.7359032927575344","0.7359032927575344","1409","1409","1409","0.6276678813118167","0.6276678813118167","0.6276678813118167","273","273","273","0.5365539539963063","0.5365539539963063","0.5365539539963063","833","833","833","0.599123720284574","0.599123720284574","0.599123720284574","849","849","849","0.7522557695644629","0.7522557695644629","0.7522557695644629","849","849","849","0.543869604743309","0.543869604743309","0.543869604743309","833","833","833","0.873376920394056","0.873376920394056","0.873376920394056","1409","1409","1409","0.8828301231997224","0.8828301231997224","0.8828301231997224","273","273","273","0.8201662102127514","0.8201662102127514","0.8201662102127514","1409","1409","1409","0.7287003296893979","0.7287003296893979","0.7287003296893979","273","273","273","0.7303487766788131","0.7303487766788131","0.7303487766788131","849","849","849","0.5657529488447619","0.5657529488447619","0.5657529488447619","833","833","833","0.885912726773738","0.885912726773738","0.885912726773738","1409","1409","1409","0.8081294464688531","0.8081294464688531","0.8081294464688531","273","273","273","0.782578518132917","0.782578518132917","0.782578518132917","849","849","849","0.755067210218469","0.755067210218469","0.755067210218469","833","833","833","","","","","","","0.8360879750130141","0.8360879750130141","0.8360879750130141","497","497","497","","","","","","","","","","","","","0.7879576609404824","0.7879576609404824","0.7879576609404824","273","273","273","0.715512753774076","0.715512753774076","0.715512753774076","849","849","849","0.8878924407801074","0.8878924407801074","0.8878924407801074","1409","1409","1409","0.5861797380202287","0.5861797380202287","0.5861797380202287","833","833","833","0.7998872115217769","0.7998872115217769","0.7998872115217769","273","273","273","0.7355977789345827","0.7355977789345827","0.7355977789345827","849","849","849","0.7546862760793371","0.7546862760793371","0.7546862760793371","833","833","833","0.8952645526846923","0.8952645526846923","0.8952645526846923","1409","1409","1409"
"16","0.7429838077976432","0.7429838077976432","0.7429838077976432","1497","1497","1497","0.7255335762623633","0.7255335762623633","0.7255335762623633","290","290","290","0.5732872972401215","0.5732872972401215","0.5732872972401215","885","885","885","0.5293250043380184","0.5293250043380184","0.5293250043380184","902","902","902","0.7309127190699289","0.7309127190699289","0.7309127190699289","902","902","902","0.5279589934762348","0.5279589934762348","0.5279589934762348","885","885","885","0.8737714337989353","0.8737714337989353","0.8737714337989353","1497","1497","1497","0.8575394759673781","0.8575394759673781","0.8575394759673781","290","290","290","0.8433345816728511","0.8433345816728511","0.8433345816728511","1497","1497","1497","0.7220197813638729","0.7220197813638729","0.7220197813638729","290","290","290","0.7237116085372202","0.7237116085372202","0.7237116085372202","902","902","902","0.5358799935963041","0.5358799935963041","0.5358799935963041","885","885","885","0.8829452998587756","0.8829452998587756","0.8829452998587756","1497","1497","1497","0.8505552663543293","0.8505552663543293","0.8505552663543293","290","290","290","0.7906038521603331","0.7906038521603331","0.7906038521603331","902","902","902","0.7693668917489522","0.7693668917489522","0.7693668917489522","885","885","885","","","","","","","0.8452195037306959","0.8452195037306959","0.8452195037306959","528","528","528","","","","","","","","","","","","","0.7925993406212042","0.7925993406212042","0.7925993406212042","290","290","290","0.7095262883914628","0.7095262883914628","0.7095262883914628","902","902","902","0.8854095792428772","0.8854095792428772","0.8854095792428772","1497","1497","1497","0.6309126981858102","0.6309126981858102","0.6309126981858102","885","885","885","0.8439614783966684","0.8439614783966684","0.8439614783966684","290","290","290","0.7356845393024467","0.7356845393024467","0.7356845393024467","902","902","902","0.7651358784212603","0.7651358784212603","0.7651358784212603","885","885","885","0.8911328824064175","0.8911328824064175","0.8911328824064175","1497","1497","1497"
"17","0.7379244592593439","0.7379244592593439","0.7379244592593439","1585","1585","1585","0.6471022037133437","0.6471022037133437","0.6471022037133437","307","307","307","0.5771187942755533","0.5771187942755533","0.5771187942755533","937","937","937","0.5869772687836196","0.5869772687836196","0.5869772687836196","955","955","955","0.7502169009196598","0.7502169009196598","0.7502169009196598","955","955","955","0.5436008782211448","0.5436008782211448","0.5436008782211448","937","937","937","0.8821534142562278","0.8821534142562278","0.8821534142562278","1585","1585","1585","0.825524900225577","0.825524900225577","0.825524900225577","307","307","307","0.799895939942481","0.799895939942481","0.799895939942481","1585","1585","1585","0.7491757765052924","0.7491757765052924","0.7491757765052924","307","307","307","0.7188530279368385","0.7188530279368385","0.7188530279368385","955","955","955","0.6294075437824116","0.6294075437824116","0.6294075437824116","937","937","937","0.876165672759707","0.876165672759707","0.876165672759707","1585","1585","1585","0.8161114003123373","0.8161114003123373","0.8161114003123373","307","307","307","0.7706055873676905","0.7706055873676905","0.7706055873676905","955","955","955","0.7399656373106764","0.7399656373106764","0.7399656373106764","937","937","937","","","","","","","0.845024292903002","0.845024292903002","0.845024292903002","559","559","559","","","","","","","","","","","","","0.784270345306264","0.784270345306264","0.784270345306264","307","307","307","0.6998091271906992","0.6998091271906992","0.6998091271906992","955","955","955","0.8859227325484993","0.8859227325484993","0.8859227325484993","1585","1585","1585","0.588333838386726","0.588333838386726","0.588333838386726","937","937","937","0.8369338885996876","0.8369338885996876","0.8369338885996876","307","307","307","0.726401179941003","0.726401179941003","0.726401179941003","955","955","955","0.7971800867929493","0.7971800867929493","0.7971800867929493","937","937","937","0.8885714040674905","0.8885714040674905","0.8885714040674905","1585","1585","1585"
"18","0.7310604977730005","0.7310604977730005","0.7310604977730005","1673","1673","1673","0.6717855283706403","0.6717855283706403","0.6717855283706403","324","324","324","0.5850033447875631","0.5850033447875631","0.5850033447875631","989","989","989","0.5620336630227313","0.5620336630227313","0.5620336630227313","1008","1008","1008","0.7465295852854417","0.7465295852854417","0.7465295852854417","1008","1008","1008","0.6018144757831663","0.6018144757831663","0.6018144757831663","989","989","989","0.8737571398349905","0.8737571398349905","0.8737571398349905","1673","1673","1673","0.834244317195905","0.834244317195905","0.834244317195905","324","324","324","0.8195072584748913","0.8195072584748913","0.8195072584748913","1673","1673","1673","0.7353808780149228","0.7353808780149228","0.7353808780149228","324","324","324","0.711131355196946","0.711131355196946","0.711131355196946","1008","1008","1008","0.6040957924287731","0.6040957924287731","0.6040957924287731","989","989","989","0.8737485634566236","0.8737485634566236","0.8737485634566236","1673","1673","1673","0.8293857365955232","0.8293857365955232","0.8293857365955232","324","324","324","0.7920787784140204","0.7920787784140204","0.7920787784140204","1008","1008","1008","0.7463764801399666","0.7463764801399666","0.7463764801399666","989","989","989","","","","","","","0.84454711087975","0.84454711087975","0.84454711087975","590","590","590","","","","","","","","","","","","","0.7848776678813119","0.7848776678813119","0.7848776678813119","324","324","324","0.7162502169009196","0.7162502169009196","0.7162502169009196","1008","1008","1008","0.8860528076203981","0.8860528076203981","0.8860528076203981","1673","1673","1673","0.5786725481563645","0.5786725481563645","0.5786725481563645","989","989","989","0.8429637341662329","0.8429637341662329","0.8429637341662329","324","324","324","0.7127364220024293","0.7127364220024293","0.7127364220024293","1008","1008","1008","0.7464779672839753","0.7464779672839753","0.7464779672839753","989","989","989","0.8958313083551078","0.8958313083551078","0.8958313083551078","1673","1673","1673"
"19","0.7474785447601188","0.7474785447601188","0.7474785447601188","1761","1761","1761","0.6907426687489154","0.6907426687489154","0.6907426687489154","341","341","341","0.5315153317057273","0.5315153317057273","0.5315153317057273","1041","1041","1041","0.5889727572444907","0.5889727572444907","0.5889727572444907","1061","1061","1061","0.7614089883741106","0.7614089883741106","0.7614089883741106","1061","1061","1061","0.6748280436137428","0.6748280436137428","0.6748280436137428","1041","1041","1041","0.8630123671376051","0.8630123671376051","0.8630123671376051","1761","1761","1761","0.857539475967378","0.857539475967378","0.857539475967378","341","341","341","0.8327034459888278","0.8327034459888278","0.8327034459888278","1761","1761","1761","0.7489154954017005","0.7489154954017005","0.7489154954017005","341","341","341","0.7264011799410028","0.7264011799410028","0.7264011799410028","1061","1061","1061","0.6215958924865208","0.6215958924865208","0.6215958924865208","1041","1041","1041","0.8800550603491157","0.8800550603491157","0.8800550603491157","1761","1761","1761","0.8390161374284227","0.8390161374284227","0.8390161374284227","341","341","341","0.7592833593614436","0.7592833593614436","0.7592833593614436","1061","1061","1061","0.7487935894430501","0.7487935894430501","0.7487935894430501","1041","1041","1041","","","","","","","0.8390378275203887","0.8390378275203887","0.8390378275203887","621","621","621","","","","","","","","","","","","","0.7835762623633524","0.7835762623633524","0.7835762623633524","341","341","341","0.7183324657296547","0.7183324657296547","0.7183324657296547","1061","1061","1061","0.8733969319435788","0.8733969319435788","0.8733969319435788","1761","1761","1761","0.6342024539877301","0.6342024539877301","0.6342024539877301","1041","1041","1041","0.8646538261322229","0.8646538261322229","0.8646538261322229","341","341","341","0.7765486725663716","0.7765486725663716","0.7765486725663716","1061","1061","1061","0.7588708340242082","0.7588708340242082","0.7588708340242082","1041","1041","1041","0.8961557813366571","0.8961557813366571","0.8961557813366571","1761","1761","1761"
"20","0.7377014734218035","0.7377014734218035","0.7377014734218035","1849","1849","1849","0.7569408294291168","0.7569408294291168","0.7569408294291168","358","358","358","0.5184835247771571","0.5184835247771571","0.5184835247771571","1093","1093","1093","0.5703626583376714","0.5703626583376714","0.5703626583376714","1114","1114","1114","0.7269868124240847","0.7269868124240847","0.7269868124240847","1114","1114","1114","0.6408398561455468","0.6408398561455468","0.6408398561455468","1093","1093","1093","0.8758126118502679","0.8758126118502679","0.8758126118502679","1849","1849","1849","0.8583636994620857","0.8583636994620857","0.8583636994620857","358","358","358","0.8349833332380402","0.8349833332380402","0.8349833332380402","1849","1849","1849","0.728678639597432","0.728678639597432","0.728678639597432","358","358","358","0.6967291341315287","0.6967291341315287","0.6967291341315287","1114","1114","1114","0.5989099423095616","0.5989099423095616","0.5989099423095616","1093","1093","1093","0.8851565760810525","0.8851565760810525","0.8851565760810525","1849","1849","1849","0.8443085198681243","0.8443085198681243","0.8443085198681243","358","358","358","0.7723841749089015","0.7723841749089015","0.7723841749089015","1114","1114","1114","0.7515780536195176","0.7515780536195176","0.7515780536195176","1093","1093","1093","","","","","","","0.8334851639770952","0.8334851639770952","0.8334851639770952","652","652","652","","","","","","","","","","","","","0.7863525941349991","0.7863525941349991","0.7863525941349991","358","358","358","0.7182890855457227","0.7182890855457227","0.7182890855457227","1114","1114","1114","0.8823120772560162","0.8823120772560162","0.8823120772560162","1849","1849","1849","0.5916829141390174","0.5916829141390174","0.5916829141390174","1093","1093","1093","0.8482561166059345","0.8482561166059345","0.8482561166059345","358","358","358","0.7237983689050842","0.7237983689050842","0.7237983689050842","1114","1114","1114","0.753785041652611","0.753785041652611","0.753785041652611","1093","1093","1093","0.8989188045672074","0.8989188045672074","0.8989188045672074","1849","1849","1849"
"21","0.7543796705527189","0.7543796705527189","0.7543796705527189","1937","1937","1937","0.7666579906298803","0.7666579906298803","0.7666579906298803","375","375","375","0.5700704406543204","0.5700704406543204","0.5700704406543204","1145","1145","1145","0.551579038695124","0.551579038695124","0.551579038695124","1167","1167","1167","0.7955925733125109","0.7955925733125109","0.7955925733125109","1167","1167","1167","0.6121247119766265","0.6121247119766265","0.6121247119766265","1145","1145","1145","0.8740801834201453","0.8740801834201453","0.8740801834201453","1937","1937","1937","0.8627884782231476","0.8627884782231476","0.8627884782231476","375","375","375","0.8127948130063636","0.8127948130063636","0.8127948130063636","1937","1937","1937","0.756246746486205","0.756246746486205","0.756246746486205","375","375","375","0.7274856845393025","0.7274856845393025","0.7274856845393025","1167","1167","1167","0.6126135655435423","0.6126135655435423","0.6126135655435423","1145","1145","1145","0.884607687865568","0.884607687865568","0.884607687865568","1937","1937","1937","0.8385823355891029","0.8385823355891029","0.8385823355891029","375","375","375","0.7775897969807393","0.7775897969807393","0.7775897969807393","1167","1167","1167","0.7556375393798707","0.7556375393798707","0.7556375393798707","1145","1145","1145","","","","","","","0.829667707791081","0.829667707791081","0.829667707791081","683","683","683","","","","","","","","","","","","","0.7947683498178031","0.7947683498178031","0.7947683498178031","375","375","375","0.6931285788651743","0.6931285788651743","0.6931285788651743","1167","1167","1167","0.8867389178897535","0.8867389178897535","0.8867389178897535","1937","1937","1937","0.6265001515160178","0.6265001515160178","0.6265001515160178","1145","1145","1145","0.8269998264792643","0.8269998264792643","0.8269998264792643","375","375","375","0.7377667881311817","0.7377667881311817","0.7377667881311817","1167","1167","1167","0.7350227845785282","0.7350227845785282","0.7350227845785282","1145","1145","1145","0.9076767162762507","0.9076767162762507","0.9076767162762507","1937","1937","1937"
"22","0.7324770295999405","0.7324770295999405","0.7324770295999405","2025","2025","2025","0.7917751171264966","0.7917751171264966","0.7917751171264966","392","392","392","0.5429733732039634","0.5429733732039634","0.5429733732039634","1197","1197","1197","0.571100121464515","0.571100121464515","0.571100121464515","1220","1220","1220","0.7280930071143502","0.7280930071143502","0.7280930071143502","1220","1220","1220","0.654054625812612","0.654054625812612","0.654054625812612","1197","1197","1197","0.8642302128657111","0.8642302128657111","0.8642302128657111","2025","2025","2025","0.8811816762103071","0.8811816762103071","0.8811816762103071","392","392","392","0.8230035620558152","0.8230035620558152","0.8230035620558152","2025","2025","2025","0.7406732604546243","0.7406732604546243","0.7406732604546243","392","392","392","0.734730175255943","0.734730175255943","0.734730175255943","1220","1220","1220","0.6236913876008439","0.6236913876008439","0.6236913876008439","1197","1197","1197","0.8795590598002275","0.8795590598002275","0.8795590598002275","2025","2025","2025","0.8483428769737984","0.8483428769737984","0.8483428769737984","392","392","392","0.7902568106888772","0.7902568106888772","0.7902568106888772","1220","1220","1220","0.7561020932080801","0.7561020932080801","0.7561020932080801","1197","1197","1197","","","","","","","0.821100121464515","0.821100121464515","0.821100121464515","714","714","714","","","","","","","","","","","","","0.7880444213083464","0.7880444213083464","0.7880444213083464","392","392","392","0.7017178552837063","0.7017178552837063","0.7017178552837063","1220","1220","1220","0.8921005837654876","0.8921005837654876","0.8921005837654876","2025","2025","2025","0.5467569854601799","0.5467569854601799","0.5467569854601799","1197","1197","1197","0.8410550060732257","0.8410550060732257","0.8410550060732257","392","392","392","0.7847909075134478","0.7847909075134478","0.7847909075134478","1220","1220","1220","0.7339921897781005","0.7339921897781005","0.7339921897781005","1197","1197","1197","0.9057427429545052","0.9057427429545052","0.9057427429545052","2025","2025","2025"
"23","0.7498684955317069","0.7498684955317069","0.7498684955317069","2113","2113","2113","0.644542772861357","0.644542772861357","0.644542772861357","409","409","409","0.5263723634783504","0.5263723634783504","0.5263723634783504","1249","1249","1249","0.5910983862571577","0.5910983862571577","0.5910983862571577","1273","1273","1273","0.7686100989068194","0.7686100989068194","0.7686100989068194","1273","1273","1273","0.6625009291076563","0.6625009291076563","0.6625009291076563","1249","1249","1249","0.8795261836831543","0.8795261836831543","0.8795261836831543","2113","2113","2113","0.8670831164324138","0.8670831164324138","0.8670831164324138","409","409","409","0.800294741536544","0.800294741536544","0.800294741536544","2113","2113","2113","0.7600208224882874","0.7600208224882874","0.7600208224882874","409","409","409","0.734860315807739","0.734860315807739","0.734860315807739","1273","1273","1273","0.6463315970931796","0.6463315970931796","0.6463315970931796","1249","1249","1249","0.8820240538825264","0.8820240538825264","0.8820240538825264","2113","2113","2113","0.8326392503904217","0.8326392503904217","0.8326392503904217","409","409","409","0.7993232691306611","0.7993232691306611","0.7993232691306611","1273","1273","1273","0.7516223649077467","0.7516223649077467","0.7516223649077467","1249","1249","1249","","","","","","","0.8288651743883395","0.8288651743883395","0.8288651743883395","745","745","745","","","","","","","","","","","","","0.7864393545028632","0.7864393545028632","0.7864393545028632","409","409","409","0.6890942217595004","0.6890942217595004","0.6890942217595004","1273","1273","1273","0.8947335319241392","0.8947335319241392","0.8947335319241392","2113","2113","2113","0.5421800582050211","0.5421800582050211","0.5421800582050211","1249","1249","1249","0.8487332986291862","0.8487332986291862","0.8487332986291862","409","409","409","0.7769390942217596","0.7769390942217596","0.7769390942217596","1273","1273","1273","0.7278029033899566","0.7278029033899566","0.7278029033899566","1249","1249","1249","0.8837443324432958","0.8837443324432958","0.8837443324432958","2113","2113","2113"
"24","0.75596201236142","0.75596201236142","0.75596201236142","2201","2201","2201","0.6496616345653307","0.6496616345653307","0.6496616345653307","426","426","426","0.5350052030028759","0.5350052030028759","0.5350052030028759","1301","1301","1301","0.6343484296373416","0.6343484296373416","0.6343484296373416","1326","1326","1326","0.7576349123720284","0.7576349123720284","0.7576349123720284","1326","1326","1326","0.5881079937563967","0.5881079937563967","0.5881079937563967","1301","1301","1301","0.8447032287205758","0.8447032287205758","0.8447032287205758","2201","2201","2201","0.7950286309213951","0.7950286309213951","0.7950286309213951","426","426","426","0.8307766196490547","0.8307766196490547","0.8307766196490547","2201","2201","2201","0.7501735207357279","0.7501735207357279","0.7501735207357279","426","426","426","0.7277025854589623","0.7277025854589623","0.7277025854589623","1326","1326","1326","0.6398021143631467","0.6398021143631467","0.6398021143631467","1301","1301","1301","0.8845776705412838","0.8845776705412838","0.8845776705412838","2201","2201","2201","0.8576262363352422","0.8576262363352422","0.8576262363352422","426","426","426","0.8015356585111921","0.8015356585111921","0.8015356585111921","1326","1326","1326","0.7745070011835402","0.7745070011835402","0.7745070011835402","1301","1301","1301","","","","","","","0.8257634912372029","0.8257634912372029","0.8257634912372029","776","776","776","","","","","","","","","","","","","0.7645757418011452","0.7645757418011452","0.7645757418011452","426","426","426","0.6864480305396495","0.6864480305396495","0.6864480305396495","1326","1326","1326","0.849220121327166","0.849220121327166","0.849220121327166","2201","2201","2201","0.5492084002767311","0.5492084002767311","0.5492084002767311","1301","1301","1301","0.8551535658511192","0.8551535658511192","0.8551535658511192","426","426","426","0.7481346520909248","0.7481346520909248","0.7481346520909248","1326","1326","1326","0.7447083745475961","0.7447083745475961","0.7447083745475961","1301","1301","1301","0.895036563959771","0.895036563959771","0.895036563959771","2201","2201","2201"
"25","0.7589623153934557","0.7589623153934557","0.7589623153934557","2289","2289","2289","0.7342096130487593","0.7342096130487593","0.7342096130487593","443","443","443","0.5423058450877364","0.5423058450877364","0.5423058450877364","1353","1353","1353","0.6166926947770258","0.6166926947770258","0.6166926947770258","1379","1379","1379","0.7611053270865868","0.7611053270865868","0.7611053270865868","1379","1379","1379","0.5684137702331059","0.5684137702331059","0.5684137702331059","1353","1353","1353","0.8775064465777391","0.8775064465777391","0.8775064465777391","2289","2289","2289","0.83172826652785","0.83172826652785","0.83172826652785","443","443","443","0.7904233300361923","0.7904233300361923","0.7904233300361923","2289","2289","2289","0.7806697900399098","0.7806697900399098","0.7806697900399098","443","443","443","0.7234079472496964","0.7234079472496964","0.7234079472496964","1379","1379","1379","0.6268560712182459","0.6268560712182459","0.6268560712182459","1353","1353","1353","0.8836113985786082","0.8836113985786082","0.8836113985786082","2289","2289","2289","0.8481259760541385","0.8481259760541385","0.8481259760541385","443","443","443","0.7986725663716814","0.7986725663716814","0.7986725663716814","1379","1379","1379","0.7533991046260984","0.7533991046260984","0.7533991046260984","1353","1353","1353","","","","","","","0.7927728613569321","0.7927728613569321","0.7927728613569321","807","807","807","","","","","","","","","","","","","0.7827086586847128","0.7827086586847128","0.7827086586847128","443","443","443","","","","","","","0.8454922555303346","0.8454922555303346","0.8454922555303346","2289","2289","2289","0.5504891394461946","0.5504891394461946","0.5504891394461946","1353","1353","1353","0.8660853722019782","0.8660853722019782","0.8660853722019782","443","443","443","0.7636647579385737","0.7636647579385737","0.7636647579385737","1379","1379","1379","0.749306742748672","0.749306742748672","0.749306742748672","1353","1353","1353","0.8978138811542663","0.8978138811542663","0.8978138811542663","2289","2289","2289"
"26","0.7408061223906369","0.7408061223906369","0.7408061223906369","2377","2377","2377","0.7568540690612529","0.7568540690612529","0.7568540690612529","460","460","460","0.5663611570106176","0.5663611570106176","0.5663611570106176","1405","1405","1405","0.5935276765573485","0.5935276765573485","0.5935276765573485","1432","1432","1432","0.7652047544681588","0.7652047544681588","0.7652047544681588","1432","1432","1432","0.5788469345164924","0.5788469345164924","0.5788469345164924","1405","1405","1405","0.8754495451660673","0.8754495451660673","0.8754495451660673","2377","2377","2377","0.8571056741280583","0.8571056741280583","0.8571056741280583","460","460","460","0.8209109257342809","0.8209109257342809","0.8209109257342809","2377","2377","2377","0.7746399444733646","0.7746399444733646","0.7746399444733646","460","460","460","0.741280583029672","0.741280583029672","0.741280583029672","1432","1432","1432","0.673517287119995","0.673517287119995","0.673517287119995","1405","1405","1405","0.8800865070697947","0.8800865070697947","0.8800865070697947","2377","2377","2377","0.8587541211174735","0.8587541211174735","0.8587541211174735","460","460","460","0.7779802186361271","0.7779802186361271","0.7779802186361271","1432","1432","1432","0.7607676430396971","0.7607676430396971","0.7607676430396971","1405","1405","1405","","","","","","","0.8001041124414366","0.8001041124414366","0.8001041124414366","838","838","838","","","","","","","","","","","","","0.7866996356064551","0.7866996356064551","0.7866996356064551","460","460","460","","","","","","","0.8691487658591529","0.8691487658591529","0.8691487658591529","2377","2377","2377","0.605266468075861","0.605266468075861","0.605266468075861","1405","1405","1405","0.8663456533055701","0.8663456533055701","0.8663456533055701","460","460","460","0.7595436404650355","0.7595436404650355","0.7595436404650355","1432","1432","1432","0.7353872806591233","0.7353872806591233","0.7353872806591233","1405","1405","1405","0.8846205524331185","0.8846205524331185","0.8846205524331185","2377","2377","2377"
"27","0.7656132968170202","0.7656132968170202","0.7656132968170202","2465","2465","2465","0.7588061773381918","0.7588061773381918","0.7588061773381918","477","477","477","0.5210592970800291","0.5210592970800291","0.5210592970800291","1457","1457","1457","0.6156949505465903","0.6156949505465903","0.6156949505465903","1485","1485","1485","0.8365868471282318","0.8365868471282318","0.8365868471282318","1485","1485","1485","0.6097290436194603","0.6097290436194603","0.6097290436194603","1457","1457","1457","0.8693188640300974","0.8693188640300974","0.8693188640300974","2465","2465","2465","0.855847648794031","0.855847648794031","0.855847648794031","477","477","477","0.7776816905757036","0.7776816905757036","0.7776816905757036","2465","2465","2465","0.7676123546763839","0.7676123546763839","0.7676123546763839","477","477","477","0.7300017352073573","0.7300017352073573","0.7300017352073573","1485","1485","1485","0.6407798214969783","0.6407798214969783","0.6407798214969783","1457","1457","1457","0.8679237731490745","0.8679237731490745","0.8679237731490745","2465","2465","2465","0.857669616519174","0.857669616519174","0.857669616519174","477","477","477","0.7780669790039909","0.7780669790039909","0.7780669790039909","1485","1485","1485","0.7736007638694332","0.7736007638694332","0.7736007638694332","1457","1457","1457","","","","","","","0.7994100294985251","0.7994100294985251","0.7994100294985251","869","869","869","","","","","","","","","","","","","0.7878275203886864","0.7878275203886864","0.7878275203886864","477","477","477","","","","","","","0.875591770107319","0.875591770107319","0.875591770107319","2465","2465","2465","0.544236959616693","0.544236959616693","0.544236959616693","1457","1457","1457","0.8738938053097346","0.8738938053097346","0.8738938053097346","477","477","477","0.7496095783446123","0.7496095783446123","0.7496095783446123","1485","1485","1485","0.7503544903058336","0.7503544903058336","0.7503544903058336","1457","1457","1457","0.9002624371780285","0.9002624371780285","0.9002624371780285","2465","2465","2465"
"28","0.746185655721302","0.746185655721302","0.746185655721302","2553","2553","2553","0.7654433454797849","0.7654433454797849","0.7654433454797849","494","494","494","0.5152116364301682","0.5152116364301682","0.5152116364301682","1509","1509","1509","0.655170917924692","0.655170917924692","0.655170917924692","1538","1538","1538","0.7917534270345306","0.7917534270345306","0.7917534270345306","1538","1538","1538","0.6254123808598105","0.6254123808598105","0.6254123808598105","1509","1509","1509","0.8713900594057142","0.8713900594057142","0.8713900594057142","2553","2553","2553","0.8712909942738156","0.8712909942738156","0.8712909942738156","494","494","494","0.8295559151281596","0.8295559151281596","0.8295559151281596","2553","2553","2553","0.7670484122852681","0.7670484122852681","0.7670484122852681","494","494","494","0.7247093527676557","0.7247093527676557","0.7247093527676557","1538","1538","1538","0.6703554622953819","0.6703554622953819","0.6703554622953819","1509","1509","1509","0.8785556235312952","0.8785556235312952","0.8785556235312952","2553","2553","2553","0.8062640985597779","0.8062640985597779","0.8062640985597779","494","494","494","0.7724709352767656","0.7724709352767656","0.7724709352767656","1538","1538","1538","0.7537478773463542","0.7537478773463542","0.7537478773463542","1509","1509","1509","","","","","","","0.8104719764011798","0.8104719764011798","0.8104719764011798","900","900","900","","","","","","","","","","","","","0.8049193128578865","0.8049193128578865","0.8049193128578865","494","494","494","","","","","","","0.8895977106787346","0.8895977106787346","0.8895977106787346","2553","2553","2553","0.5339696053150675","0.5339696053150675","0.5339696053150675","1509","1509","1509","0.8502082248828735","0.8502082248828735","0.8502082248828735","494","494","494","0.7335589102897796","0.7335589102897796","0.7335589102897796","1538","1538","1538","0.7525357492038263","0.7525357492038263","0.7525357492038263","1509","1509","1509","0.9016375165095284","0.9016375165095284","0.9016375165095284","2553","2553","2553"
"29","0.7401600352203271","0.7401600352203271","0.7401600352203271","2641","2641","2641","0.7224535832031928","0.7224535832031928","0.7224535832031928","511","511","511","0.5178617373455537","0.5178617373455537","0.5178617373455537","1561","1561","1561","0.6124848169356238","0.6124848169356238","0.6124848169356238","1591","1591","1591","0.7653999652958529","0.7653999652958529","0.7653999652958529","1591","1591","1591","0.6328724006426566","0.6328724006426566","0.6328724006426566","1561","1561","1561","0.8708568945505691","0.8708568945505691","0.8708568945505691","2641","2641","2641","0.8673433975360055","0.8673433975360055","0.8673433975360055","511","511","511","0.7933435868701364","0.7933435868701364","0.7933435868701364","2641","2641","2641","0.7768523338538955","0.7768523338538955","0.7768523338538955","511","511","511","0.7381572097865695","0.7381572097865695","0.7381572097865695","1591","1591","1591","0.6962132430717157","0.6962132430717157","0.6962132430717157","1561","1561","1561","0.8737542810422015","0.8737542810422015","0.8737542810422015","2641","2641","2641","0.7998438313378449","0.7998438313378449","0.7998438313378449","511","511","511","0.7784574006593787","0.7784574006593787","0.7784574006593787","1591","1591","1591","0.7565251945408494","0.7565251945408494","0.7565251945408494","1561","1561","1561","","","","","","","0.8141159118514664","0.8141159118514664","0.8141159118514664","931","931","931","","","","","","","","","","","","","0.8045722713864307","0.8045722713864307","0.8045722713864307","511","511","511","","","","","","","0.8897963967775687","0.8897963967775687","0.8897963967775687","2641","2641","2641","0.6078551049462833","0.6078551049462833","0.6078551049462833","1561","1561","1561","0.8702064896755162","0.8702064896755162","0.8702064896755162","511","511","511","0.7970674995661982","0.7970674995661982","0.7970674995661982","1591","1591","1591","0.7580246313586699","0.7580246313586699","0.7580246313586699","1561","1561","1561","0.8968776265158749","0.8968776265158749","0.8968776265158749","2641","2641","2641"
"30","0.7568310853692704","0.7568310853692704","0.7568310853692704","2729","2729","2729","0.7691740412979351","0.7691740412979351","0.7691740412979351","528","528","528","0.5210092682062218","0.5210092682062218","0.5210092682062218","1613","1613","1613","0.6494447336456706","0.6494447336456706","0.6494447336456706","1644","1644","1644","0.767135172653132","0.767135172653132","0.767135172653132","1644","1644","1644","0.604048622347755","0.604048622347755","0.604048622347755","1613","1613","1613","0.871337171739118","0.871337171739118","0.871337171739118","2729","2729","2729","0.8818323789692868","0.8818323789692868","0.8818323789692868","528","528","528","0.8152976860931167","0.8152976860931167","0.8152976860931167","2729","2729","2729","0.799453409682457","0.799453409682457","0.799453409682457","528","528","528","0.7257938573659553","0.7257938573659553","0.7257938573659553","1644","1644","1644","0.67449928244301","0.67449928244301","0.67449928244301","1613","1613","1613","","","","","","","0.8212302620163109","0.8212302620163109","0.8212302620163109","528","528","528","","","","","","","0.7665738511941177","0.7665738511941177","0.7665738511941177","1613","1613","1613","","","","","","","0.8089102897796288","0.8089102897796288","0.8089102897796288","962","962","962","","","","","","","","","","","","","0.8035745271559951","0.8035745271559951","0.8035745271559951","528","528","528","","","","","","","0.8876551609786218","0.8876551609786218","0.8876551609786218","2729","2729","2729","0.553007735893287","0.553007735893287","0.553007735893287","1613","1613","1613","0.864133263925039","0.864133263925039","0.864133263925039","528","528","528","","","","","","","0.7537721770850604","0.7537721770850604","0.7537721770850604","1613","1613","1613","","","","","",""
"31","0.7630575360636711","0.7630575360636711","0.7630575360636711","2817","2817","2817","0.7960697553357625","0.7960697553357625","0.7960697553357625","545","545","545","0.5242911623279721","0.5242911623279721","0.5242911623279721","1665","1665","1665","0.6324830817282666","0.6324830817282666","0.6324830817282666","1697","1697","1697","0.7716900919659899","0.7716900919659899","0.7716900919659899","1697","1697","1697","0.5994002252728717","0.5994002252728717","0.5994002252728717","1665","1665","1665","0.8600899662090692","0.8600899662090692","0.8600899662090692","2817","2817","2817","0.8844351900052057","0.8844351900052057","0.8844351900052057","545","545","545","0.8354736162013504","0.8354736162013504","0.8354736162013504","2817","2817","2817","0.7310428596217248","0.7310428596217248","0.7310428596217248","545","545","545","0.7148186708311643","0.7148186708311643","0.7148186708311643","1697","1697","1697","0.6632613679895254","0.6632613679895254","0.6632613679895254","1665","1665","1665","","","","","","","0.8237029325004338","0.8237029325004338","0.8237029325004338","545","545","545","","","","","","","0.7578716859444593","0.7578716859444593","0.7578716859444593","1665","1665","1665","","","","","","","0.8131615478049627","0.8131615478049627","0.8131615478049627","993","993","993","","","","","","","","","","","","","0.8129446468853028","0.8129446468853028","0.8129446468853028","545","545","545","","","","","","","0.8837085975334336","0.8837085975334336","0.8837085975334336","2817","2817","2817","0.5742571426937833","0.5742571426937833","0.5742571426937833","1665","1665","1665","0.8630487593267395","0.8630487593267395","0.8630487593267395","545","545","545","","","","","","","0.7635421014414033","0.7635421014414033","0.7635421014414033","1665","1665","1665","","","","","",""
"32","0.760274501283598","0.760274501283598","0.760274501283598","2905","2905","2905","0.7736422002429291","0.7736422002429291","0.7736422002429291","562","562","562","0.543499391077136","0.543499391077136","0.543499391077136","1717","1717","1717","0.6327433628318584","0.6327433628318584","0.6327433628318584","1750","1750","1750","0.7573963213604025","0.7573963213604025","0.7573963213604025","1750","1750","1750","0.5983724892652331","0.5983724892652331","0.5983724892652331","1717","1717","1717","0.8779052481718019","0.8779052481718019","0.8779052481718019","2905","2905","2905","0.8670831164324136","0.8670831164324136","0.8670831164324136","562","562","562","0.8225833195158349","0.8225833195158349","0.8225833195158349","2905","2905","2905","0.7954624327607149","0.7954624327607149","0.7954624327607149","562","562","562","0.7148620510150963","0.7148620510150963","0.7148620510150963","1750","1750","1750","0.6734429585074815","0.6734429585074815","0.6734429585074815","1717","1717","1717","","","","","","","0.8458702064896755","0.8458702064896755","0.8458702064896755","562","562","562","","","","","","","0.7746127765167325","0.7746127765167325","0.7746127765167325","1717","1717","1717","","","","","","","0.8166536526114871","0.8166536526114871","0.8166536526114871","1024","1024","1024","","","","","","","","","","","","","0.8075221238938053","0.8075221238938053","0.8075221238938053","562","562","562","","","","","","","0.8773649363346847","0.8773649363346847","0.8773649363346847","2905","2905","2905","0.5737182602530604","0.5737182602530604","0.5737182602530604","1717","1717","1717","0.8614003123373244","0.8614003123373244","0.8614003123373244","562","562","562","","","","","","","0.7467895756979742","0.7467895756979742","0.7467895756979742","1717","1717","1717","","","","","",""
"33","0.7474485274358343","0.7474485274358343","0.7474485274358343","2993","2993","2993","0.7668748915495402","0.7668748915495402","0.7668748915495402","579","579","579","0.5813812543239241","0.5813812543239241","0.5813812543239241","1769","1769","1769","0.6202932500433802","0.6202932500433802","0.6202932500433802","1803","1803","1803","0.7573312510845045","0.7573312510845045","0.7573312510845045","1803","1803","1803","0.589088559683017","0.589088559683017","0.589088559683017","1769","1769","1769","0.8582410419727956","0.8582410419727956","0.8582410419727956","2993","2993","2993","0.8653479090751345","0.8653479090751345","0.8653479090751345","579","579","579","0.8075189109142992","0.8075189109142992","0.8075189109142992","2993","2993","2993","0.7769824744056915","0.7769824744056915","0.7769824744056915","579","579","579","0.7224535832031929","0.7224535832031929","0.7224535832031929","1803","1803","1803","0.6497807305930852","0.6497807305930852","0.6497807305930852","1769","1769","1769","","","","","","","0.8345479784834288","0.8345479784834288","0.8345479784834288","579","579","579","","","","","","","0.762387149154655","0.762387149154655","0.762387149154655","1769","1769","1769","","","","","","","0.8028370640291514","0.8028370640291514","0.8028370640291514","1055","1055","1055","","","","","","","","","","","","","0.8070015616866216","0.8070015616866216","0.8070015616866216","579","579","579","","","","","","","0.871558728180264","0.871558728180264","0.871558728180264","2993","2993","2993","0.5528633668574434","0.5528633668574434","0.5528633668574434","1769","1769","1769","0.8580600381745618","0.8580600381745618","0.8580600381745618","579","579","579","","","","","","","0.7497827317480373","0.7497827317480373","0.7497827317480373","1769","1769","1769","","","","","",""
"34","0.763896591747237","0.763896591747237","0.763896591747237","3081","3081","3081","0.7463560645497137","0.7463560645497137","0.7463560645497137","596","596","596","0.5901791891320133","0.5901791891320133","0.5901791891320133","1821","1821","1821","0.6236335242061426","0.6236335242061426","0.6236335242061426","1856","1856","1856","0.7795419052576783","0.7795419052576783","0.7795419052576783","1856","1856","1856","0.5937769798569461","0.5937769798569461","0.5937769798569461","1821","1821","1821","0.8637956763617859","0.8637956763617859","0.8637956763617859","3081","3081","3081","0.8616172132569841","0.8616172132569841","0.8616172132569841","596","596","596","0.7961837975059892","0.7961837975059892","0.7961837975059892","3081","3081","3081","0.7827086586847128","0.7827086586847128","0.7827086586847128","596","596","596","0.7401960784313726","0.7401960784313726","0.7401960784313726","1856","1856","1856","0.6549801599780445","0.6549801599780445","0.6549801599780445","1821","1821","1821","","","","","","","0.8505986465382613","0.8505986465382613","0.8505986465382613","596","596","596","","","","","","","0.7645798432238035","0.7645798432238035","0.7645798432238035","1821","1821","1821","","","","","","","0.8057001561686622","0.8057001561686622","0.8057001561686622","1086","1086","1086","","","","","","","","","","","","","0.7945514488981433","0.7945514488981433","0.7945514488981433","596","596","596","","","","","","","0.890881308640987","0.890881308640987","0.890881308640987","3081","3081","3081","0.5429848083751194","0.5429848083751194","0.5429848083751194","1821","1821","1821","0.8652177685233385","0.8652177685233385","0.8652177685233385","596","596","596","","","","","","","0.7782663137010503","0.7782663137010503","0.7782663137010503","1821","1821","1821","","","","","",""
"35","0.7504059485760353","0.7504059485760353","0.7504059485760353","3169","3169","3169","0.7536439354502863","0.7536439354502863","0.7536439354502863","613","613","613","0.5841542833292357","0.5841542833292357","0.5841542833292357","1873","1873","1873","0.6287957660940482","0.6287957660940482","0.6287957660940482","1909","1909","1909","0.7448811382960263","0.7448811382960263","0.7448811382960263","1909","1909","1909","0.5746516560986626","0.5746516560986626","0.5746516560986626","1873","1873","1873","0.8753666401751867","0.8753666401751867","0.8753666401751867","3169","3169","3169","0.8683845219503731","0.8683845219503731","0.8683845219503731","613","613","613","0.8066141029965864","0.8066141029965864","0.8066141029965864","3169","3169","3169","0.8064376192955058","0.8064376192955058","0.8064376192955058","613","613","613","0.7266614610445948","0.7266614610445948","0.7266614610445948","1909","1909","1909","0.6751310756493748","0.6751310756493748","0.6751310756493748","1873","1873","1873","","","","","","","0.8567586326566026","0.8567586326566026","0.8567586326566026","613","613","613","","","","","","","0.768646475966129","0.768646475966129","0.768646475966129","1873","1873","1873","","","","","","","0.8106021169529758","0.8106021169529758","0.8106021169529758","1117","1117","1117","","","","","","","","","","","","","0.8096477529064724","0.8096477529064724","0.8096477529064724","613","613","613","","","","","","","0.8632996758128977","0.8632996758128977","0.8632996758128977","3169","3169","3169","0.5951220418641617","0.5951220418641617","0.5951220418641617","1873","1873","1873","0.864263404476835","0.864263404476835","0.864263404476835","613","613","613","","","","","","","0.7739109428870378","0.7739109428870378","0.7739109428870378","1873","1873","1873","","","","","",""
"36","0.7593561141001379","0.7593561141001379","0.7593561141001379","3257","3257","3257","0.7539042165538783","0.7539042165538783","0.7539042165538783","630","630","630","0.5128645675504148","0.5128645675504148","0.5128645675504148","1925","1925","1925","0.6539996529585286","0.6539996529585286","0.6539996529585286","1962","1962","1962","0.7920353982300885","0.7920353982300885","0.7920353982300885","1962","1962","1962","0.5828092213220202","0.5828092213220202","0.5828092213220202","1925","1925","1925","0.878374090189195","0.878374090189195","0.878374090189195","3257","3257","3257","0.8828735033836543","0.8828735033836543","0.8828735033836543","630","630","630","0.7588608282494468","0.7588608282494468","0.7588608282494468","3257","3257","3257","0.8104285962172479","0.8104285962172479","0.8104285962172479","630","630","630","0.7295245531841055","0.7295245531841055","0.7295245531841055","1962","1962","1962","0.6705641541689775","0.6705641541689775","0.6705641541689775","1925","1925","1925","","","","","","","0.8493840013881659","0.8493840013881659","0.8493840013881659","630","630","630","","","","","","","0.7683891846151207","0.7683891846151207","0.7683891846151207","1925","1925","1925","","","","","","","0.8195818150268958","0.8195818150268958","0.8195818150268958","1148","1148","1148","","","","","","","","","","","","","0.806177338191914","0.806177338191914","0.806177338191914","630","630","630","","","","","","","0.8931940720072727","0.8931940720072727","0.8931940720072727","3257","3257","3257","0.5960568671061584","0.5960568671061584","0.5960568671061584","1925","1925","1925","0.875281971195558","0.875281971195558","0.875281971195558","630","630","630","","","","","","","0.7573814029811492","0.7573814029811492","0.7573814029811492","1925","1925","1925","","","","","",""
"37","0.7702116650180963","0.7702116650180963","0.7702116650180963","3345","3345","3345","0.7901266701370813","0.7901266701370813","0.7901266701370813","647","647","647","0.5690469928358652","0.5690469928358652","0.5690469928358652","1977","1977","1977","0.6248047891723061","0.6248047891723061","0.6248047891723061","2015","2015","2015","0.7754641679680722","0.7754641679680722","0.7754641679680722","2015","2015","2015","0.5991443633182579","0.5991443633182579","0.5991443633182579","1977","1977","1977","0.876462987209761","0.876462987209761","0.876462987209761","3345","3345","3345","0.8833506854069061","0.8833506854069061","0.8833506854069061","647","647","647","0.7759992910193885","0.7759992910193885","0.7759992910193885","3345","3345","3345","0.8048759326739545","0.8048759326739545","0.8048759326739545","647","647","647","0.7100468505986466","0.7100468505986466","0.7100468505986466","2015","2015","2015","0.6720035563382294","0.6720035563382294","0.6720035563382294","1977","1977","1977","","","","","","","0.8532014575741802","0.8532014575741802","0.8532014575741802","647","647","647","","","","","","","0.7793497961680742","0.7793497961680742","0.7793497961680742","1977","1977","1977","","","","","","","","","","","","","","","","","","","","","","","","","0.8072618427902134","0.8072618427902134","0.8072618427902134","647","647","647","","","","","","","0.8922921228823493","0.8922921228823493","0.8922921228823493","3345","3345","3345","0.58466171904928","0.58466171904928","0.58466171904928","1977","1977","1977","0.8731997223668229","0.8731997223668229","0.8731997223668229","647","647","647","","","","","","","0.7638437040806407","0.7638437040806407","0.7638437040806407","1977","1977","1977","","","","","",""
"38","0.7496112041806986","0.7496112041806986","0.7496112041806986","3433","3433","3433","0.702368558042686","0.702368558042686","0.702368558042686","664","664","664","0.5504476869507544","0.5504476869507544","0.5504476869507544","2029","2029","2029","0.6621985077216728","0.6621985077216728","0.6621985077216728","2068","2068","2068","0.7767655734860315","0.7767655734860315","0.7767655734860315","2068","2068","2068","0.5926048748134637","0.5926048748134637","0.5926048748134637","2029","2029","2029","0.872913795962241","0.872913795962241","0.872913795962241","3433","3433","3433","0.8941089710220371","0.8941089710220371","0.8941089710220371","664","664","664","0.8192742668625891","0.8192742668625891","0.8192742668625891","3433","3433","3433","0.7765486725663717","0.7765486725663717","0.7765486725663717","664","664","664","0.7001561686621551","0.7001561686621551","0.7001561686621551","2068","2068","2068","0.6392846728683412","0.6392846728683412","0.6392846728683412","2029","2029","2029","","","","","","","0.8394499392677425","0.8394499392677425","0.8394499392677425","664","664","664","","","","","","","0.7613079548768147","0.7613079548768147","0.7613079548768147","2029","2029","2029","","","","","","","","","","","","","","","","","","","","","","","","","0.81058042686101","0.81058042686101","0.81058042686101","664","664","664","","","","","","","0.8985828964145021","0.8985828964145021","0.8985828964145021","3433","3433","3433","0.6377623657082088","0.6377623657082088","0.6377623657082088","2029","2029","2029","0.8562380704494187","0.8562380704494187","0.8562380704494187","664","664","664","","","","","","","0.7568653908827381","0.7568653908827381","0.7568653908827381","2029","2029","2029","","","","","",""
"39","0.7521312300241855","0.7521312300241855","0.7521312300241855","3521","3521","3521","0.7270518826999827","0.7270518826999827","0.7270518826999827","681","681","681","0.5334450168382895","0.5334450168382895","0.5334450168382895","2081","2081","2081","0.6324830817282665","0.6324830817282665","0.6324830817282665","2121","2121","2121","0.7726010758285615","0.7726010758285615","0.7726010758285615","2121","2121","2121","0.6373950108348247","0.6373950108348247","0.6373950108348247","2081","2081","2081","0.8660098113768518","0.8660098113768518","0.8660098113768518","3521","3521","3521","0.8761061946902654","0.8761061946902654","0.8761061946902654","681","681","681","0.805779335502204","0.805779335502204","0.805779335502204","3521","3521","3521","0.7687836196425473","0.7687836196425473","0.7687836196425473","681","681","681","0.7190265486725664","0.7190265486725664","0.7190265486725664","2121","2121","2121","0.675583479608231","0.675583479608231","0.675583479608231","2081","2081","2081","","","","","","","0.8545462432760715","0.8545462432760715","0.8545462432760715","681","681","681","","","","","","","0.7755747602902247","0.7755747602902247","0.7755747602902247","2081","2081","2081","","","","","","","","","","","","","","","","","","","","","","","","","0.7924258198854763","0.7924258198854763","0.7924258198854763","681","681","681","","","","","","","0.8908241327852076","0.8908241327852076","0.8908241327852076","3521","3521","3521","0.6025806322506132","0.6025806322506132","0.6025806322506132","2081","2081","2081","0.8505552663543294","0.8505552663543294","0.8505552663543294","681","681","681","","","","","","","0.7592796413930325","0.7592796413930325","0.7592796413930325","2081","2081","2081","","","","","",""
"40","0.751159240475932","0.751159240475932","0.751159240475932","3609","3609","3609","0.7358580600381746","0.7358580600381746","0.7358580600381746","698","698","698","0.5499959976900954","0.5499959976900954","0.5499959976900954","2133","2133","2133","0.623026201631095","0.623026201631095","0.623026201631095","2174","2174","2174","0.7738157209786569","0.7738157209786569","0.7738157209786569","2174","2174","2174","0.6957529774326897","0.6957529774326897","0.6957529774326897","2133","2133","2133","0.8632610821102465","0.8632610821102465","0.8632610821102465","3609","3609","3609","0.8697293076522645","0.8697293076522645","0.8697293076522645","698","698","698","0.7890696916506097","0.7890696916506097","0.7890696916506097","3609","3609","3609","0.8298195384348429","0.8298195384348429","0.8298195384348429","698","698","698","0.734600034704147","0.734600034704147","0.734600034704147","2174","2174","2174","0.6753840788111996","0.6753840788111996","0.6753840788111996","2133","2133","2133","","","","","","","0.8469547110879749","0.8469547110879749","0.8469547110879749","698","698","698","","","","","","","0.765583279492736","0.765583279492736","0.765583279492736","2133","2133","2133","","","","","","","","","","","","","","","","","","","","","","","","","0.8052229741454103","0.8052229741454103","0.8052229741454103","698","698","698","","","","","","","0.8855739598282436","0.8855739598282436","0.8855739598282436","3609","3609","3609","0.5704092075998148","0.5704092075998148","0.5704092075998148","2133","2133","2133","0.8383220544855111","0.8383220544855111","0.8383220544855111","698","698","698","","","","","","","0.7461177593925638","0.7461177593925638","0.7461177593925638","2133","2133","2133","","","","","",""
"41","0.7629889250367354","0.7629889250367354","0.7629889250367354","3697","3697","3697","0.7655734860315808","0.7655734860315808","0.7655734860315808","715","715","715","0.5195427075054746","0.5195427075054746","0.5195427075054746","2185","2185","2185","0.5468939788304702","0.5468939788304702","0.5468939788304702","2227","2227","2227","0.7793683845219503","0.7793683845219503","0.7793683845219503","2227","2227","2227","0.6847451957987181","0.6847451957987181","0.6847451957987181","2185","2185","2185","0.8743875036449609","0.8743875036449609","0.8743875036449609","3697","3697","3697","0.8450459829949678","0.8450459829949678","0.8450459829949678","715","715","715","0.7952632662279372","0.7952632662279372","0.7952632662279372","3697","3697","3697","0.8040950893631789","0.8040950893631789","0.8040950893631789","715","715","715","0.7049279888946729","0.7049279888946729","0.7049279888946729","2227","2227","2227","0.6533041927055043","0.6533041927055043","0.6533041927055043","2185","2185","2185","","","","","","","0.8580600381745619","0.8580600381745619","0.8580600381745619","715","715","715","","","","","","","0.7742339864721924","0.7742339864721924","0.7742339864721924","2185","2185","2185","","","","","","","","","","","","","","","","","","","","","","","","","0.8053964948811383","0.8053964948811383","0.8053964948811383","715","715","715","","","","","","","0.8673477264020949","0.8673477264020949","0.8673477264020949","3697","3697","3697","0.588937043665201","0.588937043665201","0.588937043665201","2185","2185","2185","0.8445254207877841","0.8445254207877841","0.8445254207877841","715","715","715","","","","","","","0.7204443707511191","0.7204443707511191","0.7204443707511191","2185","2185","2185","","","","","",""
"42","0.7517224226553609","0.7517224226553609","0.7517224226553609","3785","3785","3785","0.7029325004338018","0.7029325004338018","0.7029325004338018","732","732","732","0.5256090658036925","0.5256090658036925","0.5256090658036925","2237","2237","2237","0.6706576435884088","0.6706576435884088","0.6706576435884088","2280","2280","2280","0.7503687315634218","0.7503687315634218","0.7503687315634218","2280","2280","2280","0.6778826637087692","0.6778826637087692","0.6778826637087692","2237","2237","2237","0.8799585760924876","0.8799585760924876","0.8799585760924876","3785","3785","3785","0.870857192434496","0.870857192434496","0.870857192434496","732","732","732","0.8023745132905277","0.8023745132905277","0.8023745132905277","3785","3785","3785","0.8034010064202672","0.8034010064202672","0.8034010064202672","732","732","732","0.7338191913933715","0.7338191913933715","0.7338191913933715","2280","2280","2280","0.660080961011784","0.660080961011784","0.660080961011784","2237","2237","2237","","","","","","","0.8501214645150096","0.8501214645150096","0.8501214645150096","732","732","732","","","","","","","0.7754718437498213","0.7754718437498213","0.7754718437498213","2237","2237","2237","","","","","","","","","","","","","","","","","","","","","","","","","0.8007114350164845","0.8007114350164845","0.8007114350164845","732","732","732","","","","","","","0.8778051904241877","0.8778051904241877","0.8778051904241877","3785","3785","3785","0.5874833475320043","0.5874833475320043","0.5874833475320043","2237","2237","2237","0.8487332986291862","0.8487332986291862","0.8487332986291862","732","732","732","","","","","","","0.7296939948198675","0.7296939948198675","0.7296939948198675","2237","2237","2237","","","","","",""
"43","0.7468124460402861","0.7468124460402861","0.7468124460402861","3873","3873","3873","0.8002776331771646","0.8002776331771646","0.8002776331771646","749","749","749","0.5265210207033774","0.5265210207033774","0.5265210207033774","2289","2289","2289","0.6621551275377408","0.6621551275377408","0.6621551275377408","2333","2333","2333","0.7459656428943259","0.7459656428943259","0.7459656428943259","2333","2333","2333","0.689063402306474","0.689063402306474","0.689063402306474","2289","2289","2289","0.8787142865310836","0.8787142865310836","0.8787142865310836","3873","3873","3873","0.8733298629186188","0.8733298629186188","0.8733298629186188","749","749","749","0.8240570271985546","0.8240570271985546","0.8240570271985546","3873","3873","3873","0.8027503036612875","0.8027503036612875","0.8027503036612875","749","749","749","0.7066198160680202","0.7066198160680202","0.7066198160680202","2333","2333","2333","0.6849181527624515","0.6849181527624515","0.6849181527624515","2289","2289","2289","","","","","","","0.8486899184452542","0.8486899184452542","0.8486899184452542","749","749","749","","","","","","","0.7764138159737907","0.7764138159737907","0.7764138159737907","2289","2289","2289","","","","","","","","","","","","","","","","","","","","","","","","","0.795115391289259","0.795115391289259","0.795115391289259","749","749","749","","","","","","","0.8886943321574166","0.8886943321574166","0.8886943321574166","3873","3873","3873","0.5744472524142505","0.5744472524142505","0.5744472524142505","2289","2289","2289","0.8656515703626584","0.8656515703626584","0.8656515703626584","749","749","749","","","","","","","0.7382660849976271","0.7382660849976271","0.7382660849976271","2289","2289","2289","","","","","",""
"44","0.7470311436886432","0.7470311436886432","0.7470311436886432","3961","3961","3961","0.7431459309387473","0.7431459309387473","0.7431459309387473","766","766","766","0.5471314873155364","0.5471314873155364","0.5471314873155364","2341","2341","2341","0.6019434322401527","0.6019434322401527","0.6019434322401527","2386","2386","2386","0.8044855110185667","0.8044855110185667","0.8044855110185667","2386","2386","2386","0.6012913167027828","0.6012913167027828","0.6012913167027828","2341","2341","2341","0.875113637013362","0.875113637013362","0.875113637013362","3961","3961","3961","0.8792729481173001","0.8792729481173001","0.8792729481173001","766","766","766","0.8152762451471992","0.8152762451471992","0.8152762451471992","3961","3961","3961","0.7948551101856671","0.7948551101856671","0.7948551101856671","766","766","766","0.7180721846260627","0.7180721846260627","0.7180721846260627","2386","2386","2386","0.6793013396303009","0.6793013396303009","0.6793013396303009","2341","2341","2341","","","","","","","0.8523338538955405","0.8523338538955405","0.8523338538955405","766","766","766","","","","","","","0.7760128702851361","0.7760128702851361","0.7760128702851361","2341","2341","2341","","","","","","","","","","","","","","","","","","","","","","","","","0.7874370987332986","0.7874370987332986","0.7874370987332986","766","766","766","","","","","","","0.8444059142705219","0.8444059142705219","0.8444059142705219","3961","3961","3961","0.5676819192791268","0.5676819192791268","0.5676819192791268","2341","2341","2341","0.8538521603331598","0.8538521603331598","0.8538521603331598","766","766","766","","","","","","","0.7388935900148086","0.7388935900148086","0.7388935900148086","2341","2341","2341","","","","","",""
"45","0.7633162568110738","0.7633162568110738","0.7633162568110738","4049","4049","4049","0.7051882699982648","0.7051882699982648","0.7051882699982648","783","783","783","0.5133591387029085","0.5133591387029085","0.5133591387029085","2393","2393","2393","0.6605066805483256","0.6605066805483256","0.6605066805483256","2439","2439","2439","0.7799106368211002","0.7799106368211002","0.7799106368211002","2439","2439","2439","0.5429090503662113","0.5429090503662113","0.5429090503662113","2393","2393","2393","0.845207805647831","0.845207805647831","0.845207805647831","4049","4049","4049","0.8535918792295679","0.8535918792295679","0.8535918792295679","783","783","783","0.8126218560426303","0.8126218560426303","0.8126218560426303","4049","4049","4049","0.7914280756550408","0.7914280756550408","0.7914280756550408","783","783","783","0.7172045809474232","0.7172045809474232","0.7172045809474232","2439","2439","2439","0.6568462369710519","0.6568462369710519","0.6568462369710519","2393","2393","2393","","","","","","","0.8522037133437447","0.8522037133437447","0.8522037133437447","783","783","783","","","","","","","0.7803568059279926","0.7803568059279926","0.7803568059279926","2393","2393","2393","","","","","","","","","","","","","","","","","","","","","","","","","0.8152437966336977","0.8152437966336977","0.8152437966336977","783","783","783","","","","","","","0.8465500088622577","0.8465500088622577","0.8465500088622577","4049","4049","4049","0.6050534880130818","0.6050534880130818","0.6050534880130818","2393","2393","2393","0.8598820058997051","0.8598820058997051","0.8598820058997051","783","783","783","","","","","","","0.7536335256347949","0.7536335256347949","0.7536335256347949","2393","2393","2393","","","","","",""
"46","0.7725129932132259","0.7725129932132259","0.7725129932132259","4137","4137","4137","0.7177685233385389","0.7177685233385389","0.7177685233385389","800","800","800","0.5528419259115261","0.5528419259115261","0.5528419259115261","2445","2445","2445","0.6532188096477529","0.6532188096477529","0.6532188096477529","2492","2492","2492","0.7873069581815026","0.7873069581815026","0.7873069581815026","2492","2492","2492","0.6733672004985736","0.6733672004985736","0.6733672004985736","2445","2445","2445","0.8771490974791165","0.8771490974791165","0.8771490974791165","4137","4137","4137","0.8473451327433628","0.8473451327433628","0.8473451327433628","800","800","800","0.8351998867918056","0.8351998867918056","0.8351998867918056","4137","4137","4137","0.7878709005726184","0.7878709005726184","0.7878709005726184","800","800","800","0.7002863092139511","0.7002863092139511","0.7002863092139511","2492","2492","2492","0.6406468876322906","0.6406468876322906","0.6406468876322906","2445","2445","2445","","","","","","","0.8463040083289953","0.8463040083289953","0.8463040083289953","800","800","800","","","","","","","0.7845477961566388","0.7845477961566388","0.7845477961566388","2445","2445","2445","","","","","","","","","","","","","","","","","","","","","","","","","0.8121638035745272","0.8121638035745272","0.8121638035745272","800","800","800","","","","","","","0.8906068645332449","0.8906068645332449","0.8906068645332449","4137","4137","4137","0.6253466286256639","0.6253466286256639","0.6253466286256639","2445","2445","2445","0.840534443866042","0.840534443866042","0.840534443866042","800","800","800","","","","","","","0.7468974951257583","0.7468974951257583","0.7468974951257583","2445","2445","2445","","","","","",""
"47","0.7634606258469173","0.7634606258469173","0.7634606258469173","4225","4225","4225","0.6133524206142635","0.6133524206142635","0.6133524206142635","817","817","817","0.5306734172293723","0.5306734172293723","0.5306734172293723","2497","2497","2497","0.6534357105674128","0.6534357105674128","0.6534357105674128","2545","2545","2545","0.7742929030019088","0.7742929030019088","0.7742929030019088","2545","2545","2545","0.6727525600489426","0.6727525600489426","0.6727525600489426","2497","2497","2497","0.8504536904156113","0.8504536904156113","0.8504536904156113","4225","4225","4225","0.8376713517265313","0.8376713517265313","0.8376713517265313","817","817","817","0.8355522330030475","0.8355522330030475","0.8355522330030475","4225","4225","4225","0.8351553010584765","0.8351553010584765","0.8351553010584765","817","817","817","0.6936925212562901","0.6936925212562901","0.6936925212562901","2545","2545","2545","0.6953941989376726","0.6953941989376726","0.6953941989376726","2497","2497","2497","","","","","","","0.8525507548152004","0.8525507548152004","0.8525507548152004","817","817","817","","","","","","","0.7818533839530244","0.7818533839530244","0.7818533839530244","2497","2497","2497","","","","","","","","","","","","","","","","","","","","","","","","","0.7989328474752734","0.7989328474752734","0.7989328474752734","817","817","817","","","","","","","0.8802566052407389","0.8802566052407389","0.8802566052407389","4225","4225","4225","0.607886551666962","0.607886551666962","0.607886551666962","2497","2497","2497","0.8506854069061253","0.8506854069061253","0.8506854069061253","817","817","817","","","","","","","0.7469382329230012","0.7469382329230012","0.7469382329230012","2497","2497","2497","","","","","",""
"48","0.7472183946163214","0.7472183946163214","0.7472183946163214","4313","4313","4313","0.7512146451500955","0.7512146451500955","0.7512146451500955","834","834","834","0.5240524531300922","0.5240524531300922","0.5240524531300922","2549","2549","2549","0.6536092313031407","0.6536092313031407","0.6536092313031407","2598","2598","2598","0.7702368558042686","0.7702368558042686","0.7702368558042686","2598","2598","2598","0.6316602725001287","0.6316602725001287","0.6316602725001287","2549","2549","2549","0.8766802554617236","0.8766802554617236","0.8766802554617236","4313","4313","4313","0.8246139163630054","0.8246139163630054","0.8246139163630054","834","834","834","0.8211539231213443","0.8211539231213443","0.8211539231213443","4313","4313","4313","0.8004945340968246","0.8004945340968246","0.8004945340968246","834","834","834","0.7113916363005379","0.7113916363005379","0.7113916363005379","2598","2598","2598","0.6712588408167","0.6712588408167","0.6712588408167","2549","2549","2549","","","","","","","0.8502949852507373","0.8502949852507373","0.8502949852507373","834","834","834","","","","","","","0.7806691290401889","0.7806691290401889","0.7806691290401889","2549","2549","2549","","","","","","","","","","","","","","","","","","","","","","","","","0.8063508589276419","0.8063508589276419","0.8063508589276419","834","834","834","","","","","","","0.8904767894613462","0.8904767894613462","0.8904767894613462","4313","4313","4313","0.6093116598722692","0.6093116598722692","0.6093116598722692","2549","2549","2549","0.8414020475446816","0.8414020475446816","0.8414020475446816","834","834","834","","","","","","","0.7470711667876889","0.7470711667876889","0.7470711667876889","2549","2549","2549","","","","","",""
"49","0.760108691301837","0.760108691301837","0.760108691301837","4401","4401","4401","0.7120423390595176","0.7120423390595176","0.7120423390595176","851","851","851","0.550359064374296","0.550359064374296","0.550359064374296","2601","2601","2601","0.609968766267569","0.609968766267569","0.609968766267569","2651","2651","2651","0.7493276071490542","0.7493276071490542","0.7493276071490542","2651","2651","2651","0.6433999050880794","0.6433999050880794","0.6433999050880794","2601","2601","2601","0.8681724881217159","0.8681724881217159","0.8681724881217159","4401","4401","4401","0.836022904737116","0.836022904737116","0.836022904737116","851","851","851","0.8261146433084235","0.8261146433084235","0.8261146433084235","4401","4401","4401","0.788695124067326","0.788695124067326","0.788695124067326","851","851","851","0.7257070969980913","0.7257070969980913","0.7257070969980913","2651","2651","2651","0.6757371397206389","0.6757371397206389","0.6757371397206389","2601","2601","2601","","","","","","","0.8495141419399619","0.8495141419399619","0.8495141419399619","851","851","851","","","","","","","0.7780519042418769","0.7780519042418769","0.7780519042418769","2601","2601","2601","","","","","","","","","","","","","","","","","","","","","","","","","0.80170917924692","0.80170917924692","0.80170917924692","851","851","851","","","","","","","0.8891217216793691","0.8891217216793691","0.8891217216793691","4401","4401","4401","0.6154337646298721","0.6154337646298721","0.6154337646298721","2601","2601","2601","0.8222713864306785","0.8222713864306785","0.8222713864306785","851","851","851","","","","","","","0.7642532261476623","0.7642532261476623","0.7642532261476623","2601","2601","2601","","","","","",""
"50","0.7528402106358527","0.7528402106358527","0.7528402106358527","4489","4489","4489","0.7248828735033835","0.7248828735033835","0.7248828735033835","868","868","868","0.538808112110418","0.538808112110418","0.538808112110418","2653","2653","2653","0.6433715078951935","0.6433715078951935","0.6433715078951935","2704","2704","2704","","","","","","","0.6842749243849308","0.6842749243849308","0.6842749243849308","2653","2653","2653","","","","","","","0.8354155821620683","0.8354155821620683","0.8354155821620683","868","868","868","0.6863975780307492","0.6863975780307492","0.6863975780307492","4489","4489","4489","0.838452195037307","0.838452195037307","0.838452195037307","868","868","868","0.7151657123026202","0.7151657123026202","0.7151657123026202","2704","2704","2704","0.6741562273083321","0.6741562273083321","0.6741562273083321","2653","2653","2653","","","","","","","0.8508155474579213","0.8508155474579213","0.8508155474579213","868","868","868","","","","","","","0.7824308600963985","0.7824308600963985","0.7824308600963985","2653","2653","2653","","","","","","","","","","","","","","","","","","","","","","","","","0.8157209786569495","0.8157209786569495","0.8157209786569495","868","868","868","","","","","","","","","","","","","","","","","","","0.8507721672739893","0.8507721672739893","0.8507721672739893","868","868","868","","","","","","","0.7632404988021657","0.7632404988021657","0.7632404988021657","2653","2653","2653","","","","","",""
"51","0.7477401243003104","0.7477401243003104","0.7477401243003104","4577","4577","4577","0.6918271733472151","0.6918271733472151","0.6918271733472151","885","885","885","0.5451646378767174","0.5451646378767174","0.5451646378767174","2705","2705","2705","0.6612875238591012","0.6612875238591012","0.6612875238591012","2757","2757","2757","","","","","","","0.6848395359607544","0.6848395359607544","0.6848395359607544","2705","2705","2705","","","","","","","0.870596911330904","0.870596911330904","0.870596911330904","885","885","885","0.8218300276159384","0.8218300276159384","0.8218300276159384","4577","4577","4577","0.8249175776505293","0.8249175776505293","0.8249175776505293","885","885","885","0.7165972583723755","0.7165972583723755","0.7165972583723755","2757","2757","2757","0.6719978387526515","0.6719978387526515","0.6719978387526515","2705","2705","2705","","","","","","","0.8540256810688878","0.8540256810688878","0.8540256810688878","885","885","885","","","","","","","0.783580809495766","0.783580809495766","0.783580809495766","2705","2705","2705","","","","","","","","","","","","","","","","","","","","","","","","","0.791081034183585","0.791081034183585","0.791081034183585","885","885","885","","","","","","","","","","","","","","","","","","","0.814549713690786","0.814549713690786","0.814549713690786","885","885","885","","","","","","","0.7550536309527214","0.7550536309527214","0.7550536309527214","2705","2705","2705","","","","","",""
"52","0.7548427949845339","0.7548427949845339","0.7548427949845339","4665","4665","4665","0.6859274683324657","0.6859274683324657","0.6859274683324657","902","902","902","0.5395685509922871","0.5395685509922871","0.5395685509922871","2757","2757","2757","0.6436751691827174","0.6436751691827174","0.6436751691827174","2810","2810","2810","","","","","","","0.6914076123934385","0.6914076123934385","0.6914076123934385","2757","2757","2757","","","","","","","0.8826566024639944","0.8826566024639944","0.8826566024639944","902","902","902","0.8018956654983733","0.8018956654983733","0.8018956654983733","4665","4665","4665","0.8193649141072359","0.8193649141072359","0.8193649141072359","902","902","902","0.7212823182370294","0.7212823182370294","0.7212823182370294","2810","2810","2810","0.6755141538830982","0.6755141538830982","0.6755141538830982","2757","2757","2757","","","","","","","0.8496659725837238","0.8496659725837238","0.8496659725837238","902","902","902","","","","","","","0.7850102058902566","0.7850102058902566","0.7850102058902566","2757","2757","2757","","","","","","","","","","","","","","","","","","","","","","","","","0.8018393197987159","0.8018393197987159","0.8018393197987159","902","902","902","","","","","","","","","","","","","","","","","","","0.8515963907686969","0.8515963907686969","0.8515963907686969","902","902","902","","","","","","","0.7582304644394765","0.7582304644394765","0.7582304644394765","2757","2757","2757","","","","","",""
"53","0.7543224946969392","0.7543224946969392","0.7543224946969392","4753","4753","4753","0.7998438313378449","0.7998438313378449","0.7998438313378449","919","919","919","0.5252560048942533","0.5252560048942533","0.5252560048942533","2809","2809","2809","0.665972583723755","0.665972583723755","0.665972583723755","2863","2863","2863","","","","","","","0.7111926025877793","0.7111926025877793","0.7111926025877793","2809","2809","2809","","","","","","","0.8884261669269478","0.8884261669269478","0.8884261669269478","919","919","919","0.77060760781937","0.77060760781937","0.77060760781937","4753","4753","4753","0.797501301405518","0.797501301405518","0.797501301405518","919","919","919","0.7027589796980739","0.7027589796980739","0.7027589796980739","2863","2863","2863","0.6922245124328898","0.6922245124328898","0.6922245124328898","2809","2809","2809","","","","","","","0.8524423043553705","0.8524423043553705","0.8524423043553705","919","919","919","","","","","","","0.7801959988336126","0.7801959988336126","0.7801959988336126","2809","2809","2809","","","","","","","","","","","","","","","","","","","","","","","","","0.7982821447162936","0.7982821447162936","0.7982821447162936","919","919","919","","","","","","","","","","","","","","","","","","","0.8443519000520562","0.8443519000520562","0.8443519000520562","919","919","919","","","","","","","0.7398055449144936","0.7398055449144936","0.7398055449144936","2809","2809","2809","","","","","",""
"54","0.7703931983601965","0.7703931983601965","0.7703931983601965","4841","4841","4841","0.7349036959916709","0.7349036959916709","0.7349036959916709","936","936","936","0.5260736196319018","0.5260736196319018","0.5260736196319018","2861","2861","2861","0.6630661114003122","0.6630661114003122","0.6630661114003122","2916","2916","2916","","","","","","","0.7318895476818049","0.7318895476818049","0.7318895476818049","2861","2861","2861","","","","","","","0.8484296373416622","0.8484296373416622","0.8484296373416622","936","936","936","0.7907192150898519","0.7907192150898519","0.7907192150898519","4841","4841","4841","0.8076956446295332","0.8076956446295332","0.8076956446295332","936","936","936","0.7071403782752039","0.7071403782752039","0.7071403782752039","2916","2916","2916","0.6668019828586784","0.6668019828586784","0.6668019828586784","2861","2861","2861","","","","","","","0.8560211695297588","0.8560211695297588","0.8560211695297588","936","936","936","","","","","","","0.7679360659580672","0.7679360659580672","0.7679360659580672","2861","2861","2861","","","","","","","","","","","","","","","","","","","","","","","","","0.8072618427902134","0.8072618427902134","0.8072618427902134","936","936","936","","","","","","","","","","","","","","","","","","","0.8543727225403435","0.8543727225403435","0.8543727225403435","936","936","936","","","","","","","0.742671484685447","0.742671484685447","0.742671484685447","2861","2861","2861","","","","","",""
"55","0.7514265376017016","0.7514265376017016","0.7514265376017016","4929","4929","4929","0.7771126149574874","0.7771126149574874","0.7771126149574874","953","953","953","0.5297200098342472","0.5297200098342472","0.5297200098342472","2913","2913","2913","0.6548238764532361","0.6548238764532361","0.6548238764532361","2969","2969","2969","","","","","","","0.6912167879747739","0.6912167879747739","0.6912167879747739","2913","2913","2913","","","","","","","0.8258285615131008","0.8258285615131008","0.8258285615131008","953","953","953","0.7990197199526584","0.7990197199526584","0.7990197199526584","4929","4929","4929","0.801795939614784","0.801795939614784","0.801795939614784","953","953","953","0.68974492451848","0.68974492451848","0.68974492451848","2969","2969","2969","0.6727968713371718","0.6727968713371718","0.6727968713371718","2913","2913","2913","","","","","","","0.8525507548152004","0.8525507548152004","0.8525507548152004","953","953","953","","","","","","","0.7797457389693481","0.7797457389693481","0.7797457389693481","2913","2913","2913","","","","","","","","","","","","","","","","","","","","","","","","","0.8095609925386084","0.8095609925386084","0.8095609925386084","953","953","953","","","","","","","","","","","","","","","","","","","0.849080340100642","0.849080340100642","0.849080340100642","953","953","953","","","","","","","0.7515194483673434","0.7515194483673434","0.7515194483673434","2913","2913","2913","","","","","",""
"56","0.7489751227851502","0.7489751227851502","0.7489751227851502","5017","5017","5017","0.7776331771646712","0.7776331771646712","0.7776331771646712","970","970","970","0.5314595852463422","0.5314595852463422","0.5314595852463422","2965","2965","2965","0.6341749089016138","0.6341749089016138","0.6341749089016138","3022","3022","3022","","","","","","","0.6863661313100705","0.6863661313100705","0.6863661313100705","2965","2965","2965","","","","","","","0.866389033489502","0.866389033489502","0.866389033489502","970","970","970","0.8295559151281596","0.8295559151281596","0.8295559151281596","5017","5017","5017","0.8198854763144197","0.8198854763144197","0.8198854763144197","970","970","970","0.6859708485163979","0.6859708485163979","0.6859708485163979","3022","3022","3022","0.685073956969451","0.685073956969451","0.685073956969451","2965","2965","2965","","","","","","","0.851292729481173","0.851292729481173","0.851292729481173","970","970","970","","","","","","","0.7846843035123129","0.7846843035123129","0.7846843035123129","2965","2965","2965","","","","","","","","","","","","","","","","","","","","","","","","","0.8041384695471109","0.8041384695471109","0.8041384695471109","970","970","970","","","","","","","","","","","","","","","","","","","0.8616172132569843","0.8616172132569843","0.8616172132569843","970","970","970","","","","","","","0.7497941669191934","0.7497941669191934","0.7497941669191934","2965","2965","2965","","","","","",""
"57","0.7577273169086158","0.7577273169086158","0.7577273169086158","5105","5105","5105","0.7441870553531147","0.7441870553531147","0.7441870553531147","987","987","987","0.5283906711873709","0.5283906711873709","0.5283906711873709","3017","3017","3017","0.6425472844004858","0.6425472844004858","0.6425472844004858","3075","3075","3075","","","","","","","0.7014591278394959","0.7014591278394959","0.7014591278394959","3017","3017","3017","","","","","","","0.8701631094915843","0.8701631094915843","0.8701631094915843","987","987","987","0.8225876077050183","0.8225876077050183","0.8225876077050183","5105","5105","5105","0.812510845045983","0.812510845045983","0.812510845045983","987","987","987","0.709092486552143","0.709092486552143","0.709092486552143","3075","3075","3075","0.6405725590197772","0.6405725590197772","0.6405725590197772","3017","3017","3017","","","","","","","0.8508155474579212","0.8508155474579212","0.8508155474579212","987","987","987","","","","","","","0.7816904327640525","0.7816904327640525","0.7816904327640525","3017","3017","3017","","","","","","","","","","","","","","","","","","","","","","","","","0.8107756376887038","0.8107756376887038","0.8107756376887038","987","987","987","","","","","","","","","","","","","","","","","","","0.8457400659378796","0.8457400659378796","0.8457400659378796","987","987","987","","","","","","","0.7420511266502382","0.7420511266502382","0.7420511266502382","3017","3017","3017","","","","","",""
"58","0.762538665172471","0.762538665172471","0.762538665172471","5193","5193","5193","0.6942998438313378","0.6942998438313378","0.6942998438313378","1004","1004","1004","0.5340939628013882","0.5340939628013882","0.5340939628013882","3069","3069","3069","0.6333073052229741","0.6333073052229741","0.6333073052229741","3128","3128","3128","","","","","","","0.6899138931611959","0.6899138931611959","0.6899138931611959","3069","3069","3069","","","","","","","0.8812684365781711","0.8812684365781711","0.8812684365781711","1004","1004","1004","0.8172345182076513","0.8172345182076513","0.8172345182076513","5193","5193","5193","0.7837497830990804","0.7837497830990804","0.7837497830990804","1004","1004","1004","0.6954711087975013","0.6954711087975013","0.6954711087975013","3128","3128","3128","0.6758715029817208","0.6758715029817208","0.6758715029817208","3069","3069","3069","","","","","","","0.857626236335242","0.857626236335242","0.857626236335242","1004","1004","1004","","","","","","","0.7813473776293746","0.7813473776293746","0.7813473776293746","3069","3069","3069","","","","","","","","","","","","","","","","","","","","","","","","","0.8107322575047718","0.8107322575047718","0.8107322575047718","1004","1004","1004","","","","","","","","","","","","","","","","","","","0.8547197640117994","0.8547197640117994","0.8547197640117994","1004","1004","1004","","","","","","","0.7503301905671274","0.7503301905671274","0.7503301905671274","3069","3069","3069","","","","","",""
"59","0.7569282843240958","0.7569282843240958","0.7569282843240958","5281","5281","5281","0.6790733992712129","0.6790733992712129","0.6790733992712129","1021","1021","1021","0.5162379430414125","0.5162379430414125","0.5162379430414125","3121","3121","3121","0.6942998438313379","0.6942998438313379","0.6942998438313379","3181","3181","3181","","","","","","","0.7090806694149194","0.7090806694149194","0.7090806694149194","3121","3121","3121","","","","","","","0.8762363352420615","0.8762363352420615","0.8762363352420615","1021","1021","1021","0.8231736602267595","0.8231736602267595","0.8231736602267595","5281","5281","5281","0.8144195731389902","0.8144195731389902","0.8144195731389902","1021","1021","1021","0.7292208918965817","0.7292208918965817","0.7292208918965817","3181","3181","3181","0.6392189206341945","0.6392189206341945","0.6392189206341945","3121","3121","3121","","","","","","","0.8503383654346695","0.8503383654346695","0.8503383654346695","1021","1021","1021","","","","","","","0.7817847729260887","0.7817847729260887","0.7817847729260887","3121","3121","3121","","","","","","","","","","","","","","","","","","","","","","","","","0.8182370293250044","0.8182370293250044","0.8182370293250044","1021","1021","1021","","","","","","","","","","","","","","","","","","","0.8429203539823009","0.8429203539823009","0.8429203539823009","1021","1021","1021","","","","","","","0.7510899147507991","0.7510899147507991","0.7510899147507991","3121","3121","3121","","","","","",""
"60","0.7572198811885718","0.7572198811885718","0.7572198811885718","5369","5369","5369","0.65950893631789","0.65950893631789","0.65950893631789","1038","1038","1038","0.4992788695189795","0.4992788695189795","0.4992788695189795","3173","3173","3173","0.700503210133611","0.700503210133611","0.700503210133611","3234","3234","3234","","","","","","","0.6808915431191717","0.6808915431191717","0.6808915431191717","3173","3173","3173","","","","","","","0.8651310081554745","0.8651310081554745","0.8651310081554745","1038","1038","1038","0.8195630049342764","0.8195630049342764","0.8195630049342764","5369","5369","5369","0.7968939788304702","0.7968939788304702","0.7968939788304702","1038","1038","1038","0.7260975186534792","0.7260975186534792","0.7260975186534792","3234","3234","3234","0.6800267583005049","0.6800267583005049","0.6800267583005049","3173","3173","3173","","","","","","","0.8581901787263577","0.8581901787263577","0.8581901787263577","1038","1038","1038","","","","","","","0.7846471392060561","0.7846471392060561","0.7846471392060561","3173","3173","3173","","","","","","","","","","","","","","","","","","","","","","","","","0.8212736422002429","0.8212736422002429","0.8212736422002429","1038","1038","1038","","","","","","","","","","","","","","","","","","","0.8655214298108624","0.8655214298108624","0.8655214298108624","1038","1038","1038","","","","","","","0.7423727408389985","0.7423727408389985","0.7423727408389985","3173","3173","3173","","","","","",""
"61","0.7626201407669569","0.7626201407669569","0.7626201407669569","5457","5457","5457","0.6752559430851987","0.6752559430851987","0.6752559430851987","1055","1055","1055","0.5081003893675778","0.5081003893675778","0.5081003893675778","3225","3225","3225","0.6369078604893285","0.6369078604893285","0.6369078604893285","3287","3287","3287","","","","","","","0.7212248211825109","0.7212248211825109","0.7212248211825109","3225","3225","3225","","","","","","","0.8574960957834461","0.8574960957834461","0.8574960957834461","1055","1055","1055","0.808130692571141","0.808130692571141","0.808130692571141","5457","5457","5457","0.8348950199548847","0.8348950199548847","0.8348950199548847","1055","1055","1055","0.7060992538608364","0.7060992538608364","0.7060992538608364","3287","3287","3287","0.7000368784269778","0.7000368784269778","0.7000368784269778","3225","3225","3225","","","","","","","0.8519868124240847","0.8519868124240847","0.8519868124240847","1055","1055","1055","","","","","","","0.7690638597133203","0.7690638597133203","0.7690638597133203","3225","3225","3225","","","","","","","","","","","","","","","","","","","","","","","","","0.8194516744750998","0.8194516744750998","0.8194516744750998","1055","1055","1055","","","","","","","","","","","","","","","","","","","0.838365434669443","0.838365434669443","0.838365434669443","1055","1055","1055","","","","","","","0.7452594068576721","0.7452594068576721","0.7452594068576721","3225","3225","3225","","","","","",""
"62","0.7630017896042859","0.7630017896042859","0.7630017896042859","5545","5545","5545","0.7331251084504599","0.7331251084504599","0.7331251084504599","1072","1072","1072","0.5024785733480466","0.5024785733480466","0.5024785733480466","3277","3277","3277","0.6464081207704322","0.6464081207704322","0.6464081207704322","3340","3340","3340","","","","","","","0.678129949285016","0.678129949285016","0.678129949285016","3277","3277","3277","","","","","","","0.8695557869165365","0.8695557869165365","0.8695557869165365","1072","1072","1072","0.8236953899107483","0.8236953899107483","0.8236953899107483","5545","5545","5545","0.8036179073399271","0.8036179073399271","0.8036179073399271","1072","1072","1072","0.7377667881311817","0.7377667881311817","0.7377667881311817","3340","3340","3340","0.6564002652959708","0.6564002652959708","0.6564002652959708","3277","3277","3277","","","","","","","0.8565417317369426","0.8565417317369426","0.8565417317369426","1072","1072","1072","","","","","","","0.7800673531581084","0.7800673531581084","0.7800673531581084","3277","3277","3277","","","","","","","","","","","","","","","","","","","","","","","","","0.8232691306611141","0.8232691306611141","0.8232691306611141","1072","1072","1072","","","","","","","","","","","","","","","","","","","0.8657383307305223","0.8657383307305223","0.8657383307305223","1072","1072","1072","","","","","","","0.7572012990354433","0.7572012990354433","0.7572012990354433","3277","3277","3277","","","","","",""
"63","0.7572784864407458","0.7572784864407458","0.7572784864407458","5633","5633","5633","0.7074874197466597","0.7074874197466597","0.7074874197466597","1089","1089","1089","0.4961663588699764","0.4961663588699764","0.4961663588699764","3329","3329","3329","0.6696165191740413","0.6696165191740413","0.6696165191740413","3393","3393","3393","","","","","","","0.650852777888953","0.650852777888953","0.650852777888953","3329","3329","3329","","","","","","","0.8698594482040605","0.8698594482040605","0.8698594482040605","1089","1089","1089","0.8374619065860868","0.8374619065860868","0.8374619065860868","5633","5633","5633","0.8102116952975882","0.8102116952975882","0.8102116952975882","1089","1089","1089","0.6520258545896235","0.6520258545896235","0.6520258545896235","3393","3393","3393","0.6461986632284918","0.6461986632284918","0.6461986632284918","3329","3329","3329","","","","","","","0.8567152524726704","0.8567152524726704","0.8567152524726704","1089","1089","1089","","","","","","","0.7788695189795252","0.7788695189795252","0.7788695189795252","3329","3329","3329","","","","","","","","","","","","","","","","","","","","","","","","","0.8282144716293597","0.8282144716293597","0.8282144716293597","1089","1089","1089","","","","","","","","","","","","","","","","","","","0.8752385910116259","0.8752385910116259","0.8752385910116259","1089","1089","1089","","","","","","","0.7545697802731862","0.7545697802731862","0.7545697802731862","3329","3329","3329","","","","","",""
"64","0.7501372220538711","0.7501372220538711","0.7501372220538711","5721","5721","5721","0.8272601075828561","0.8272601075828561","0.8272601075828561","1106","1106","1106","0.4901200121212814","0.4901200121212814","0.4901200121212814","3381","3381","3381","0.6594221759500261","0.6594221759500261","0.6594221759500261","3446","3446","3446","","","","","","","0.6477795756407985","0.6477795756407985","0.6477795756407985","3381","3381","3381","","","","","","","0.8830470241193823","0.8830470241193823","0.8830470241193823","1106","1106","1106","0.8303149246136341","0.8303149246136341","0.8303149246136341","5721","5721","5721","0.8043553704667707","0.8043553704667707","0.8043553704667707","1106","1106","1106","0.698377581120944","0.698377581120944","0.698377581120944","3446","3446","3446","0.6570163351419962","0.6570163351419962","0.6570163351419962","3381","3381","3381","","","","","","","0.8538087801492278","0.8538087801492278","0.8538087801492278","1106","1106","1106","","","","","","","0.7785557664709347","0.7785557664709347","0.7785557664709347","3381","3381","3381","","","","","","","","","","","","","","","","","","","","","","","","","0.8268696859274683","0.8268696859274683","0.8268696859274683","1106","1106","1106","","","","","","","","","","","","","","","","","","","0.8702498698594483","0.8702498698594483","0.8702498698594483","1106","1106","1106","","","","","","","0.7524085329247167","0.7524085329247167","0.7524085329247167","3381","3381","3381","","","","","",""
"65","0.7612522084174295","0.7612522084174295","0.7612522084174295","5809","5809","5809","0.7068367169876799","0.7068367169876799","0.7068367169876799","1123","1123","1123","0.5040794973098759","0.5040794973098759","0.5040794973098759","3433","3433","3433","0.646451500954364","0.646451500954364","0.646451500954364","3499","3499","3499","","","","","","","0.6594620323729695","0.6594620323729695","0.6594620323729695","3433","3433","3433","","","","","","","0.8907253166753426","0.8907253166753426","0.8907253166753426","1123","1123","1123","0.8340127730861812","0.8340127730861812","0.8340127730861812","5809","5809","5809","0.7992365087627972","0.7992365087627972","0.7992365087627972","1123","1123","1123","0.7273555439875066","0.7273555439875066","0.7273555439875066","3499","3499","3499","0.6447635492484234","0.6447635492484234","0.6447635492484234","3433","3433","3433","","","","","","","0.8553270865868472","0.8553270865868472","0.8553270865868472","1123","1123","1123","","","","","","","0.7758499190961641","0.7758499190961641","0.7758499190961641","3433","3433","3433","","","","","","","","","","","","","","","","","","","","","","","","","0.831901787263578","0.831901787263578","0.831901787263578","1123","1123","1123","","","","","","","","","","","","","","","","","","","0.8584504598299497","0.8584504598299497","0.8584504598299497","1123","1123","1123","","","","","","","0.7501529454142105","0.7501529454142105","0.7501529454142105","3433","3433","3433","","","","","",""
"66","0.752025454690993","0.752025454690993","0.752025454690993","5897","5897","5897","0.7905604719764012","0.7905604719764012","0.7905604719764012","1140","1140","1140","0.509744195221242","0.509744195221242","0.509744195221242","3485","3485","3485","0.6558216206836717","0.6558216206836717","0.6558216206836717","3552","3552","3552","","","","","","","0.6691590575131933","0.6691590575131933","0.6691590575131933","3485","3485","3485","","","","","","","0.8852160333159813","0.8852160333159813","0.8852160333159813","1140","1140","1140","0.7965640169469236","0.7965640169469236","0.7965640169469236","5897","5897","5897","0.7991497483949332","0.7991497483949332","0.7991497483949332","1140","1140","1140","0.7231042859621725","0.7231042859621725","0.7231042859621725","3552","3552","3552","0.6599723268858027","0.6599723268858027","0.6599723268858027","3485","3485","3485","","","","","","","0.8566284921048065","0.8566284921048065","0.8566284921048065","1140","1140","1140","","","","","","","0.7768097587750644","0.7768097587750644","0.7768097587750644","3485","3485","3485","","","","","","","","","","","","","","","","","","","","","","","","","0.8250043380183932","0.8250043380183932","0.8250043380183932","1140","1140","1140","","","","","","","","","","","","","","","","","","","0.8540256810688878","0.8540256810688878","0.8540256810688878","1140","1140","1140","","","","","","","0.7598442529688564","0.7598442529688564","0.7598442529688564","3485","3485","3485","","","","","",""
"67","0.7713952052327342","0.7713952052327342","0.7713952052327342","5985","5985","5985","0.7178119035224709","0.7178119035224709","0.7178119035224709","1157","1157","1157","0.508013196187514","0.508013196187514","0.508013196187514","3537","3537","3537","0.6456272774596564","0.6456272774596564","0.6456272774596564","3605","3605","3605","","","","","","","0.6688245787568825","0.6688245787568825","0.6688245787568825","3537","3537","3537","","","","","","","0.8981433281277112","0.8981433281277112","0.8981433281277112","1157","1157","1157","0.8233980754606945","0.8233980754606945","0.8233980754606945","5985","5985","5985","0.8156342182890857","0.8156342182890857","0.8156342182890857","1157","1157","1157","0.7110445948290821","0.7110445948290821","0.7110445948290821","3605","3605","3605","0.6601066901468848","0.6601066901468848","0.6601066901468848","3537","3537","3537","","","","","","","0.8564766614610446","0.8564766614610446","0.8564766614610446","1157","1157","1157","","","","","","","0.7811472621341461","0.7811472621341461","0.7811472621341461","3537","3537","3537","","","","","","","","","","","","","","","","","","","","","","","","","0.8270432066631963","0.8270432066631963","0.8270432066631963","1157","1157","1157","","","","","","","","","","","","","","","","","","","0.8604893284747528","0.8604893284747528","0.8604893284747528","1157","1157","1157","","","","","","","0.7608362540666327","0.7608362540666327","0.7608362540666327","3537","3537","3537","","","","","",""
"68","0.7629045906494606","0.7629045906494606","0.7629045906494606","6073","6073","6073","0.6909595696685754","0.6909595696685754","0.6909595696685754","1174","1174","1174","0.49992138319830304","0.49992138319830304","0.49992138319830304","3589","3589","3589","0.6256723928509457","0.6256723928509457","0.6256723928509457","3658","3658","3658","","","","","","","0.6747565737940183","0.6747565737940183","0.6747565737940183","3589","3589","3589","","","","","","","0.8887298282144716","0.8887298282144716","0.8887298282144716","1174","1174","1174","0.8422532433004191","0.8422532433004191","0.8422532433004191","6073","6073","6073","0.7911677945514489","0.7911677945514489","0.7911677945514489","1174","1174","1174","0.7195471108797501","0.7195471108797501","0.7195471108797501","3658","3658","3658","0.6617876603068056","0.6617876603068056","0.6617876603068056","3589","3589","3589","","","","","","","0.8551969460350513","0.8551969460350513","0.8551969460350513","1174","1174","1174","","","","","","","0.7811115272242837","0.7811115272242837","0.7811115272242837","3589","3589","3589","","","","","","","","","","","","","","","","","","","","","","","","","0.8187575915321882","0.8187575915321882","0.8187575915321882","1174","1174","1174","","","","","","","","","","","","","","","","","","","0.8545028630921396","0.8545028630921396","0.8545028630921396","1174","1174","1174","","","","","","","0.7600550889370438","0.7600550889370438","0.7600550889370438","3589","3589","3589","","","","","",""
"69","0.7609463175890085","0.7609463175890085","0.7609463175890085","6161","6161","6161","0.7446642373763664","0.7446642373763664","0.7446642373763664","1191","1191","1191","0.5309092676344633","0.5309092676344633","0.5309092676344633","3641","3641","3641","0.6382092660072879","0.6382092660072879","0.6382092660072879","3711","3711","3711","","","","","","","0.6928098502564337","0.6928098502564337","0.6928098502564337","3641","3641","3641","","","","","","","0.8657817109144542","0.8657817109144542","0.8657817109144542","1191","1191","1191","0.8191827854933419","0.8191827854933419","0.8191827854933419","6161","6161","6161","0.7797588061773382","0.7797588061773382","0.7797588061773382","1191","1191","1191","0.7335589102897796","0.7335589102897796","0.7335589102897796","3711","3711","3711","0.6802583205164123","0.6802583205164123","0.6802583205164123","3641","3641","3641","","","","","","","0.8553053964948811","0.8553053964948811","0.8553053964948811","1191","1191","1191","","","","","","","0.7771599608917146","0.7771599608917146","0.7771599608917146","3641","3641","3641","","","","","","","","","","","","","","","","","","","","","","","","","0.8264792642720805","0.8264792642720805","0.8264792642720805","1191","1191","1191","","","","","","","","","","","","","","","","","","","0.8630487593267395","0.8630487593267395","0.8630487593267395","1191","1191","1191","","","","","","","0.7554224152224999","0.7554224152224999","0.7554224152224999","3641","3641","3641","","","","","",""
"70","0.7603945705807352","0.7603945705807352","0.7603945705807352","6249","6249","6249","0.6589016137428423","0.6589016137428423","0.6589016137428423","1208","1208","1208","0.5105518041841292","0.5105518041841292","0.5105518041841292","3693","3693","3693","0.6119642547284401","0.6119642547284401","0.6119642547284401","3764","3764","3764","","","","","","","0.7106572936380425","0.7106572936380425","0.7106572936380425","3693","3693","3693","","","","","","","0.8420093701197293","0.8420093701197293","0.8420093701197293","1208","1208","1208","0.8287082830662268","0.8287082830662268","0.8287082830662268","6249","6249","6249","0.8148967551622418","0.8148967551622418","0.8148967551622418","1208","1208","1208","0.7060558736769044","0.7060558736769044","0.7060558736769044","3764","3764","3764","0.6669191933630266","0.6669191933630266","0.6669191933630266","3693","3693","3693","","","","","","","0.8575611660593441","0.8575611660593441","0.8575611660593441","1208","1208","1208","","","","","","","0.7773486412157874","0.7773486412157874","0.7773486412157874","3693","3693","3693","","","","","","","","","","","","","","","","","","","","","","","","","0.8194516744750998","0.8194516744750998","0.8194516744750998","1208","1208","1208","","","","","","","","","","","","","","","","","","","0.872722540343571","0.872722540343571","0.872722540343571","1208","1208","1208","","","","","","","0.7527601644377614","0.7527601644377614","0.7527601644377614","3693","3693","3693","","","","","",""
"71","0.7631375822617625","0.7631375822617625","0.7631375822617625","6337","6337","6337","0.7611920874544509","0.7611920874544509","0.7611920874544509","1225","1225","1225","0.5189337846414216","0.5189337846414216","0.5189337846414216","3745","3745","3745","0.640291514836023","0.640291514836023","0.640291514836023","3817","3817","3817","","","","","","","0.6632156273049017","0.6632156273049017","0.6632156273049017","3745","3745","3745","","","","","","","0.8463473885129273","0.8463473885129273","0.8463473885129273","1225","1225","1225","0.816429768037553","0.816429768037553","0.816429768037553","6337","6337","6337","0.7467898663890334","0.7467898663890334","0.7467898663890334","1225","1225","1225","0.7231910463300365","0.7231910463300365","0.7231910463300365","3817","3817","3817","0.6579354370236536","0.6579354370236536","0.6579354370236536","3745","3745","3745","","","","","","","0.8553487766788131","0.8553487766788131","0.8553487766788131","1225","1225","1225","","","","","","","0.7853453993447648","0.7853453993447648","0.7853453993447648","3745","3745","3745","","","","","","","","","","","","","","","","","","","","","","","","","0.8385823355891029","0.8385823355891029","0.8385823355891029","1225","1225","1225","","","","","","","","","","","","","","","","","","","0.8647405865000868","0.8647405865000868","0.8647405865000868","1225","1225","1225","","","","","","","0.7530203145815585","0.7530203145815585","0.7530203145815585","3745","3745","3745","","","","","",""
"72","0.7560792228657683","0.7560792228657683","0.7560792228657683","6425","6425","6425","0.6947336456706577","0.6947336456706577","0.6947336456706577","1242","1242","1242","0.5195841600009149","0.5195841600009149","0.5195841600009149","3797","3797","3797","0.6234166232864827","0.6234166232864827","0.6234166232864827","3870","3870","3870","","","","","","","0.6649366205638683","0.6649366205638683","0.6649366205638683","3797","3797","3797","","","","","","","0.8468679507201111","0.8468679507201111","0.8468679507201111","1242","1242","1242","0.8292614594708946","0.8292614594708946","0.8292614594708946","6425","6425","6425","0.7984990456359535","0.7984990456359535","0.7984990456359535","1242","1242","1242","0.6959482908207532","0.6959482908207532","0.6959482908207532","3870","3870","3870","0.6998953681839233","0.6998953681839233","0.6998953681839233","3797","3797","3797","","","","","","","0.844785701891376","0.844785701891376","0.844785701891376","1242","1242","1242","","","","","","","0.7788688042813281","0.7788688042813281","0.7788688042813281","3797","3797","3797","","","","","","","","","","","","","","","","","","","","","","","","","0.8360662849210481","0.8360662849210481","0.8360662849210481","1242","1242","1242","","","","","","","","","","","","","","","","","","","0.8745445080687141","0.8745445080687141","0.8745445080687141","1242","1242","1242","","","","","","","0.7434505057204444","0.7434505057204444","0.7434505057204444","3797","3797","3797","","","","","",""
"73","0.765292397326457","0.765292397326457","0.765292397326457","6513","6513","6513","0.7767221933020997","0.7767221933020997","0.7767221933020997","1259","1259","1259","0.5244741250664671","0.5244741250664671","0.5244741250664671","3849","3849","3849","0.6632396321360403","0.6632396321360403","0.6632396321360403","3923","3923","3923","","","","","","","0.652670970102745","0.652670970102745","0.652670970102745","3849","3849","3849","","","","","","","0.864436925212563","0.864436925212563","0.864436925212563","1259","1259","1259","0.8371903212711336","0.8371903212711336","0.8371903212711336","6513","6513","6513","0.803878188443519","0.803878188443519","0.803878188443519","1259","1259","1259","0.6641072358146799","0.6641072358146799","0.6641072358146799","3923","3923","3923","0.6894500540311838","0.6894500540311838","0.6894500540311838","3849","3849","3849","","","","","","","0.8579515877147318","0.8579515877147318","0.8579515877147318","1259","1259","1259","","","","","","","0.7812923458681867","0.7812923458681867","0.7812923458681867","3849","3849","3849","","","","","","","","","","","","","","","","","","","","","","","","","0.8275203886864481","0.8275203886864481","0.8275203886864481","1259","1259","1259","","","","","","","","","","","","","","","","","","","0.8666926947770257","0.8666926947770257","0.8666926947770257","1259","1259","1259","","","","","","","0.7571283998193242","0.7571283998193242","0.7571283998193242","3849","3849","3849","","","","","",""
"74","0.7683505909124695","0.7683505909124695","0.7683505909124695","6601","6601","6601","0.7814940135346174","0.7814940135346174","0.7814940135346174","1276","1276","1276","0.5234449596624338","0.5234449596624338","0.5234449596624338","3901","3901","3901","0.5639857712996702","0.5639857712996702","0.5639857712996702","3976","3976","3976","","","","","","","0.639630586795808","0.639630586795808","0.639630586795808","3901","3901","3901","","","","","","","0.8714645150095437","0.8714645150095437","0.8714645150095437","1276","1276","1276","0.819576584200024","0.819576584200024","0.819576584200024","6601","6601","6601","0.8112961998958874","0.8112961998958874","0.8112961998958874","1276","1276","1276","0.6864046503557175","0.6864046503557175","0.6864046503557175","3976","3976","3976","0.6730956151836203","0.6730956151836203","0.6730956151836203","3901","3901","3901","","","","","","","0.855717508242235","0.855717508242235","0.855717508242235","1276","1276","1276","","","","","","","0.7701759301082339","0.7701759301082339","0.7701759301082339","3901","3901","3901","","","","","","","","","","","","","","","","","","","","","","","","","0.8283012319972237","0.8283012319972237","0.8283012319972237","1276","1276","1276","","","","","","","","","","","","","","","","","","","0.8614436925212563","0.8614436925212563","0.8614436925212563","1276","1276","1276","","","","","","","0.7569540134591966","0.7569540134591966","0.7569540134591966","3901","3901","3901","","","","","",""
"75","0.7781791205209864","0.7781791205209864","0.7781791205209864","6689","6689","6689","0.7673954537567238","0.7673954537567238","0.7673954537567238","1293","1293","1293","0.5189437904161831","0.5189437904161831","0.5189437904161831","3953","3953","3953","0.5979958355023425","0.5979958355023425","0.5979958355023425","4029","4029","4029","","","","","","","0.6545649203254451","0.6545649203254451","0.6545649203254451","3953","3953","3953","","","","","","","0.8747614089883742","0.8747614089883742","0.8747614089883742","1293","1293","1293","0.8220315725075614","0.8220315725075614","0.8220315725075614","6689","6689","6689","0.795288912024987","0.795288912024987","0.795288912024987","1293","1293","1293","0.7043640465035571","0.7043640465035571","0.7043640465035571","4029","4029","4029","0.6493240384450455","0.6493240384450455","0.6493240384450455","3953","3953","3953","","","","","","","","","","","","","","","","","","","","","","","","","","","","","","","","","","","","","","","","","","","","","","","","","0.8289085545722714","0.8289085545722714","0.8289085545722714","1293","1293","1293","","","","","","","","","","","","","","","","","","","","","","","","","","","","","","","","","","","","","","","","","",""
"76","0.7655032332946444","0.7655032332946444","0.7655032332946444","6777","6777","6777","0.7724275550928336","0.7724275550928336","0.7724275550928336","1310","1310","1310","0.5249544022550158","0.5249544022550158","0.5249544022550158","4005","4005","4005","0.6080166579906299","0.6080166579906299","0.6080166579906299","4082","4082","4082","","","","","","","0.6719406628968719","0.6719406628968719","0.6719406628968719","4005","4005","4005","","","","","","","0.8677338191913933","0.8677338191913933","0.8677338191913933","1310","1310","1310","0.8182150841342718","0.8182150841342718","0.8182150841342718","6777","6777","6777","0.7709526288391463","0.7709526288391463","0.7709526288391463","1310","1310","1310","0.7252732951587715","0.7252732951587715","0.7252732951587715","4082","4082","4082","0.6752439979645395","0.6752439979645395","0.6752439979645395","4005","4005","4005","","","","","","","","","","","","","","","","","","","","","","","","","","","","","","","","","","","","","","","","","","","","","","","","","0.8296893978830471","0.8296893978830471","0.8296893978830471","1310","1310","1310","","","","","","","","","","","","","","","","","","","","","","","","","","","","","","","","","","","","","","","","","",""
"77","0.760799089760376","0.760799089760376","0.760799089760376","6865","6865","6865","0.782274856845393","0.782274856845393","0.782274856845393","1327","1327","1327","0.5258020343169486","0.5258020343169486","0.5258020343169486","4057","4057","4057","0.6719156689224361","0.6719156689224361","0.6719156689224361","4135","4135","4135","","","","","","","0.6713188754652686","0.6713188754652686","0.6713188754652686","4057","4057","4057","","","","","","","0.8825264619121985","0.8825264619121985","0.8825264619121985","1327","1327","1327","0.8251776739718352","0.8251776739718352","0.8251776739718352","6865","6865","6865","0.7906472323442651","0.7906472323442651","0.7906472323442651","1327","1327","1327","0.7255335762623634","0.7255335762623634","0.7255335762623634","4135","4135","4135","0.7088340985368697","0.7088340985368697","0.7088340985368697","4057","4057","4057","","","","","","","","","","","","","","","","","","","","","","","","","","","","","","","","","","","","","","","","","","","","","","","","","0.827477008502516","0.827477008502516","0.827477008502516","1327","1327","1327","","","","","","","","","","","","","","","","","","","","","","","","","","","","","","","","","","","","","","","","","",""
"78","0.7738208909141849","0.7738208909141849","0.7738208909141849","6953","6953","6953","0.7091792469200069","0.7091792469200069","0.7091792469200069","1344","1344","1344","0.5272257131258612","0.5272257131258612","0.5272257131258612","4109","4109","4109","0.6127884782231476","0.6127884782231476","0.6127884782231476","4188","4188","4188","","","","","","","0.6716104723297447","0.6716104723297447","0.6716104723297447","4109","4109","4109","","","","","","","0.8655648099947943","0.8655648099947943","0.8655648099947943","1344","1344","1344","0.8182065077559049","0.8182065077559049","0.8182065077559049","6953","6953","6953","0.8154606975533576","0.8154606975533576","0.8154606975533576","1344","1344","1344","0.7204147145583897","0.7204147145583897","0.7204147145583897","4188","4188","4188","0.6595320727962997","0.6595320727962997","0.6595320727962997","4109","4109","4109","","","","","","","","","","","","","","","","","","","","","","","","","","","","","","","","","","","","","","","","","","","","","","","","","0.8286048932847476","0.8286048932847476","0.8286048932847476","1344","1344","1344","","","","","","","","","","","","","","","","","","","","","","","","","","","","","","","","","","","","","","","","","",""
"79","0.7580718014396881","0.7580718014396881","0.7580718014396881","7041","7041","7041","0.8033142460524032","0.8033142460524032","0.8033142460524032","1361","1361","1361","0.518966660758495","0.518966660758495","0.518966660758495","4161","4161","4161","0.6575134478570189","0.6575134478570189","0.6575134478570189","4241","4241","4241","","","","","","","0.6828183694589449","0.6828183694589449","0.6828183694589449","4161","4161","4161","","","","","","","0.8624414367516919","0.8624414367516919","0.8624414367516919","1361","1361","1361","0.8087210332820657","0.8087210332820657","0.8087210332820657","7041","7041","7041","0.8188443519000521","0.8188443519000521","0.8188443519000521","1361","1361","1361","0.6658424431719591","0.6658424431719591","0.6658424431719591","4241","4241","4241","0.6364837706333369","0.6364837706333369","0.6364837706333369","4161","4161","4161","","","","","","","","","","","","","","","","","","","","","","","","","","","","","","","","","","","","","","","","","","","","","","","","","0.8228353288217941","0.8228353288217941","0.8228353288217941","1361","1361","1361","","","","","","","","","","","","","","","","","","","","","","","","","","","","","","","","","","","","","","","","","",""
"80","0.7651644663491501","0.7651644663491501","0.7651644663491501","7129","7129","7129","0.7283099080340101","0.7283099080340101","0.7283099080340101","1378","1378","1378","0.5303818203648962","0.5303818203648962","0.5303818203648962","4213","4213","4213","0.6506159986118341","0.6506159986118341","0.6506159986118341","4294","4294","4294","","","","","","","0.6731627968141614","0.6731627968141614","0.6731627968141614","4213","4213","4213","","","","","","","0.8581467985424258","0.8581467985424258","0.8581467985424258","1378","1378","1378","0.7958707596955957","0.7958707596955957","0.7958707596955957","7129","7129","7129","0.7777199375325352","0.7777199375325352","0.7777199375325352","1378","1378","1378","0.7208485163977095","0.7208485163977095","0.7208485163977095","4294","4294","4294","0.6598844190075415","0.6598844190075415","0.6598844190075415","4213","4213","4213","","","","","","","","","","","","","","","","","","","","","","","","","","","","","","","","","","","","","","","","","","","","","","","","","0.8200589970501475","0.8200589970501475","0.8200589970501475","1378","1378","1378","","","","","","","","","","","","","","","","","","","","","","","","","","","","","","","","","","","","","","","","","",""
"81","0.7592939353569775","0.7592939353569775","0.7592939353569775","7217","7217","7217","0.7790647232344265","0.7790647232344265","0.7790647232344265","1395","1395","1395","0.5311222476972424","0.5311222476972424","0.5311222476972424","4265","4265","4265","0.6564723234426514","0.6564723234426514","0.6564723234426514","4347","4347","4347","","","","","","","0.6220647345039136","0.6220647345039136","0.6220647345039136","4265","4265","4265","","","","","","","0.857626236335242","0.857626236335242","0.857626236335242","1395","1395","1395","0.7744941366159899","0.7744941366159899","0.7744941366159899","7217","7217","7217","0.7083116432413673","0.7083116432413673","0.7083116432413673","1395","1395","1395","0.7313465209092487","0.7313465209092487","0.7313465209092487","4347","4347","4347","0.6923281436714904","0.6923281436714904","0.6923281436714904","4265","4265","4265","","","","","","","","","","","","","","","","","","","","","","","","","","","","","","","","","","","","","","","","","","","","","","","","","0.8207530799930592","0.8207530799930592","0.8207530799930592","1395","1395","1395","","","","","","","","","","","","","","","","","","","","","","","","","","","","","","","","","","","","","","","","","",""
"82","0.7561506926854928","0.7561506926854928","0.7561506926854928","7305","7305","7305","0.7669616519174042","0.7669616519174042","0.7669616519174042","1412","1412","1412","0.5318955511466619","0.5318955511466619","0.5318955511466619","4317","4317","4317","0.6454537567239286","0.6454537567239286","0.6454537567239286","4400","4400","4400","","","","","","","0.6359127267737379","0.6359127267737379","0.6359127267737379","4317","4317","4317","","","","","","","0.8672566371681416","0.8672566371681416","0.8672566371681416","1412","1412","1412","0.7905655549774442","0.7905655549774442","0.7905655549774442","7305","7305","7305","0.8027069234773556","0.8027069234773556","0.8027069234773556","1412","1412","1412","0.72852680895367","0.72852680895367","0.72852680895367","4400","4400","4400","0.6794364175895802","0.6794364175895802","0.6794364175895802","4317","4317","4317","","","","","","","","","","","","","","","","","","","","","","","","","","","","","","","","","","","","","","","","","","","","","","","","","0.8157643588408815","0.8157643588408815","0.8157643588408815","1412","1412","1412","","","","","","","","","","","","","","","","","","","","","","","","","","","","","","","","","","","","","","","","","",""
"83","0.7620012121281424","0.7620012121281424","0.7620012121281424","7393","7393","7393","0.7473971889640811","0.7473971889640811","0.7473971889640811","1429","1429","1429","0.5250330190567127","0.5250330190567127","0.5250330190567127","4369","4369","4369","0.6923911157383307","0.6923911157383307","0.6923911157383307","4453","4453","4453","","","","","","","0.6799409945168354","0.6799409945168354","0.6799409945168354","4369","4369","4369","","","","","","","0.8693822661808086","0.8693822661808086","0.8693822661808086","1429","1429","1429","0.7824215690198343","0.7824215690198343","0.7824215690198343","7393","7393","7393","0.7804528891202499","0.7804528891202499","0.7804528891202499","1429","1429","1429","0.7139510671525247","0.7139510671525247","0.7139510671525247","4453","4453","4453","0.6106996037713194","0.6106996037713194","0.6106996037713194","4369","4369","4369","","","","","","","","","","","","","","","","","","","","","","","","","","","","","","","","","","","","","","","","","","","","","","","","","0.7820579559257331","0.7820579559257331","0.7820579559257331","1429","1429","1429","","","","","","","","","","","","","","","","","","","","","","","","","","","","","","","","","","","","","","","","","",""
"84","0.7659363404021751","0.7659363404021751","0.7659363404021751","7481","7481","7481","0.735033836543467","0.735033836543467","0.735033836543467","1446","1446","1446","0.5629777757448584","0.5629777757448584","0.5629777757448584","4421","4421","4421","0.6692694777025855","0.6692694777025855","0.6692694777025855","4506","4506","4506","","","","","","","0.6910931451866507","0.6910931451866507","0.6910931451866507","4421","4421","4421","","","","","","","0.8780583029672047","0.8780583029672047","0.8780583029672047","1446","1446","1446","0.8069700226988148","0.8069700226988148","0.8069700226988148","7481","7481","7481","0.7600208224882873","0.7600208224882873","0.7600208224882873","1446","1446","1446","0.7515616866215513","0.7515616866215513","0.7515616866215513","4506","4506","4506","0.6486314958919147","0.6486314958919147","0.6486314958919147","4421","4421","4421","","","","","","","","","","","","","","","","","","","","","","","","","","","","","","","","","","","","","","","","","","","","","","","","","0.8121204233905952","0.8121204233905952","0.8121204233905952","1446","1446","1446","","","","","","","","","","","","","","","","","","","","","","","","","","","","","","","","","","","","","","","","","",""
"85","0.754528327777746","0.754528327777746","0.754528327777746","7569","7569","7569","0.7158597952455318","0.7158597952455318","0.7158597952455318","1463","1463","1463","0.5497001126364359","0.5497001126364359","0.5497001126364359","4473","4473","4473","0.6477962866562554","0.6477962866562554","0.6477962866562554","4559","4559","4559","","","","","","","0.6491846722965826","0.6491846722965826","0.6491846722965826","4473","4473","4473","","","","","","","0.8660419920180462","0.8660419920180462","0.8660419920180462","1463","1463","1463","0.78239155169555","0.78239155169555","0.78239155169555","7569","7569","7569","0.7847041471455839","0.7847041471455839","0.7847041471455839","1463","1463","1463","0.7161634565330557","0.7161634565330557","0.7161634565330557","4559","4559","4559","0.6852126084197165","0.6852126084197165","0.6852126084197165","4473","4473","4473","","","","","","","","","","","","","","","","","","","","","","","","","","","","","","","","","","","","","","","","","","","","","","","","","0.818887732083984","0.818887732083984","0.818887732083984","1463","1463","1463","","","","","","","","","","","","","","","","","","","","","","","","","","","","","","","","","","","","","","","","","",""
"86","0.7818440928764602","0.7818440928764602","0.7818440928764602","7657","7657","7657","0.7436664931459309","0.7436664931459309","0.7436664931459309","1480","1480","1480","0.5398558596675795","0.5398558596675795","0.5398558596675795","4525","4525","4525","0.6063248308172827","0.6063248308172827","0.6063248308172827","4612","4612","4612","","","","","","","0.5745944802428831","0.5745944802428831","0.5745944802428831","4525","4525","4525","","","","","","","0.8608363699462086","0.8608363699462086","0.8608363699462086","1480","1480","1480","0.8214255084362974","0.8214255084362974","0.8214255084362974","7657","7657","7657","0.7905170917924692","0.7905170917924692","0.7905170917924692","1480","1480","1480","0.7276592052750304","0.7276592052750304","0.7276592052750304","4612","4612","4612","0.6617018965231362","0.6617018965231362","0.6617018965231362","4525","4525","4525","","","","","","","","","","","","","","","","","","","","","","","","","","","","","","","","","","","","","","","","","","","","","","","","","0.812597605413847","0.812597605413847","0.812597605413847","1480","1480","1480","","","","","","","","","","","","","","","","","","","","","","","","","","","","","","","","","","","","","","","","","",""
"87","0.7451750724703972","0.7451750724703972","0.7451750724703972","7745","7745","7745","0.6868384521950374","0.6868384521950374","0.6868384521950374","1497","1497","1497","0.5337323255135821","0.5337323255135821","0.5337323255135821","4577","4577","4577","0.6327433628318584","0.6327433628318584","0.6327433628318584","4665","4665","4665","","","","","","","0.5753906540346143","0.5753906540346143","0.5753906540346143","4577","4577","4577","","","","","","","0.8574527155995141","0.8574527155995141","0.8574527155995141","1497","1497","1497","0.8244401054322781","0.8244401054322781","0.8244401054322781","7745","7745","7745","0.8126843657817109","0.8126843657817109","0.8126843657817109","1497","1497","1497","0.732647926427208","0.732647926427208","0.732647926427208","4665","4665","4665","0.6583671147347897","0.6583671147347897","0.6583671147347897","4577","4577","4577","","","","","","","","","","","","","","","","","","","","","","","","","","","","","","","","","","","","","","","","","","","","","","","","","0.8141159118514663","0.8141159118514663","0.8141159118514663","1497","1497","1497","","","","","","","","","","","","","","","","","","","","","","","","","","","","","","","","","","","","","","","","","",""
"88","0.7514193906197291","0.7514193906197291","0.7514193906197291","7833","7833","7833","0.7449678986638903","0.7449678986638903","0.7449678986638903","1514","1514","1514","0.5281648265570416","0.5281648265570416","0.5281648265570416","4629","4629","4629","0.6589883741107062","0.6589883741107062","0.6589883741107062","4718","4718","4718","","","","","","","0.59317663337126","0.59317663337126","0.59317663337126","4629","4629","4629","","","","","","","0.8636127017178552","0.8636127017178552","0.8636127017178552","1514","1514","1514","0.8093685498487698","0.8093685498487698","0.8093685498487698","7833","7833","7833","0.7179420440742669","0.7179420440742669","0.7179420440742669","1514","1514","1514","0.7223668228353288","0.7223668228353288","0.7223668228353288","4718","4718","4718","0.6346455668700222","0.6346455668700222","0.6346455668700222","4629","4629","4629","","","","","","","","","","","","","","","","","","","","","","","","","","","","","","","","","","","","","","","","","","","","","","","","","0.8056567759847301","0.8056567759847301","0.8056567759847301","1514","1514","1514","","","","","","","","","","","","","","","","","","","","","","","","","","","","","","","","","","","","","","","","","",""
"89","0.7496254981446435","0.7496254981446435","0.7496254981446435","7921","7921","7921","0.7162068367169877","0.7162068367169877","0.7162068367169877","1531","1531","1531","0.525756293632325","0.525756293632325","0.525756293632325","4681","4681","4681","0.6796373416623287","0.6796373416623287","0.6796373416623287","4771","4771","4771","","","","","","","0.599831902984008","0.599831902984008","0.599831902984008","4681","4681","4681","","","","","","","0.8872115217768524","0.8872115217768524","0.8872115217768524","1531","1531","1531","0.8188440185478476","0.8188440185478476","0.8188440185478476","7921","7921","7921","0.7057955925733126","0.7057955925733126","0.7057955925733126","1531","1531","1531","0.7126496616345652","0.7126496616345652","0.7126496616345652","4771","4771","4771","0.5891507384261774","0.5891507384261774","0.5891507384261774","4681","4681","4681","","","","","","","","","","","","","","","","","","","","","","","","","","","","","","","","","","","","","","","","","","","","","","","","","0.8047891723060906","0.8047891723060906","0.8047891723060906","1531","1531","1531","","","","","","","","","","","","","","","","","","","","","","","","","","","","","","","","","","","","","","","","","",""
"90","0.764878587070252","0.764878587070252","0.764878587070252","8009","8009","8009","0.7815807739024814","0.7815807739024814","0.7815807739024814","1548","1548","1548","0.5220069868895763","0.5220069868895763","0.5220069868895763","4733","4733","4733","0.6160853722019781","0.6160853722019781","0.6160853722019781","4824","4824","4824","","","","","","","0.6643562856277052","0.6643562856277052","0.6643562856277052","4733","4733","4733","","","","","","","0.8869946208571924","0.8869946208571924","0.8869946208571924","1548","1548","1548","0.8269887192036547","0.8269887192036547","0.8269887192036547","8009","8009","8009","0.8076956446295332","0.8076956446295332","0.8076956446295332","1548","1548","1548","0.7225837237549887","0.7225837237549887","0.7225837237549887","4824","4824","4824","0.6026463844847598","0.6026463844847598","0.6026463844847598","4733","4733","4733","","","","","","","","","","","","","","","","","","","","","","","","","","","","","","","","","","","","","","","","","","","","","","","","","0.8228353288217942","0.8228353288217942","0.8228353288217942","1548","1548","1548","","","","","","","","","","","","","","","","","","","","","","","","","","","","","","","","","","","","","","","","","",""
"91","0.7457375399516292","0.7457375399516292","0.7457375399516292","8097","8097","8097","0.6867950720111053","0.6867950720111053","0.6867950720111053","1565","1565","1565","0.5465354290190338","0.5465354290190338","0.5465354290190338","4785","4785","4785","0.6139163630053791","0.6139163630053791","0.6139163630053791","4877","4877","4877","","","","","","","0.6661501781027906","0.6661501781027906","0.6661501781027906","4785","4785","4785","","","","","","","0.8795332292208919","0.8795332292208919","0.8795332292208919","1565","1565","1565","0.8261568105020611","0.8261568105020611","0.8261568105020611","8097","8097","8097","0.7872635779975707","0.7872635779975707","0.7872635779975707","1565","1565","1565","0.7276158250910985","0.7276158250910985","0.7276158250910985","4877","4877","4877","0.6048562313106421","0.6048562313106421","0.6048562313106421","4785","4785","4785","","","","","","","","","","","","","","","","","","","","","","","","","","","","","","","","","","","","","","","","","","","","","","","","","0.8235294117647058","0.8235294117647058","0.8235294117647058","1565","1565","1565","","","","","","","","","","","","","","","","","","","","","","","","","","","","","","","","","","","","","","","","","",""
"92","0.7694969668208508","0.7694969668208508","0.7694969668208508","8185","8185","8185","0.7478743709873329","0.7478743709873329","0.7478743709873329","1582","1582","1582","0.5351331339801829","0.5351331339801829","0.5351331339801829","4837","4837","4837","0.6501388165885823","0.6501388165885823","0.6501388165885823","4930","4930","4930","","","","","","","0.6515574703114368","0.6515574703114368","0.6515574703114368","4837","4837","4837","","","","","","","0.8892070102377234","0.8892070102377234","0.8892070102377234","1582","1582","1582","0.8056899982275485","0.8056899982275485","0.8056899982275485","8185","8185","8185","0.736899184452542","0.736899184452542","0.736899184452542","1582","1582","1582","0.7401093180635085","0.7401093180635085","0.7401093180635085","4930","4930","4930","0.5153202705561496","0.5153202705561496","0.5153202705561496","4837","4837","4837","","","","","","","","","","","","","","","","","","","","","","","","","","","","","","","","","","","","","","","","","","","","","","","","","0.825481520041645","0.825481520041645","0.825481520041645","1582","1582","1582","","","","","","","","","","","","","","","","","","","","","","","","","","","","","","","","","","","","","","","","","",""
"93","0.7660606978884956","0.7660606978884956","0.7660606978884956","8273","8273","8273","0.7545549193128578","0.7545549193128578","0.7545549193128578","1599","1599","1599","0.55761468047273","0.55761468047273","0.55761468047273","4889","4889","4889","0.6235033836543467","0.6235033836543467","0.6235033836543467","4983","4983","4983","","","","","","","0.6684200595772417","0.6684200595772417","0.6684200595772417","4889","4889","4889","","","","","","","0.898837411070623","0.898837411070623","0.898837411070623","1599","1599","1599","0.8242907335090537","0.8242907335090537","0.8242907335090537","8273","8273","8273","0.7711261495748742","0.7711261495748742","0.7711261495748742","1599","1599","1599","0.6349557522123894","0.6349557522123894","0.6349557522123894","4983","4983","4983","0.683314370007833","0.683314370007833","0.683314370007833","4889","4889","4889","","","","","","","","","","","","","","","","","","","","","","","","","","","","","","","","","","","","","","","","","","","","","","","","","0.8249175776505293","0.8249175776505293","0.8249175776505293","1599","1599","1599","","","","","","","","","","","","","","","","","","","","","","","","","","","","","","","","","","","","","","","","","",""
"94","0.765153031177994","0.765153031177994","0.765153031177994","8361","8361","8361","0.7657036265833767","0.7657036265833767","0.7657036265833767","1616","1616","1616","0.5347657791067988","0.5347657791067988","0.5347657791067988","4941","4941","4941","0.6849297241020302","0.6849297241020302","0.6849297241020302","5036","5036","5036","","","","","","","0.6628740015666185","0.6628740015666185","0.6628740015666185","4941","4941","4941","","","","","","","0.8908120770432068","0.8908120770432068","0.8908120770432068","1616","1616","1616","0.8216870879764894","0.8216870879764894","0.8216870879764894","8361","8361","8361","0.7891723060905778","0.7891723060905778","0.7891723060905778","1616","1616","1616","0.7167707791081035","0.7167707791081035","0.7167707791081035","5036","5036","5036","0.628584211459185","0.628584211459185","0.628584211459185","4941","4941","4941","","","","","","","","","","","","","","","","","","","","","","","","","","","","","","","","","","","","","","","","","","","","","","","","","0.8129012667013709","0.8129012667013709","0.8129012667013709","1616","1616","1616","","","","","","","","","","","","","","","","","","","","","","","","","","","","","","","","","","","","","","","","","",""
"95","0.7697413936043089","0.7697413936043089","0.7697413936043089","8449","8449","8449","0.7437966336977269","0.7437966336977269","0.7437966336977269","1633","1633","1633","0.5524431243174632","0.5524431243174632","0.5524431243174632","4993","4993","4993","0.6945167447509977","0.6945167447509977","0.6945167447509977","5089","5089","5089","","","","","","","0.6559385702605505","0.6559385702605505","0.6559385702605505","4993","4993","4993","","","","","","","0.8942824917577652","0.8942824917577652","0.8942824917577652","1633","1633","1633","0.8022229972727117","0.8022229972727117","0.8022229972727117","8449","8449","8449","0.7514749262536873","0.7514749262536873","0.7514749262536873","1633","1633","1633","0.6846260628145063","0.6846260628145063","0.6846260628145063","5089","5089","5089","0.6480397257845957","0.6480397257845957","0.6480397257845957","4993","4993","4993","","","","","","","","","","","","","","","","","","","","","","","","","","","","","","","","","","","","","","","","","","","","","","","","","0.8220111053270865","0.8220111053270865","0.8220111053270865","1633","1633","1633","","","","","","","","","","","","","","","","","","","","","","","","","","","","","","","","","","","","","","","","","",""
"96","0.7662107845099172","0.7662107845099172","0.7662107845099172","8537","8537","8537","0.6588148533749784","0.6588148533749784","0.6588148533749784","1650","1650","1650","0.5662382289206914","0.5662382289206914","0.5662382289206914","5045","5045","5045","0.663846954711088","0.663846954711088","0.663846954711088","5142","5142","5142","","","","","","","0.6587516223649077","0.6587516223649077","0.6587516223649077","5045","5045","5045","","","","","","","0.8789259066458441","0.8789259066458441","0.8789259066458441","1650","1650","1650","0.796541146604612","0.796541146604612","0.796541146604612","8537","8537","8537","0.7808433107756376","0.7808433107756376","0.7808433107756376","1650","1650","1650","0.7506507027589796","0.7506507027589796","0.7506507027589796","5142","5142","5142","0.6583728323203678","0.6583728323203678","0.6583728323203678","5045","5045","5045","","","","","","","","","","","","","","","","","","","","","","","","","","","","","","","","","","","","","","","","","","","","","","","","","0.8179767482214125","0.8179767482214125","0.8179767482214125","1650","1650","1650","","","","","","","","","","","","","","","","","","","","","","","","","","","","","","","","","","","","","","","","","",""
"97","0.7762622999559745","0.7762622999559745","0.7762622999559745","8625","8625","8625","0.7275724449071664","0.7275724449071664","0.7275724449071664","1667","1667","1667","0.547733263197617","0.547733263197617","0.547733263197617","5097","5097","5097","0.6764272080513621","0.6764272080513621","0.6764272080513621","5195","5195","5195","","","","","","","0.6599566035254633","0.6599566035254633","0.6599566035254633","5097","5097","5097","","","","","","","0.877190699288565","0.877190699288565","0.877190699288565","1667","1667","1667","0.8169171922080745","0.8169171922080745","0.8169171922080745","8625","8625","8625","0.812640985597779","0.812640985597779","0.812640985597779","1667","1667","1667","0.7319104633003644","0.7319104633003644","0.7319104633003644","5195","5195","5195","0.5974390934196308","0.5974390934196308","0.5974390934196308","5097","5097","5097","","","","","","","","","","","","","","","","","","","","","","","","","","","","","","","","","","","","","","","","","","","","","","","","","0.8249175776505292","0.8249175776505292","0.8249175776505292","1667","1667","1667","","","","","","","","","","","","","","","","","","","","","","","","","","","","","","","","","","","","","","","","","",""
"98","0.7582561935745773","0.7582561935745773","0.7582561935745773","8713","8713","8713","0.767265313204928","0.767265313204928","0.767265313204928","1684","1684","1684","0.5507764481214873","0.5507764481214873","0.5507764481214873","5149","5149","5149","0.6653218809647754","0.6653218809647754","0.6653218809647754","5248","5248","5248","","","","","","","0.664224781159412","0.664224781159412","0.664224781159412","5149","5149","5149","","","","","","","0.892373763664758","0.892373763664758","0.892373763664758","1684","1684","1684","0.7875302317337436","0.7875302317337436","0.7875302317337436","8713","8713","8713","0.7971108797501301","0.7971108797501301","0.7971108797501301","1684","1684","1684","0.7074440395627277","0.7074440395627277","0.7074440395627277","5248","5248","5248","0.6641776110783938","0.6641776110783938","0.6641776110783938","5149","5149","5149","","","","","","","","","","","","","","","","","","","","","","","","","","","","","","","","","","","","","","","","","","","","","","","","","0.8295158771473191","0.8295158771473191","0.8295158771473191","1684","1684","1684","","","","","","","","","","","","","","","","","","","","","","","","","","","","","","","","","","","","","","","","","",""
"99","0.7638951623508425","0.7638951623508425","0.7638951623508425","8801","8801","8801","0.7670050321013361","0.7670050321013361","0.7670050321013361","1701","1701","1701","0.5610295084591679","0.5610295084591679","0.5610295084591679","5201","5201","5201","0.6245878882526462","0.6245878882526462","0.6245878882526462","5301","5301","5301","","","","","","","0.688002790181762","0.688002790181762","0.688002790181762","5201","5201","5201","","","","","","","0.8802273121638036","0.8802273121638036","0.8802273121638036","1701","1701","1701","0.7826488430465582","0.7826488430465582","0.7826488430465582","8801","8801","8801","0.7093961478396669","0.7093961478396669","0.7093961478396669","1701","1701","1701","0.7255335762623634","0.7255335762623634","0.7255335762623634","5301","5301","5301","0.6271390917043551","0.6271390917043551","0.6271390917043551","5201","5201","5201","","","","","","","","","","","","","","","","","","","","","","","","","","","","","","","","","","","","","","","","","","","","","","","","","0.8269564462953323","0.8269564462953323","0.8269564462953323","1701","1701","1701","","","","","","","","","","","","","","","","","","","","","","","","","","","","","","","","","","","","","","","","","",""
"100","0.7642267823143643","0.7642267823143643","0.7642267823143643","8889","8889","8889","0.717898663890335","0.717898663890335","0.717898663890335","1718","1718","1718","0.5407549499997141","0.5407549499997141","0.5407549499997141","5253","5253","5253","0.629403088669096","0.629403088669096","0.629403088669096","5354","5354","5354","","","","","","","","","","","","","","","","","","","","","","","","","0.8311825682250898","0.8311825682250898","0.8311825682250898","8889","8889","8889","0.7724275550928337","0.7724275550928337","0.7724275550928337","1718","1718","1718","0.7239285094568801","0.7239285094568801","0.7239285094568801","5354","5354","5354","0.6159104683274347","0.6159104683274347","0.6159104683274347","5253","5253","5253","","","","","","","","","","","","","","","","","","","","","","","","","","","","","","","","","","","","","","","","","","","","","","","","","0.8217508242234948","0.8217508242234948","0.8217508242234948","1718","1718","1718","","","","","","","","","","","","","","","","","","","","","","","","","","","","","","","","","","","","","","","","","",""
"101","0.7685893001103493","0.7685893001103493","0.7685893001103493","8977","8977","8977","0.6868384521950373","0.6868384521950373","0.6868384521950373","1735","1735","1735","0.5547859050080333","0.5547859050080333","0.5547859050080333","5305","5305","5305","0.6779455144889815","0.6779455144889815","0.6779455144889815","5407","5407","5407","","","","","","","","","","","","","","","","","","","","","","","","","0.8046100892515109","0.8046100892515109","0.8046100892515109","8977","8977","8977","0.7861790733992712","0.7861790733992712","0.7861790733992712","1735","1735","1735","0.7271386430678467","0.7271386430678467","0.7271386430678467","5407","5407","5407","0.6365445199801028","0.6365445199801028","0.6365445199801028","5305","5305","5305","","","","","","","","","","","","","","","","","","","","","","","","","","","","","","","","","","","","","","","","","","","","","","","","","0.8420961304875932","0.8420961304875932","0.8420961304875932","1735","1735","1735","","","","","","","","","","","","","","","","","","","","","","","","","","","","","","","","","","","","","","","","","",""
"102","0.7656861960331391","0.7656861960331391","0.7656861960331391","9065","9065","9065","0.6641506159986117","0.6641506159986117","0.6641506159986117","1752","1752","1752","0.5197456817934922","0.5197456817934922","0.5197456817934922","5357","5357","5357","0.5878014922783273","0.5878014922783273","0.5878014922783273","5460","5460","5460","","","","","","","","","","","","","","","","","","","","","","","","","0.7921972109617551","0.7921972109617551","0.7921972109617551","9065","9065","9065","0.8066979003990977","0.8066979003990977","0.8066979003990977","1752","1752","1752","0.7329949678986639","0.7329949678986639","0.7329949678986639","5460","5460","5460","0.6183954739592565","0.6183954739592565","0.6183954739592565","5357","5357","5357","","","","","","","","","","","","","","","","","","","","","","","","","","","","","","","","","","","","","","","","","","","","","","","","","0.8256116605934409","0.8256116605934409","0.8256116605934409","1752","1752","1752","","","","","","","","","","","","","","","","","","","","","","","","","","","","","","","","","","","","","","","","","",""
"103","0.767235661724767","0.767235661724767","0.767235661724767","9153","9153","9153","0.8044855110185667","0.8044855110185667","0.8044855110185667","1769","1769","1769","0.5665584137130573","0.5665584137130573","0.5665584137130573","5409","5409","5409","0.6544768349817803","0.6544768349817803","0.6544768349817803","5513","5513","5513","","","","","","","","","","","","","","","","","","","","","","","","","0.7901060040366155","0.7901060040366155","0.7901060040366155","9153","9153","9153","0.814809994794378","0.814809994794378","0.814809994794378","1769","1769","1769","0.713213604025681","0.713213604025681","0.713213604025681","5513","5513","5513","0.6341216930914414","0.6341216930914414","0.6341216930914414","5409","5409","5409","","","","","","","","","","","","","","","","","","","","","","","","","","","","","","","","","","","","","","","","","","","","","","","","","0.8233558910289779","0.8233558910289779","0.8233558910289779","1769","1769","1769","","","","","","","","","","","","","","","","","","","","","","","","","","","","","","","","","","","","","","","","","",""
"104","0.7647099182957021","0.7647099182957021","0.7647099182957021","9241","9241","9241","0.771386430678466","0.771386430678466","0.771386430678466","1786","1786","1786","0.5535137422169366","0.5535137422169366","0.5535137422169366","5461","5461","5461","0.6190786048932847","0.6190786048932847","0.6190786048932847","5566","5566","5566","","","","","","","","","","","","","","","","","","","","","","","","","0.8207386834687449","0.8207386834687449","0.8207386834687449","9241","9241","9241","0.793250043380184","0.793250043380184","0.793250043380184","1786","1786","1786","0.7174214818670832","0.7174214818670832","0.7174214818670832","5566","5566","5566","0.6474036443890475","0.6474036443890475","0.6474036443890475","5461","5461","5461","","","","","","","","","","","","","","","","","","","","","","","","","","","","","","","","","","","","","","","","","","","","","","","","","0.8247874370987334","0.8247874370987334","0.8247874370987334","1786","1786","1786","","","","","","","","","","","","","","","","","","","","","","","","","","","","","","","","","","","","","","","","","",""
"105","0.7601058325090481","0.7601058325090481","0.7601058325090481","9329","9329","9329","0.7578518132916884","0.7578518132916884","0.7578518132916884","1803","1803","1803","0.5480820359178726","0.5480820359178726","0.5480820359178726","5513","5513","5513","0.6834547978483428","0.6834547978483428","0.6834547978483428","5619","5619","5619","","","","","","","","","","","","","","","","","","","","","","","","","0.8197616910331105","0.8197616910331105","0.8197616910331105","9329","9329","9329","0.6795939614783966","0.6795939614783966","0.6795939614783966","1803","1803","1803","0.7098733298629186","0.7098733298629186","0.7098733298629186","5619","5619","5619","0.5779035328961286","0.5779035328961286","0.5779035328961286","5513","5513","5513","","","","","","","","","","","","","","","","","","","","","","","","","","","","","","","","","","","","","","","","","","","","","","","","","0.8244403956272774","0.8244403956272774","0.8244403956272774","1803","1803","1803","","","","","","","","","","","","","","","","","","","","","","","","","","","","","","","","","","","","","","","","","",""
"106","0.7651773309167005","0.7651773309167005","0.7651773309167005","9417","9417","9417","0.7953322922089189","0.7953322922089189","0.7953322922089189","1820","1820","1820","0.5531335227760021","0.5531335227760021","0.5531335227760021","5565","5565","5565","0.6295766094048239","0.6295766094048239","0.6295766094048239","5672","5672","5672","","","","","","","","","","","","","","","","","","","","","","","","","0.8442186633428436","0.8442186633428436","0.8442186633428436","9417","9417","9417","0.7551622418879056","0.7551622418879056","0.7551622418879056","1820","1820","1820","0.7028457400659379","0.7028457400659379","0.7028457400659379","5672","5672","5672","0.6770964956917992","0.6770964956917992","0.6770964956917992","5565","5565","5565","","","","","","","","","","","","","","","","","","","","","","","","","","","","","","","","","","","","","","","","","","","","","","","","","0.8234426513968419","0.8234426513968419","0.8234426513968419","1820","1820","1820","","","","","","","","","","","","","","","","","","","","","","","","","","","","","","","","","","","","","","","","","",""
"107","0.7642353586927312","0.7642353586927312","0.7642353586927312","9505","9505","9505","0.7683064376192955","0.7683064376192955","0.7683064376192955","1837","1837","1837","0.5445228388955912","0.5445228388955912","0.5445228388955912","5617","5617","5617","0.657339927121291","0.657339927121291","0.657339927121291","5725","5725","5725","","","","","","","","","","","","","","","","","","","","","","","","","0.8349418807425999","0.8349418807425999","0.8349418807425999","9505","9505","9505","0.7891723060905779","0.7891723060905779","0.7891723060905779","1837","1837","1837","0.7041905257678293","0.7041905257678293","0.7041905257678293","5725","5725","5725","0.6172033573662514","0.6172033573662514","0.6172033573662514","5617","5617","5617","","","","","","","","","","","","","","","","","","","","","","","","","","","","","","","","","","","","","","","","","","","","","","","","","0.8228787090057261","0.8228787090057261","0.8228787090057261","1837","1837","1837","","","","","","","","","","","","","","","","","","","","","","","","","","","","","","","","","","","","","","","","","",""
"108","0.760184449310745","0.760184449310745","0.760184449310745","9593","9593","9593","0.7847475273295159","0.7847475273295159","0.7847475273295159","1854","1854","1854","0.5397014848569746","0.5397014848569746","0.5397014848569746","5669","5669","5669","0.6729567933368037","0.6729567933368037","0.6729567933368037","5778","5778","5778","","","","","","","","","","","","","","","","","","","","","","","","","0.8358681296062299","0.8358681296062299","0.8358681296062299","9593","9593","9593","0.7924258198854762","0.7924258198854762","0.7924258198854762","1854","1854","1854","0.6920440742668749","0.6920440742668749","0.6920440742668749","5778","5778","5778","0.6040679191990808","0.6040679191990808","0.6040679191990808","5669","5669","5669","","","","","","","","","","","","","","","","","","","","","","","","","","","","","","","","","","","","","","","","","","","","","","","","","0.821013361096651","0.821013361096651","0.821013361096651","1854","1854","1854","","","","","","","","","","","","","","","","","","","","","","","","","","","","","","","","","","","","","","","","","",""
"109","0.7647285004488306","0.7647285004488306","0.7647285004488306","9681","9681","9681","0.7860489328474752","0.7860489328474752","0.7860489328474752","1871","1871","1871","0.5526904098937101","0.5526904098937101","0.5526904098937101","5721","5721","5721","0.6621985077216728","0.6621985077216728","0.6621985077216728","5831","5831","5831","","","","","","","","","","","","","","","","","","","","","","","","","0.8361068388041097","0.8361068388041097","0.8361068388041097","9681","9681","9681","0.7872635779975707","0.7872635779975707","0.7872635779975707","1871","1871","1871","0.724058650008676","0.724058650008676","0.724058650008676","5831","5831","5831","0.598436097404788","0.598436097404788","0.598436097404788","5721","5721","5721","","","","","","","","","","","","","","","","","","","","","","","","","","","","","","","","","","","","","","","","","","","","","","","","","0.8216206836716988","0.8216206836716988","0.8216206836716988","1871","1871","1871","","","","","","","","","","","","","","","","","","","","","","","","","","","","","","","","","","","","","","","","","",""
"110","0.7647542295839314","0.7647542295839314","0.7647542295839314","9769","9769","9769","0.7007634912372029","0.7007634912372029","0.7007634912372029","1888","1888","1888","0.5528376377223426","0.5528376377223426","0.5528376377223426","5773","5773","5773","0.6375585632483082","0.6375585632483082","0.6375585632483082","5884","5884","5884","","","","","","","","","","","","","","","","","","","","","","","","","0.8288583696876484","0.8288583696876484","0.8288583696876484","9769","9769","9769","0.8002342529932327","0.8002342529932327","0.8002342529932327","1888","1888","1888","0.7278327260107583","0.7278327260107583","0.7278327260107583","5884","5884","5884","0.6362343409624983","0.6362343409624983","0.6362343409624983","5773","5773","5773","","","","","","","","","","","","","","","","","","","","","","","","","","","","","","","","","","","","","","","","","","","","","","","","","0.825351379489849","0.825351379489849","0.825351379489849","1888","1888","1888","","","","","","","","","","","","","","","","","","","","","","","","","","","","","","","","","","","","","","","","","",""
"111","0.7735221470677363","0.7735221470677363","0.7735221470677363","9857","9857","9857","0.7414541037654","0.7414541037654","0.7414541037654","1905","1905","1905","0.5420085306376823","0.5420085306376823","0.5420085306376823","5825","5825","5825","0.6735207357279195","0.6735207357279195","0.6735207357279195","5937","5937","5937","","","","","","","","","","","","","","","","","","","","","","","","","0.8423947535434737","0.8423947535434737","0.8423947535434737","9857","9857","9857","0.745878882526462","0.745878882526462","0.745878882526462","1905","1905","1905","0.7300451153912892","0.7300451153912892","0.7300451153912892","5937","5937","5937","0.6222741410757066","0.6222741410757066","0.6222741410757066","5825","5825","5825","","","","","","","","","","","","","","","","","","","","","","","","","","","","","","","","","","","","","","","","","","","","","","","","","0.8260454624327607","0.8260454624327607","0.8260454624327607","1905","1905","1905","","","","","","","","","","","","","","","","","","","","","","","","","","","","","","","","","","","","","","","","","",""
"112","0.7628316914333416","0.7628316914333416","0.7628316914333416","9945","9945","9945","0.7415408641332638","0.7415408641332638","0.7415408641332638","1922","1922","1922","0.5614054397109188","0.5614054397109188","0.5614054397109188","5877","5877","5877","0.6513968419226097","0.6513968419226097","0.6513968419226097","5990","5990","5990","","","","","","","","","","","","","","","","","","","","","","","","","0.832747757277057","0.832747757277057","0.832747757277057","9945","9945","9945","0.7721672739892417","0.7721672739892417","0.7721672739892417","1922","1922","1922","0.7273121638035744","0.7273121638035744","0.7273121638035744","5990","5990","5990","0.5977392666624738","0.5977392666624738","0.5977392666624738","5877","5877","5877","","","","","","","","","","","","","","","","","","","","","","","","","","","","","","","","","","","","","","","","","","","","","","","","","0.8222713864306784","0.8222713864306784","0.8222713864306784","1922","1922","1922","","","","","","","","","","","","","","","","","","","","","","","","","","","","","","","","","","","","","","","","","",""
"113","0.7657891125735425","0.7657891125735425","0.7657891125735425","10033","10033","10033","0.7376800277633178","0.7376800277633178","0.7376800277633178","1939","1939","1939","0.5693400190967359","0.5693400190967359","0.5693400190967359","5929","5929","5929","0.6107062293944127","0.6107062293944127","0.6107062293944127","6043","6043","6043","","","","","","","","","","","","","","","","","","","","","","","","","0.8312640438195759","0.8312640438195759","0.8312640438195759","10033","10033","10033","0.7848342876973798","0.7848342876973798","0.7848342876973798","1939","1939","1939","0.7309560992538608","0.7309560992538608","0.7309560992538608","6043","6043","6043","0.5713826265444628","0.5713826265444628","0.5713826265444628","5929","5929","5929","","","","","","","","","","","","","","","","","","","","","","","","","","","","","","","","","","","","","","","","","","","","","","","","","0.8202325177858754","0.8202325177858754","0.8202325177858754","1939","1939","1939","","","","","","","","","","","","","","","","","","","","","","","","","","","","","","","","","","","","","","","","","",""
"114","0.762552959136416","0.762552959136416","0.762552959136416","10121","10121","10121","0.7266180808606628","0.7266180808606628","0.7266180808606628","1956","1956","1956","0.5650318183637414","0.5650318183637414","0.5650318183637414","5981","5981","5981","0.6283185840707964","0.6283185840707964","0.6283185840707964","6096","6096","6096","","","","","","","","","","","","","","","","","","","","","","","","","0.8336125420957239","0.8336125420957239","0.8336125420957239","10121","10121","10121","0.80192608016658","0.80192608016658","0.80192608016658","1956","1956","1956","0.734903695991671","0.734903695991671","0.734903695991671","6096","6096","6096","0.6732399842194637","0.6732399842194637","0.6732399842194637","5981","5981","5981","","","","","","","","","","","","","","","","","","","","","","","","","","","","","","","","","","","","","","","","","","","","","","","","","0.8241367343397537","0.8241367343397537","0.8241367343397537","1956","1956","1956","","","","","","","","","","","","","","","","","","","","","","","","","","","","","","","","","","","","","","","","","",""
"115","0.7560949462261076","0.7560949462261076","0.7560949462261076","10209","10209","10209","0.7676557348603158","0.7676557348603158","0.7676557348603158","1973","1973","1973","0.5653076918678781","0.5653076918678781","0.5653076918678781","6033","6033","6033","0.6527850078084332","0.6527850078084332","0.6527850078084332","6149","6149","6149","","","","","","","","","","","","","","","","","","","","","","","","","0.8372231973882068","0.8372231973882068","0.8372231973882068","10209","10209","10209","0.7562901266701372","0.7562901266701372","0.7562901266701372","1973","1973","1973","0.7269217421481867","0.7269217421481867","0.7269217421481867","6149","6149","6149","0.6361728769175352","0.6361728769175352","0.6361728769175352","6033","6033","6033","","","","","","","","","","","","","","","","","","","","","","","","","","","","","","","","","","","","","","","","","","","","","","","","","0.8260454624327608","0.8260454624327608","0.8260454624327608","1973","1973","1973","","","","","","","","","","","","","","","","","","","","","","","","","","","","","","","","","","","","","","","","","",""
"116","0.7656919136187171","0.7656919136187171","0.7656919136187171","10297","10297","10297","0.7199809127190699","0.7199809127190699","0.7199809127190699","1990","1990","1990","0.5545557721885203","0.5545557721885203","0.5545557721885203","6085","6085","6085","0.6589449939267742","0.6589449939267742","0.6589449939267742","6202","6202","6202","","","","","","","","","","","","","","","","","","","","","","","","","0.8299218406051493","0.8299218406051493","0.8299218406051493","10297","10297","10297","0.7309560992538608","0.7309560992538608","0.7309560992538608","1990","1990","1990","0.7287437098733299","0.7287437098733299","0.7287437098733299","6202","6202","6202","0.5911933458739045","0.5911933458739045","0.5911933458739045","6085","6085","6085","","","","","","","","","","","","","","","","","","","","","","","","","","","","","","","","","","","","","","","","","","","","","","","","","0.8289519347562033","0.8289519347562033","0.8289519347562033","1990","1990","1990","","","","","","","","","","","","","","","","","","","","","","","","","","","","","","","","","","","","","","","","","",""
"117","0.7506889690621446","0.7506889690621446","0.7506889690621446","10385","10385","10385","0.7578951934756203","0.7578951934756203","0.7578951934756203","2007","2007","2007","0.5681507612965198","0.5681507612965198","0.5681507612965198","6137","6137","6137","0.5969980912719071","0.5969980912719071","0.5969980912719071","6255","6255","6255","","","","","","","","","","","","","","","","","","","","","","","","","0.8173803166398893","0.8173803166398893","0.8173803166398893","10385","10385","10385","0.767265313204928","0.767265313204928","0.767265313204928","2007","2007","2007","0.7186795072011105","0.7186795072011105","0.7186795072011105","6255","6255","6255","0.6316574137073396","0.6316574137073396","0.6316574137073396","6137","6137","6137","","","","","","","","","","","","","","","","","","","","","","","","","","","","","","","","","","","","","","","","","","","","","","","","","0.8344612181155648","0.8344612181155648","0.8344612181155648","2007","2007","2007","","","","","","","","","","","","","","","","","","","","","","","","","","","","","","","","","","","","","","","","","",""
"118","0.7530903550048885","0.7530903550048885","0.7530903550048885","10473","10473","10473","0.771776852333854","0.771776852333854","0.771776852333854","2024","2024","2024","0.5687039377011875","0.5687039377011875","0.5687039377011875","6189","6189","6189","0.6159552316501822","0.6159552316501822","0.6159552316501822","6308","6308","6308","","","","","","","","","","","","","","","","","","","","","","","","","0.8231650838483926","0.8231650838483926","0.8231650838483926","10473","10473","10473","0.7812337324310256","0.7812337324310256","0.7812337324310256","2024","2024","2024","0.7191133090404304","0.7191133090404304","0.7191133090404304","6308","6308","6308","0.5845345027701703","0.5845345027701703","0.5845345027701703","6189","6189","6189","","","","","","","","","","","","","","","","","","","","","","","","","","","","","","","","","","","","","","","","","","","","","","","","","0.8307305222974145","0.8307305222974145","0.8307305222974145","2024","2024","2024","","","","","","","","","","","","","","","","","","","","","","","","","","","","","","","","","","","","","","","","","",""
"119","0.7648528579351511","0.7648528579351511","0.7648528579351511","10561","10561","10561","0.7579385736595523","0.7579385736595523","0.7579385736595523","2041","2041","2041","0.5694457944299282","0.5694457944299282","0.5694457944299282","6241","6241","6241","0.6303140725316676","0.6303140725316676","0.6303140725316676","6361","6361","6361","","","","","","","","","","","","","","","","","","","","","","","","","0.8228706281911274","0.8228706281911274","0.8228706281911274","10561","10561","10561","0.7978049626930418","0.7978049626930418","0.7978049626930418","2041","2041","2041","0.7248394933194516","0.7248394933194516","0.7248394933194516","6361","6361","6361","0.6459385130846946","0.6459385130846946","0.6459385130846946","6241","6241","6241","","","","","","","","","","","","","","","","","","","","","","","","","","","","","","","","","","","","","","","","","","","","","","","","","0.8292122158597952","0.8292122158597952","0.8292122158597952","2041","2041","2041","","","","","","","","","","","","","","","","","","","","","","","","","","","","","","","","","","","","","","","","","",""
"120","0.7615123585612267","0.7615123585612267","0.7615123585612267","10649","10649","10649","0.7965035571750825","0.7965035571750825","0.7965035571750825","2058","2058","2058","0.5561038084837535","0.5561038084837535","0.5561038084837535","6293","6293","6293","0.670440742668749","0.670440742668749","0.670440742668749","6414","6414","6414","","","","","","","","","","","","","","","","","","","","","","","","","0.8340113436897868","0.8340113436897868","0.8340113436897868","10649","10649","10649","0.7136040256810687","0.7136040256810687","0.7136040256810687","2058","2058","2058","0.728396668401874","0.728396668401874","0.728396668401874","6414","6414","6414","0.5879407543782411","0.5879407543782411","0.5879407543782411","6293","6293","6293","","","","","","","","","","","","","","","","","","","","","","","","","","","","","","","","","","","","","","","","","","","","","","","","","0.8325091098386257","0.8325091098386257","0.8325091098386257","2058","2058","2058","","","","","","","","","","","","","","","","","","","","","","","","","","","","","","","","","","","","","","","","","",""
"121","0.7813852566338286","0.7813852566338286","0.7813852566338286","10737","10737","10737","0.7747267048412286","0.7747267048412286","0.7747267048412286","2075","2075","2075","0.5489096564302827","0.5489096564302827","0.5489096564302827","6345","6345","6345","0.6307912545549192","0.6307912545549192","0.6307912545549192","6467","6467","6467","","","","","","","","","","","","","","","","","","","","","","","","","0.8301333912715338","0.8301333912715338","0.8301333912715338","10737","10737","10737","0.7676991150442478","0.7676991150442478","0.7676991150442478","2075","2075","2075","0.7321707444039562","0.7321707444039562","0.7321707444039562","6467","6467","6467","0.6379024465548687","0.6379024465548687","0.6379024465548687","6345","6345","6345","","","","","","","","","","","","","","","","","","","","","","","","","","","","","","","","","","","","","","","","","","","","","","","","","0.8338972757244492","0.8338972757244492","0.8338972757244492","2075","2075","2075","","","","","","","","","","","","","","","","","","","","","","","","","","","","","","","","","","","","","","","","","",""
"122","0.7603531180852949","0.7603531180852949","0.7603531180852949","10825","10825","10825","0.756463647405865","0.756463647405865","0.756463647405865","2092","2092","2092","0.5543971091887319","0.5543971091887319","0.5543971091887319","6397","6397","6397","0.6236335242061426","0.6236335242061426","0.6236335242061426","6520","6520","6520","","","","","","","","","","","","","","","","","","","","","","","","","0.8322060160435453","0.8322060160435453","0.8322060160435453","10825","10825","10825","0.7904303314246053","0.7904303314246053","0.7904303314246053","2092","2092","2092","0.7296980739198335","0.7296980739198335","0.7296980739198335","6520","6520","6520","0.6254652685264066","0.6254652685264066","0.6254652685264066","6397","6397","6397","","","","","","","","","","","","","","","","","","","","","","","","","","","","","","","","","","","","","","","","","","","","","","","","","0.8410550060732257","0.8410550060732257","0.8410550060732257","2092","2092","2092","","","","","","","","","","","","","","","","","","","","","","","","","","","","","","","","","","","","","","","","","",""
"123","0.7651122933807513","0.7651122933807513","0.7651122933807513","10913","10913","10913","0.715425993406212","0.715425993406212","0.715425993406212","2109","2109","2109","0.559575812325971","0.559575812325971","0.559575812325971","6449","6449","6449","0.6331337844872462","0.6331337844872462","0.6331337844872462","6573","6573","6573","","","","","","","","","","","","","","","","","","","","","","","","","0.8394659203311625","0.8394659203311625","0.8394659203311625","10913","10913","10913","0.6660159639076869","0.6660159639076869","0.6660159639076869","2109","2109","2109","0.7389380530973451","0.7389380530973451","0.7389380530973451","6573","6573","6573","0.582840668042699","0.582840668042699","0.582840668042699","6449","6449","6449","","","","","","","","","","","","","","","","","","","","","","","","","","","","","","","","","","","","","","","","","","","","","","","","","0.8399705014749262","0.8399705014749262","0.8399705014749262","2109","2109","2109","","","","","","","","","","","","","","","","","","","","","","","","","","","","","","","","","","","","","","","","","",""
"124","0.7740038536526797","0.7740038536526797","0.7740038536526797","11001","11001","11001","0.7562467464862052","0.7562467464862052","0.7562467464862052","2126","2126","2126","0.5665955780193139","0.5665955780193139","0.5665955780193139","6501","6501","6501","0.6483602290473711","0.6483602290473711","0.6483602290473711","6626","6626","6626","","","","","","","","","","","","","","","","","","","","","","","","","0.8359195878764316","0.8359195878764316","0.8359195878764316","11001","11001","11001","0.7673954537567239","0.7673954537567239","0.7673954537567239","2126","2126","2126","0.7405865000867604","0.7405865000867604","0.7405865000867604","6626","6626","6626","0.6051335342111733","0.6051335342111733","0.6051335342111733","6501","6501","6501","","","","","","","","","","","","","","","","","","","","","","","","","","","","","","","","","","","","","","","","","","","","","","","","","0.8331164324136735","0.8331164324136735","0.8331164324136735","2126","2126","2126","","","","","","","","","","","","","","","","","","","","","","","","","","","","","","","","","","","","","","","","","",""
"125","0.7513736499351054","0.7513736499351054","0.7513736499351054","11089","11089","11089","0.7273121638035746","0.7273121638035746","0.7273121638035746","2143","2143","2143","0.5566141029965865","0.5566141029965865","0.5566141029965865","6553","6553","6553","0.663846954711088","0.663846954711088","0.663846954711088","6679","6679","6679","","","","","","","","","","","","","","","","","","","","","","","","","0.838726922395211","0.838726922395211","0.838726922395211","11089","11089","11089","0.7847475273295158","0.7847475273295158","0.7847475273295158","2143","2143","2143","0.7265747006767309","0.7265747006767309","0.7265747006767309","6679","6679","6679","0.6060604977730003","0.6060604977730003","0.6060604977730003","6553","6553","6553","","","","","","","","","","","","","","","","","","","","","","","","","","","","","","","","","","","","","","","","","","","","","","","","","0.8338105153565851","0.8338105153565851","0.8338105153565851","2143","2143","2143","","","","","","","","","","","","","","","","","","","","","","","","","","","","","","","","","","","","","","","","","",""
"126","0.7805076072476115","0.7805076072476115","0.7805076072476115","11177","11177","11177","0.7334721499219157","0.7334721499219157","0.7334721499219157","2160","2160","2160","0.5676133082521913","0.5676133082521913","0.5676133082521913","6605","6605","6605","0.6657556828040951","0.6657556828040951","0.6657556828040951","6732","6732","6732","","","","","","","","","","","","","","","","","","","","","","","","","0.8394787848987131","0.8394787848987131","0.8394787848987131","11177","11177","11177","0.7763751518306438","0.7763751518306438","0.7763751518306438","2160","2160","2160","0.7399791775117127","0.7399791775117127","0.7399791775117127","6732","6732","6732","0.624536875568185","0.624536875568185","0.624536875568185","6605","6605","6605","","","","","","","","","","","","","","","","","","","","","","","","","","","","","","","","","","","","","","","","","","","","","","","","","0.8263057435363527","0.8263057435363527","0.8263057435363527","2160","2160","2160","","","","","","","","","","","","","","","","","","","","","","","","","","","","","","","","","","","","","","","","","",""
"127","0.755067210218469","0.755067210218469","0.755067210218469","11265","11265","11265","0.7434929724102028","0.7434929724102028","0.7434929724102028","2177","2177","2177","0.5984768352020309","0.5984768352020309","0.5984768352020309","6657","6657","6657","0.6589883741107062","0.6589883741107062","0.6589883741107062","6785","6785","6785","","","","","","","","","","","","","","","","","","","","","","","","","0.8408795933653137","0.8408795933653137","0.8408795933653137","11265","11265","11265","0.7846607669616519","0.7846607669616519","0.7846607669616519","2177","2177","2177","0.7215859795245532","0.7215859795245532","0.7215859795245532","6785","6785","6785","0.6333655423987559","0.6333655423987559","0.6333655423987559","6657","6657","6657","","","","","","","","","","","","","","","","","","","","","","","","","","","","","","","","","","","","","","","","","","","","","","","","","0.8184539302446643","0.8184539302446643","0.8184539302446643","2177","2177","2177","","","","","","","","","","","","","","","","","","","","","","","","","","","","","","","","","","","","","","","","","",""
"128","0.7714395165209635","0.7714395165209635","0.7714395165209635","11353","11353","11353","0.7844438660419919","0.7844438660419919","0.7844438660419919","2194","2194","2194","0.5555792200069755","0.5555792200069755","0.5555792200069755","6709","6709","6709","0.6494447336456707","0.6494447336456707","0.6494447336456707","6838","6838","6838","","","","","","","","","","","","","","","","","","","","","","","","","0.8375448115769673","0.8375448115769673","0.8375448115769673","11353","11353","11353","0.7781971195557869","0.7781971195557869","0.7781971195557869","2194","2194","2194","0.7176383827867431","0.7176383827867431","0.7176383827867431","6838","6838","6838","0.5747145495400202","0.5747145495400202","0.5747145495400202","6709","6709","6709","","","","","","","","","","","","","","","","","","","","","","","","","","","","","","","","","","","","","","","","","","","","","","","","","0.8178032274856846","0.8178032274856846","0.8178032274856846","2194","2194","2194","","","","","","","","","","","","","","","","","","","","","","","","","","","","","","","","","","","","","","","","","",""
"129","0.7562293094871898","0.7562293094871898","0.7562293094871898","11441","11441","11441","0.7409769217421481","0.7409769217421481","0.7409769217421481","2211","2211","2211","0.566138171173077","0.566138171173077","0.566138171173077","6761","6761","6761","0.6416363005379142","0.6416363005379142","0.6416363005379142","6891","6891","6891","","","","","","","","","","","","","","","","","","","","","","","","","0.8319773126204266","0.8319773126204266","0.8319773126204266","11441","11441","11441","0.7016744750997744","0.7016744750997744","0.7016744750997744","2211","2211","2211","0.7223668228353288","0.7223668228353288","0.7223668228353288","6891","6891","6891","0.6021132196296148","0.6021132196296148","0.6021132196296148","6761","6761","6761","","","","","","","","","","","","","","","","","","","","","","","","","","","","","","","","","","","","","","","","","","","","","","","","","0.821143501648447","0.821143501648447","0.821143501648447","2211","2211","2211","","","","","","","","","","","","","","","","","","","","","","","","","","","","","","","","","","","","","","","","","",""
"130","0.7550614926328911","0.7550614926328911","0.7550614926328911","11529","11529","11529","0.7986291861877494","0.7986291861877494","0.7986291861877494","2228","2228","2228","0.5653462855705292","0.5653462855705292","0.5653462855705292","6813","6813","6813","0.6463647405865001","0.6463647405865001","0.6463647405865001","6944","6944","6944","","","","","","","","","","","","","","","","","","","","","","","","","0.8339312974916953","0.8339312974916953","0.8339312974916953","11529","11529","11529","0.7276592052750304","0.7276592052750304","0.7276592052750304","2228","2228","2228","0.711478396668402","0.711478396668402","0.711478396668402","6944","6944","6944","0.5376238571975827","0.5376238571975827","0.5376238571975827","6813","6813","6813","","","","","","","","","","","","","","","","","","","","","","","","","","","","","","","","","","","","","","","","","","","","","","","","","0.8288651743883395","0.8288651743883395","0.8288651743883395","2228","2228","2228","","","","","","","","","","","","","","","","","","","","","","","","","","","","","","","","","","","","","","","","","",""
"131","0.7626858930011036","0.7626858930011036","0.7626858930011036","11617","11617","11617","0.734816935623807","0.734816935623807","0.734816935623807","2245","2245","2245","0.5779478441843579","0.5779478441843579","0.5779478441843579","6865","6865","6865","0.6260194343224015","0.6260194343224015","0.6260194343224015","6997","6997","6997","","","","","","","","","","","","","","","","","","","","","","","","","0.8306251036312385","0.8306251036312385","0.8306251036312385","11617","11617","11617","0.7876973798368905","0.7876973798368905","0.7876973798368905","2245","2245","2245","0.7032361617213256","0.7032361617213256","0.7032361617213256","6997","6997","6997","0.5974276582484748","0.5974276582484748","0.5974276582484748","6865","6865","6865","","","","","","","","","","","","","","","","","","","","","","","","","","","","","","","","","","","","","","","","","","","","","","","","","0.836022904737116","0.836022904737116","0.836022904737116","2245","2245","2245","","","","","","","","","","","","","","","","","","","","","","","","","","","","","","","","","","","","","","","","","",""
"132","0.7763609283071944","0.7763609283071944","0.7763609283071944","11705","11705","11705","0.7257504771820232","0.7257504771820232","0.7257504771820232","2262","2262","2262","0.5773031864104426","0.5773031864104426","0.5773031864104426","6917","6917","6917","0.6719590491063682","0.6719590491063682","0.6719590491063682","7050","7050","7050","","","","","","","","","","","","","","","","","","","","","","","","","0.8281651124363203","0.8281651124363203","0.8281651124363203","11705","11705","11705","0.7674822141245878","0.7674822141245878","0.7674822141245878","2262","2262","2262","0.7141245878882526","0.7141245878882526","0.7141245878882526","7050","7050","7050","0.5999333901280167","0.5999333901280167","0.5999333901280167","6917","6917","6917","","","","","","","","","","","","","","","","","","","","","","","","","","","","","","","","","","","","","","","","","","","","","","","","","0.8301665799062988","0.8301665799062988","0.8301665799062988","2262","2262","2262","","","","","","","","","","","","","","","","","","","","","","","","","","","","","","","","","","","","","","","","","",""
"133","0.7669197651215846","0.7669197651215846","0.7669197651215846","11793","11793","11793","0.7452715599514141","0.7452715599514141","0.7452715599514141","2279","2279","2279","0.576319761691033","0.576319761691033","0.576319761691033","6969","6969","6969","0.6297935103244837","0.6297935103244837","0.6297935103244837","7103","7103","7103","","","","","","","","","","","","","","","","","","","","","","","","","0.8315284821525566","0.8315284821525566","0.8315284821525566","11793","11793","11793","0.7949852507374632","0.7949852507374632","0.7949852507374632","2279","2279","2279","0.722149921915669","0.722149921915669","0.722149921915669","7103","7103","7103","0.5887948187239492","0.5887948187239492","0.5887948187239492","6969","6969","6969","","","","","","","","","","","","","","","","","","","","","","","","","","","","","","","","","","","","","","","","","","","","","","","","","0.7952455318410551","0.7952455318410551","0.7952455318410551","2279","2279","2279","","","","","","","","","","","","","","","","","","","","","","","","","","","","","","","","","","","","","","","","","",""
"134","0.760280218869176","0.760280218869176","0.760280218869176","11881","11881","11881","0.7526028110359188","0.7526028110359188","0.7526028110359188","2296","2296","2296","0.5772088462484063","0.5772088462484063","0.5772088462484063","7021","7021","7021","0.6080600381745619","0.6080600381745619","0.6080600381745619","7156","7156","7156","","","","","","","","","","","","","","","","","","","","","","","","","0.8295001686687746","0.8295001686687746","0.8295001686687746","11881","11881","11881","0.7031927815373937","0.7031927815373937","0.7031927815373937","2296","2296","2296","0.7185493666493145","0.7185493666493145","0.7185493666493145","7156","7156","7156","0.6200993144614892","0.6200993144614892","0.6200993144614892","7021","7021","7021","","","","","","","","","","","","","","","","","","","","","","","","","","","","","","","","","","","","","","","","","","","","","","","","","0.8066111400312338","0.8066111400312338","0.8066111400312338","2296","2296","2296","","","","","","","","","","","","","","","","","","","","","","","","","","","","","","","","","","","","","","","","","",""
"135","0.747432804075495","0.747432804075495","0.747432804075495","11969","11969","11969","0.7987593267395454","0.7987593267395454","0.7987593267395454","2313","2313","2313","0.5870230818929782","0.5870230818929782","0.5870230818929782","7073","7073","7073","0.6558216206836718","0.6558216206836718","0.6558216206836718","7209","7209","7209","","","","","","","","","","","","","","","","","","","","","","","","","0.8284981617962366","0.8284981617962366","0.8284981617962366","11969","11969","11969","0.7766788131181677","0.7766788131181677","0.7766788131181677","2313","2313","2313","0.7175950026028111","0.7175950026028111","0.7175950026028111","7209","7209","7209","0.6167430917272253","0.6167430917272253","0.6167430917272253","7073","7073","7073","","","","","","","","","","","","","","","","","","","","","","","","","","","","","","","","","","","","","","","","","","","","","","","","","0.8200156168662155","0.8200156168662155","0.8200156168662155","2313","2313","2313","","","","","","","","","","","","","","","","","","","","","","","","","","","","","","","","","","","","","","","","","",""
"136","0.7598771290859295","0.7598771290859295","0.7598771290859295","12057","12057","12057","0.7922956793336804","0.7922956793336804","0.7922956793336804","2330","2330","2330","0.5674703686127422","0.5674703686127422","0.5674703686127422","7125","7125","7125","0.6427208051362138","0.6427208051362138","0.6427208051362138","7262","7262","7262","","","","","","","","","","","","","","","","","","","","","","","","","0.8281994179497881","0.8281994179497881","0.8281994179497881","12057","12057","12057","0.7706923477355544","0.7706923477355544","0.7706923477355544","2330","2330","2330","0.7164237376366476","0.7164237376366476","0.7164237376366476","7262","7262","7262","0.5580585080532194","0.5580585080532194","0.5580585080532194","7125","7125","7125","","","","","","","","","","","","","","","","","","","","","","","","","","","","","","","","","","","","","","","","","","","","","","","","","0.8244837758112095","0.8244837758112095","0.8244837758112095","2330","2330","2330","","","","","","","","","","","","","","","","","","","","","","","","","","","","","","","","","","","","","","","","","",""
"137","0.7596598608339671","0.7596598608339671","0.7596598608339671","12145","12145","12145","0.7456619816068021","0.7456619816068021","0.7456619816068021","2347","2347","2347","0.5740227216850868","0.5740227216850868","0.5740227216850868","7177","7177","7177","0.6393805309734514","0.6393805309734514","0.6393805309734514","7315","7315","7315","","","","","","","","","","","","","","","","","","","","","","","","","0.8284195449945397","0.8284195449945397","0.8284195449945397","12145","12145","12145","0.7807999305917057","0.7807999305917057","0.7807999305917057","2347","2347","2347","0.7277025854589623","0.7277025854589623","0.7277025854589623","7315","7315","7315","0.6109097250413096","0.6109097250413096","0.6109097250413096","7177","7177","7177","","","","","","","","","","","","","","","","","","","","","","","","","","","","","","","","","","","","","","","","","","","","","","","","","0.8292122158597953","0.8292122158597953","0.8292122158597953","2347","2347","2347","","","","","","","","","","","","","","","","","","","","","","","","","","","","","","","","","","","","","","","","","",""
"138","0.7631961875139366","0.7631961875139366","0.7631961875139366","12233","12233","12233","0.7613222280062467","0.7613222280062467","0.7613222280062467","2364","2364","2364","0.5839698911943465","0.5839698911943465","0.5839698911943465","7229","7229","7229","0.642070102377234","0.642070102377234","0.642070102377234","7368","7368","7368","","","","","","","","","","","","","","","","","","","","","","","","","0.827318909770782","0.827318909770782","0.827318909770782","12233","12233","12233","0.7730348776678814","0.7730348776678814","0.7730348776678814","2364","2364","2364","0.7311730001735207","0.7311730001735207","0.7311730001735207","7368","7368","7368","0.6418147044865894","0.6418147044865894","0.6418147044865894","7229","7229","7229","","","","","","","","","","","","","","","","","","","","","","","","","","","","","","","","","","","","","","","","","","","","","","","","","0.8300798195384348","0.8300798195384348","0.8300798195384348","2364","2364","2364","","","","","","","","","","","","","","","","","","","","","","","","","","","","","","","","","","","","","","","","","",""
"139","0.7425171098748419","0.7425171098748419","0.7425171098748419","12321","12321","12321","0.7520822488287351","0.7520822488287351","0.7520822488287351","2381","2381","2381","0.5690584280070212","0.5690584280070212","0.5690584280070212","7281","7281","7281","0.6667968072184626","0.6667968072184626","0.6667968072184626","7421","7421","7421","","","","","","","","","","","","","","","","","","","","","","","","","0.8269243963659026","0.8269243963659026","0.8269243963659026","12321","12321","12321","0.7108710740933541","0.7108710740933541","0.7108710740933541","2381","2381","2381","0.7331684886343918","0.7331684886343918","0.7331684886343918","7421","7421","7421","0.6190501375079333","0.6190501375079333","0.6190501375079333","7281","7281","7281","","","","","","","","","","","","","","","","","","","","","","","","","","","","","","","","","","","","","","","","","","","","","","","","","0.8271299670310601","0.8271299670310601","0.8271299670310601","2381","2381","2381","","","","","","","","","","","","","","","","","","","","","","","","","","","","","","","","","","","","","","","","","",""
"140","0.7558247903075489","0.7558247903075489","0.7558247903075489","12409","12409","12409","0.777806697900399","0.777806697900399","0.777806697900399","2398","2398","2398","0.5663411454610947","0.5663411454610947","0.5663411454610947","7333","7333","7333","0.6507027589796981","0.6507027589796981","0.6507027589796981","7474","7474","7474","","","","","","","","","","","","","","","","","","","","","","","","","0.8221044717236805","0.8221044717236805","0.8221044717236805","12409","12409","12409","0.7798021863612701","0.7798021863612701","0.7798021863612701","2398","2398","2398","0.7311296199895888","0.7311296199895888","0.7311296199895888","7474","7474","7474","0.5830979593937072","0.5830979593937072","0.5830979593937072","7333","7333","7333","","","","","","","","","","","","","","","","","","","","","","","","","","","","","","","","","","","","","","","","","","","","","","","","","0.8234426513968419","0.8234426513968419","0.8234426513968419","2398","2398","2398","","","","","","","","","","","","","","","","","","","","","","","","","","","","","","","","","","","","","","","","","",""
"141","0.7816482655704149","0.7816482655704149","0.7816482655704149","12497","12497","12497","0.7163803574527157","0.7163803574527157","0.7163803574527157","2415","2415","2415","0.5760753349075752","0.5760753349075752","0.5760753349075752","7385","7385","7385","0.6240239458615305","0.6240239458615305","0.6240239458615305","7527","7527","7527","","","","","","","","","","","","","","","","","","","","","","","","","0.8211524937249498","0.8211524937249498","0.8211524937249498","12497","12497","12497","0.7509977442304356","0.7509977442304356","0.7509977442304356","2415","2415","2415","0.7288304702411939","0.7288304702411939","0.7288304702411939","7527","7527","7527","0.6171490403032608","0.6171490403032608","0.6171490403032608","7385","7385","7385","","","","","","","","","","","","","","","","","","","","","","","","","","","","","","","","","","","","","","","","","","","","","","","","","0.8237463126843657","0.8237463126843657","0.8237463126843657","2415","2415","2415","","","","","","","","","","","","","","","","","","","","","","","","","","","","","","","","","","","","","","","","","",""
"142","0.7726316331139685","0.7726316331139685","0.7726316331139685","12585","12585","12585","0.7598906819364915","0.7598906819364915","0.7598906819364915","2432","2432","2432","0.5718729095077731","0.5718729095077731","0.5718729095077731","7437","7437","7437","0.598993579732778","0.598993579732778","0.598993579732778","7580","7580","7580","","","","","","","","","","","","","","","","","","","","","","","","","0.8232108245330162","0.8232108245330162","0.8232108245330162","12585","12585","12585","0.7171178205795594","0.7171178205795594","0.7171178205795594","2432","2432","2432","0.724188790560472","0.724188790560472","0.724188790560472","7580","7580","7580","0.5927463850565182","0.5927463850565182","0.5927463850565182","7437","7437","7437","","","","","","","","","","","","","","","","","","","","","","","","","","","","","","","","","","","","","","","","","","","","","","","","","0.8279108103418359","0.8279108103418359","0.8279108103418359","2432","2432","2432","","","","","","","","","","","","","","","","","","","","","","","","","","","","","","","","","","","","","","","","","",""
"143","0.7455374244564006","0.7455374244564006","0.7455374244564006","12673","12673","12673","0.7415842443171959","0.7415842443171959","0.7415842443171959","2449","2449","2449","0.5858609826242575","0.5858609826242575","0.5858609826242575","7489","7489","7489","0.6204233905951761","0.6204233905951761","0.6204233905951761","7633","7633","7633","","","","","","","","","","","","","","","","","","","","","","","","","0.824600197828461","0.824600197828461","0.824600197828461","12673","12673","12673","0.7319972236682283","0.7319972236682283","0.7319972236682283","2449","2449","2449","0.726271039389207","0.726271039389207","0.726271039389207","7633","7633","7633","0.636897580889542","0.636897580889542","0.636897580889542","7489","7489","7489","","","","","","","","","","","","","","","","","","","","","","","","","","","","","","","","","","","","","","","","","","","","","","","","","0.8245705361790734","0.8245705361790734","0.8245705361790734","2449","2449","2449","","","","","","","","","","","","","","","","","","","","","","","","","","","","","","","","","","","","","","","","","",""
"144","0.7467109588962773","0.7467109588962773","0.7467109588962773","12761","12761","12761","0.7707791081034183","0.7707791081034183","0.7707791081034183","2466","2466","2466","0.5708065797974832","0.5708065797974832","0.5708065797974832","7541","7541","7541","0.6666666666666666","0.6666666666666666","0.6666666666666666","7686","7686","7686","","","","","","","","","","","","","","","","","","","","","","","","","0.8252477143951651","0.8252477143951651","0.8252477143951651","12761","12761","12761","0.7904737116085372","0.7904737116085372","0.7904737116085372","2466","2466","2466","0.7234947076175603","0.7234947076175603","0.7234947076175603","7686","7686","7686","0.6339587419024694","0.6339587419024694","0.6339587419024694","7541","7541","7541","","","","","","","","","","","","","","","","","","","","","","","","","","","","","","","","","","","","","","","","","","","","","","","","","0.8251778587541211","0.8251778587541211","0.8251778587541211","2466","2466","2466","","","","","","","","","","","","","","","","","","","","","","","","","","","","","","","","","","","","","","","","","",""
"145","0.7345296428224289","0.7345296428224289","0.7345296428224289","12849","12849","12849","0.717508242234947","0.717508242234947","0.717508242234947","2483","2483","2483","0.585244912778232","0.585244912778232","0.585244912778232","7593","7593","7593","0.5928335936144369","0.5928335936144369","0.5928335936144369","7739","7739","7739","","","","","","","","","","","","","","","","","","","","","","","","","0.8250075758008908","0.8250075758008908","0.8250075758008908","12849","12849","12849","0.7628839146277979","0.7628839146277979","0.7628839146277979","2483","2483","2483","0.7274856845393024","0.7274856845393024","0.7274856845393024","7739","7739","7739","0.5743128891531685","0.5743128891531685","0.5743128891531685","7593","7593","7593","","","","","","","","","","","","","","","","","","","","","","","","","","","","","","","","","","","","","","","","","","","","","","","","","0.8186708311643242","0.8186708311643242","0.8186708311643242","2483","2483","2483","","","","","","","","","","","","","","","","","","","","","","","","","","","","","","","","","","","","","","","","","",""
"146","0.7662608133837243","0.7662608133837243","0.7662608133837243","12937","12937","12937","0.7101769911504423","0.7101769911504423","0.7101769911504423","2500","2500","2500","0.579052767597299","0.579052767597299","0.579052767597299","7645","7645","7645","0.6144803053964949","0.6144803053964949","0.6144803053964949","7792","7792","7792","","","","","","","","","","","","","","","","","","","","","","","","","0.8283266342288979","0.8283266342288979","0.8283266342288979","12937","12937","12937","0.756290126670137","0.756290126670137","0.756290126670137","2500","2500","2500","0.7300451153912892","0.7300451153912892","0.7300451153912892","7792","7792","7792","0.593887758077519","0.593887758077519","0.593887758077519","7645","7645","7645","","","","","","","","","","","","","","","","","","","","","","","","","","","","","","","","","","","","","","","","","","","","","","","","","0.8237463126843658","0.8237463126843658","0.8237463126843658","2500","2500","2500","","","","","","","","","","","","","","","","","","","","","","","","","","","","","","","","","","","","","","","","","",""
"147","0.7431017330001887","0.7431017330001887","0.7431017330001887","13025","13025","13025","0.726357799757071","0.726357799757071","0.726357799757071","2517","2517","2517","0.5824261430882967","0.5824261430882967","0.5824261430882967","7697","7697","7697","0.6222019781363872","0.6222019781363872","0.6222019781363872","7845","7845","7845","","","","","","","","","","","","","","","","","","","","","","","","","0.8257551501152094","0.8257551501152094","0.8257551501152094","13025","13025","13025","0.7666146104459484","0.7666146104459484","0.7666146104459484","2517","2517","2517","0.726444560124935","0.726444560124935","0.726444560124935","7845","7845","7845","0.5913991789547111","0.5913991789547111","0.5913991789547111","7697","7697","7697","","","","","","","","","","","","","","","","","","","","","","","","","","","","","","","","","","","","","","","","","","","","","","","","","0.8310775637688704","0.8310775637688704","0.8310775637688704","2517","2517","2517","","","","","","","","","","","","","","","","","","","","","","","","","","","","","","","","","","","","","","","","","",""
"148","0.7556003750736139","0.7556003750736139","0.7556003750736139","13113","13113","13113","0.7280930071143502","0.7280930071143502","0.7280930071143502","2534","2534","2534","0.5870788283523634","0.5870788283523634","0.5870788283523634","7749","7749","7749","0.6417664410897101","0.6417664410897101","0.6417664410897101","7898","7898","7898","","","","","","","","","","","","","","","","","","","","","","","","","0.825127645098028","0.825127645098028","0.825127645098028","13113","13113","13113","0.7686968592746833","0.7686968592746833","0.7686968592746833","2534","2534","2534","0.7320406038521603","0.7320406038521603","0.7320406038521603","7898","7898","7898","0.5815356291345292","0.5815356291345292","0.5815356291345292","7749","7749","7749","","","","","","","","","","","","","","","","","","","","","","","","","","","","","","","","","","","","","","","","","","","","","","","","","0.8301665799062989","0.8301665799062989","0.8301665799062989","2534","2534","2534","","","","","","","","","","","","","","","","","","","","","","","","","","","","","","","","","","","","","","","","","",""
"149","0.7575758008907999","0.7575758008907999","0.7575758008907999","13201","13201","13201","0.8053531146972063","0.8053531146972063","0.8053531146972063","2551","2551","2551","0.5725604491735229","0.5725604491735229","0.5725604491735229","7801","7801","7801","0.63365434669443","0.63365434669443","0.63365434669443","7951","7951","7951","","","","","","","","","","","","","","","","","","","","","","","","","0.8260167296554013","0.8260167296554013","0.8260167296554013","13201","13201","13201","0.7839233038348082","0.7839233038348082","0.7839233038348082","2551","2551","2551","0.7315634218289085","0.7315634218289085","0.7315634218289085","7951","7951","7951","0.5877206273334896","0.5877206273334896","0.5877206273334896","7801","7801","7801","","","","","","","","","","","","","","","","","","","","","","","","","","","","","","","","","","","","","","","","","","","","","","","","","0.8323355891028977","0.8323355891028977","0.8323355891028977","2551","2551","2551","","","","","","","","","","","","","","","","","","","","","","","","","","","","","","","","","","","","","","","","","",""
"150","","","","","","","","","","","","","","","","","","","","","","","","","","","","","","","","","","","","","","","","","","","","","","","","","","","","","","","0.7331251084504599","0.7331251084504599","0.7331251084504599","2568","2568","2568","","","","","","","0.5733494759832818","0.5733494759832818","0.5733494759832818","7853","7853","7853","","","","","","","","","","","","","","","","","","","","","","","","","","","","","","","","","","","","","","","","","","","","","","","","","0.8285181329168835","0.8285181329168835","0.8285181329168835","2568","2568","2568","","","","","","","","","","","","","","","","","","","","","","","","","","","","","","","","","","","","","","","","","",""
"151","","","","","","","","","","","","","","","","","","","","","","","","","","","","","","","","","","","","","","","","","","","","","","","","","","","","","","","0.7683931979871594","0.7683931979871594","0.7683931979871594","2585","2585","2585","","","","","","","0.5646087170309722","0.5646087170309722","0.5646087170309722","7905","7905","7905","","","","","","","","","","","","","","","","","","","","","","","","","","","","","","","","","","","","","","","","","","","","","","","","","0.8293423564115913","0.8293423564115913","0.8293423564115913","2585","2585","2585","","","","","","","","","","","","","","","","","","","","","","","","","","","","","","","","","","","","","","","","","",""
"152","","","","","","","","","","","","","","","","","","","","","","","","","","","","","","","","","","","","","","","","","","","","","","","","","","","","","","","0.7145150095436404","0.7145150095436404","0.7145150095436404","2602","2602","2602","","","","","","","0.5773046158068371","0.5773046158068371","0.5773046158068371","7957","7957","7957","","","","","","","","","","","","","","","","","","","","","","","","","","","","","","","","","","","","","","","","","","","","","","","","","0.8295158771473191","0.8295158771473191","0.8295158771473191","2602","2602","2602","","","","","","","","","","","","","","","","","","","","","","","","","","","","","","","","","","","","","","","","","",""
"153","","","","","","","","","","","","","","","","","","","","","","","","","","","","","","","","","","","","","","","","","","","","","","","","","","","","","","","0.7640768696859275","0.7640768696859275","0.7640768696859275","2619","2619","2619","","","","","","","0.6010383135409579","0.6010383135409579","0.6010383135409579","8009","8009","8009","","","","","","","","","","","","","","","","","","","","","","","","","","","","","","","","","","","","","","","","","","","","","","","","","0.8287784140204755","0.8287784140204755","0.8287784140204755","2619","2619","2619","","","","","","","","","","","","","","","","","","","","","","","","","","","","","","","","","","","","","","","","","",""
"154","","","","","","","","","","","","","","","","","","","","","","","","","","","","","","","","","","","","","","","","","","","","","","","","","","","","","","","0.7536439354502863","0.7536439354502863","0.7536439354502863","2636","2636","2636","","","","","","","0.5658179863807111","0.5658179863807111","0.5658179863807111","8061","8061","8061","","","","","","","","","","","","","","","","","","","","","","","","","","","","","","","","","","","","","","","","","","","","","","","","","0.8145063335068541","0.8145063335068541","0.8145063335068541","2636","2636","2636","","","","","","","","","","","","","","","","","","","","","","","","","","","","","","","","","","","","","","","","","",""
"155","","","","","","","","","","","","","","","","","","","","","","","","","","","","","","","","","","","","","","","","","","","","","","","","","","","","","","","0.767178552837064","0.767178552837064","0.767178552837064","2653","2653","2653","","","","","","","0.5605292197210962","0.5605292197210962","0.5605292197210962","8113","8113","8113","","","","","","","","","","","","","","","","","","","","","","","","","","","","","","","","","","","","","","","","","","","","","","","","","0.8198420961304876","0.8198420961304876","0.8198420961304876","2653","2653","2653","","","","","","","","","","","","","","","","","","","","","","","","","","","","","","","","","","","","","","","","","",""
"156","","","","","","","","","","","","","","","","","","","","","","","","","","","","","","","","","","","","","","","","","","","","","","","","","","","","","","","0.6634131528717682","0.6634131528717682","0.6634131528717682","2670","2670","2670","","","","","","","0.6019216805127531","0.6019216805127531","0.6019216805127531","8165","8165","8165","","","","","","","","","","","","","","","","","","","","","","","","","","","","","","","","","","","","","","","","","","","","","","","","","0.8200589970501475","0.8200589970501475","0.8200589970501475","2670","2670","2670","","","","","","","","","","","","","","","","","","","","","","","","","","","","","","","","","","","","","","","","","",""
"157","","","","","","","","","","","","","","","","","","","","","","","","","","","","","","","","","","","","","","","","","","","","","","","","","","","","","","","0.7751605066805483","0.7751605066805483","0.7751605066805483","2687","2687","2687","","","","","","","0.6182160847117479","0.6182160847117479","0.6182160847117479","8217","8217","8217","","","","","","","","","","","","","","","","","","","","","","","","","","","","","","","","","","","","","","","","","","","","","","","","","0.8247874370987334","0.8247874370987334","0.8247874370987334","2687","2687","2687","","","","","","","","","","","","","","","","","","","","","","","","","","","","","","","","","","","","","","","","","",""
"158","","","","","","","","","","","","","","","","","","","","","","","","","","","","","","","","","","","","","","","","","","","","","","","","","","","","","","","0.7771993753253514","0.7771993753253514","0.7771993753253514","2704","2704","2704","","","","","","","0.5373372632204872","0.5373372632204872","0.5373372632204872","8269","8269","8269","","","","","","","","","","","","","","","","","","","","","","","","","","","","","","","","","","","","","","","","","","","","","","","","","0.8242668748915495","0.8242668748915495","0.8242668748915495","2704","2704","2704","","","","","","","","","","","","","","","","","","","","","","","","","","","","","","","","","","","","","","","","","",""
"159","","","","","","","","","","","","","","","","","","","","","","","","","","","","","","","","","","","","","","","","","","","","","","","","","","","","","","","0.7884348429637342","0.7884348429637342","0.7884348429637342","2721","2721","2721","","","","","","","0.5480463010080103","0.5480463010080103","0.5480463010080103","8321","8321","8321","","","","","","","","","","","","","","","","","","","","","","","","","","","","","","","","","","","","","","","","","","","","","","","","","0.8263925039042165","0.8263925039042165","0.8263925039042165","2721","2721","2721","","","","","","","","","","","","","","","","","","","","","","","","","","","","","","","","","","","","","","","","","",""
"160","","","","","","","","","","","","","","","","","","","","","","","","","","","","","","","","","","","","","","","","","","","","","","","","","","","","","","","0.7332986291861877","0.7332986291861877","0.7332986291861877","2738","2738","2738","","","","","","","0.5714312260218755","0.5714312260218755","0.5714312260218755","8373","8373","8373","","","","","","","","","","","","","","","","","","","","","","","","","","","","","","","","","","","","","","","","","","","","","","","","","0.8270865868471282","0.8270865868471282","0.8270865868471282","2738","2738","2738","","","","","","","","","","","","","","","","","","","","","","","","","","","","","","","","","","","","","","","","","",""
"161","","","","","","","","","","","","","","","","","","","","","","","","","","","","","","","","","","","","","","","","","","","","","","","","","","","","","","","0.7697379836890509","0.7697379836890509","0.7697379836890509","2755","2755","2755","","","","","","","0.6054222722828603","0.6054222722828603","0.6054222722828603","8425","8425","8425","","","","","","","","","","","","","","","","","","","","","","","","","","","","","","","","","","","","","","","","","","","","","","","","","0.8222280062467466","0.8222280062467466","0.8222280062467466","2755","2755","2755","","","","","","","","","","","","","","","","","","","","","","","","","","","","","","","","","","","","","","","","","",""
"162","","","","","","","","","","","","","","","","","","","","","","","","","","","","","","","","","","","","","","","","","","","","","","","","","","","","","","","0.7615825091098387","0.7615825091098387","0.7615825091098387","2772","2772","2772","","","","","","","0.5698431666275965","0.5698431666275965","0.5698431666275965","8477","8477","8477","","","","","","","","","","","","","","","","","","","","","","","","","","","","","","","","","","","","","","","","","","","","","","","","","0.8151136560819019","0.8151136560819019","0.8151136560819019","2772","2772","2772","","","","","","","","","","","","","","","","","","","","","","","","","","","","","","","","","","","","","","","","","",""
"163","","","","","","","","","","","","","","","","","","","","","","","","","","","","","","","","","","","","","","","","","","","","","","","","","","","","","","","0.7097865694950546","0.7097865694950546","0.7097865694950546","2789","2789","2789","","","","","","","0.5560123271145061","0.5560123271145061","0.5560123271145061","8529","8529","8529","","","","","","","","","","","","","","","","","","","","","","","","","","","","","","","","","","","","","","","","","","","","","","","","","0.8195818150268956","0.8195818150268956","0.8195818150268956","2789","2789","2789","","","","","","","","","","","","","","","","","","","","","","","","","","","","","","","","","","","","","","","","","",""
"164","","","","","","","","","","","","","","","","","","","","","","","","","","","","","","","","","","","","","","","","","","","","","","","","","","","","","","","0.7408034010064202","0.7408034010064202","0.7408034010064202","2806","2806","2806","","","","","","","0.5992215507235604","0.5992215507235604","0.5992215507235604","8581","8581","8581","","","","","","","","","","","","","","","","","","","","","","","","","","","","","","","","","","","","","","","","","","","","","","","","","0.8213170223841749","0.8213170223841749","0.8213170223841749","2806","2806","2806","","","","","","","","","","","","","","","","","","","","","","","","","","","","","","","","","","","","","","","","","",""
"165","","","","","","","","","","","","","","","","","","","","","","","","","","","","","","","","","","","","","","","","","","","","","","","","","","","","","","","0.7695644629533229","0.7695644629533229","0.7695644629533229","2823","2823","2823","","","","","","","0.5702919970954665","0.5702919970954665","0.5702919970954665","8633","8633","8633","","","","","","","","","","","","","","","","","","","","","","","","","","","","","","","","","","","","","","","","","","","","","","","","","0.825655040777373","0.825655040777373","0.825655040777373","2823","2823","2823","","","","","","","","","","","","","","","","","","","","","","","","","","","","","","","","","","","","","","","","","",""
"166","","","","","","","","","","","","","","","","","","","","","","","","","","","","","","","","","","","","","","","","","","","","","","","","","","","","","","","0.7681329168835676","0.7681329168835676","0.7681329168835676","2840","2840","2840","","","","","","","0.5863040955065495","0.5863040955065495","0.5863040955065495","8685","8685","8685","","","","","","","","","","","","","","","","","","","","","","","","","","","","","","","","","","","","","","","","","","","","","","","","","0.8303401006420268","0.8303401006420268","0.8303401006420268","2840","2840","2840","","","","","","","","","","","","","","","","","","","","","","","","","","","","","","","","","","","","","","","","","",""
"167","","","","","","","","","","","","","","","","","","","","","","","","","","","","","","","","","","","","","","","","","","","","","","","","","","","","","","","0.7186361270171785","0.7186361270171785","0.7186361270171785","2857","2857","2857","","","","","","","0.5756708157279344","0.5756708157279344","0.5756708157279344","8737","8737","8737","","","","","","","","","","","","","","","","","","","","","","","","","","","","","","","","","","","","","","","","","","","","","","","","","0.8322054485511019","0.8322054485511019","0.8322054485511019","2857","2857","2857","","","","","","","","","","","","","","","","","","","","","","","","","","","","","","","","","","","","","","","","","",""
"168","","","","","","","","","","","","","","","","","","","","","","","","","","","","","","","","","","","","","","","","","","","","","","","","","","","","","","","0.7663977095262884","0.7663977095262884","0.7663977095262884","2874","2874","2874","","","","","","","0.5789126867506389","0.5789126867506389","0.5789126867506389","8789","8789","8789","","","","","","","","","","","","","","","","","","","","","","","","","","","","","","","","","","","","","","","","","","","","","","","","","0.8235294117647058","0.8235294117647058","0.8235294117647058","2874","2874","2874","","","","","","","","","","","","","","","","","","","","","","","","","","","","","","","","","","","","","","","","","",""
"169","","","","","","","","","","","","","","","","","","","","","","","","","","","","","","","","","","","","","","","","","","","","","","","","","","","","","","","0.7338625715773035","0.7338625715773035","0.7338625715773035","2891","2891","2891","","","","","","","0.5739512518653623","0.5739512518653623","0.5739512518653623","8841","8841","8841","","","","","","","","","","","","","","","","","","","","","","","","","","","","","","","","","","","","","","","","","","","","","","","","","0.8120336630227312","0.8120336630227312","0.8120336630227312","2891","2891","2891","","","","","","","","","","","","","","","","","","","","","","","","","","","","","","","","","","","","","","","","","",""
"170","","","","","","","","","","","","","","","","","","","","","","","","","","","","","","","","","","","","","","","","","","","","","","","","","","","","","","","0.7450980392156863","0.7450980392156863","0.7450980392156863","2908","2908","2908","","","","","","","0.5693328721147634","0.5693328721147634","0.5693328721147634","8893","8893","8893","","","","","","","","","","","","","","","","","","","","","","","","","","","","","","","","","","","","","","","","","","","","","","","","","0.8132916883567587","0.8132916883567587","0.8132916883567587","2908","2908","2908","","","","","","","","","","","","","","","","","","","","","","","","","","","","","","","","","","","","","","","","","",""
"171","","","","","","","","","","","","","","","","","","","","","","","","","","","","","","","","","","","","","","","","","","","","","","","","","","","","","","","0.7804528891202499","0.7804528891202499","0.7804528891202499","2925","2925","2925","","","","","","","0.6126736001921109","0.6126736001921109","0.6126736001921109","8945","8945","8945","","","","","","","","","","","","","","","","","","","","","","","","","","","","","","","","","","","","","","","","","","","","","","","","","0.8201023772340795","0.8201023772340795","0.8201023772340795","2925","2925","2925","","","","","","","","","","","","","","","","","","","","","","","","","","","","","","","","","","","","","","","","","",""
"172","","","","","","","","","","","","","","","","","","","","","","","","","","","","","","","","","","","","","","","","","","","","","","","","","","","","","","","0.7080513621377754","0.7080513621377754","0.7080513621377754","2942","2942","2942","","","","","","","0.6236999639792109","0.6236999639792109","0.6236999639792109","8997","8997","8997","","","","","","","","","","","","","","","","","","","","","","","","","","","","","","","","","","","","","","","","","","","","","","","","","0.8256116605934409","0.8256116605934409","0.8256116605934409","2942","2942","2942","","","","","","","","","","","","","","","","","","","","","","","","","","","","","","","","","","","","","","","","","",""
"173","","","","","","","","","","","","","","","","","","","","","","","","","","","","","","","","","","","","","","","","","","","","","","","","","","","","","","","0.7777199375325352","0.7777199375325352","0.7777199375325352","2959","2959","2959","","","","","","","0.5711982344095736","0.5711982344095736","0.5711982344095736","9049","9049","9049","","","","","","","","","","","","","","","","","","","","","","","","","","","","","","","","","","","","","","","","","","","","","","","","","0.8327260107582856","0.8327260107582856","0.8327260107582856","2959","2959","2959","","","","","","","","","","","","","","","","","","","","","","","","","","","","","","","","","","","","","","","","","",""
"174","","","","","","","","","","","","","","","","","","","","","","","","","","","","","","","","","","","","","","","","","","","","","","","","","","","","","","","0.773468679507201","0.773468679507201","0.773468679507201","2976","2976","2976","","","","","","","0.5710238480494457","0.5710238480494457","0.5710238480494457","9101","9101","9101","","","","","","","","","","","","","","","","","","","","","","","","","","","","","","","","","","","","","","","","","","","","","","","","","0.8311643241367344","0.8311643241367344","0.8311643241367344","2976","2976","2976","","","","","","","","","","","","","","","","","","","","","","","","","","","","","","","","","","","","","","","","","",""
"175","","","","","","","","","","","","","","","","","","","","","","","","","","","","","","","","","","","","","","","","","","","","","","","","","","","","","","","0.773555439875065","0.773555439875065","0.773555439875065","2993","2993","2993","","","","","","","0.5560037507361391","0.5560037507361391","0.5560037507361391","9153","9153","9153","","","","","","","","","","","","","","","","","","","","","","","","","","","","","","","","","","","","","","","","","","","","","","","","","0.8316415061599861","0.8316415061599861","0.8316415061599861","2993","2993","2993","","","","","","","","","","","","","","","","","","","","","","","","","","","","","","","","","","","","","","","","","",""
"176","","","","","","","","","","","","","","","","","","","","","","","","","","","","","","","","","","","","","","","","","","","","","","","","","","","","","","","0.7444907166406386","0.7444907166406386","0.7444907166406386","3010","3010","3010","","","","","","","0.5060713611855985","0.5060713611855985","0.5060713611855985","9205","9205","9205","","","","","","","","","","","","","","","","","","","","","","","","","","","","","","","","","","","","","","","","","","","","","","","","","0.8306871421134826","0.8306871421134826","0.8306871421134826","3010","3010","3010","","","","","","","","","","","","","","","","","","","","","","","","","","","","","","","","","","","","","","","","","",""
"177","","","","","","","","","","","","","","","","","","","","","","","","","","","","","","","","","","","","","","","","","","","","","","","","","","","","","","","0.7457921221585979","0.7457921221585979","0.7457921221585979","3027","3027","3027","","","","","","","0.5743872177656819","0.5743872177656819","0.5743872177656819","9257","9257","9257","","","","","","","","","","","","","","","","","","","","","","","","","","","","","","","","","","","","","","","","","","","","","","","","","0.8093440916189484","0.8093440916189484","0.8093440916189484","3027","3027","3027","","","","","","","","","","","","","","","","","","","","","","","","","","","","","","","","","","","","","","","","","",""
"178","","","","","","","","","","","","","","","","","","","","","","","","","","","","","","","","","","","","","","","","","","","","","","","","","","","","","","","0.7050147492625368","0.7050147492625368","0.7050147492625368","3044","3044","3044","","","","","","","0.5784281213729067","0.5784281213729067","0.5784281213729067","9309","9309","9309","","","","","","","","","","","","","","","","","","","","","","","","","","","","","","","","","","","","","","","","","","","","","","","","","0.8181068887732085","0.8181068887732085","0.8181068887732085","3044","3044","3044","","","","","","","","","","","","","","","","","","","","","","","","","","","","","","","","","","","","","","","","","",""
"179","","","","","","","","","","","","","","","","","","","","","","","","","","","","","","","","","","","","","","","","","","","","","","","","","","","","","","","0.7817976748221412","0.7817976748221412","0.7817976748221412","3061","3061","3061","","","","","","","0.5497808735327246","0.5497808735327246","0.5497808735327246","9361","9361","9361","","","","","","","","","","","","","","","","","","","","","","","","","","","","","","","","","","","","","","","","","","","","","","","","","0.823355891028978","0.823355891028978","0.823355891028978","3061","3061","3061","","","","","","","","","","","","","","","","","","","","","","","","","","","","","","","","","","","","","","","","","",""
"180","","","","","","","","","","","","","","","","","","","","","","","","","","","","","","","","","","","","","","","","","","","","","","","","","","","","","","","0.7783706402915148","0.7783706402915148","0.7783706402915148","3078","3078","3078","","","","","","","0.5750261579540191","0.5750261579540191","0.5750261579540191","9413","9413","9413","","","","","","","","","","","","","","","","","","","","","","","","","","","","","","","","","","","","","","","","","","","","","","","","","0.8177598473017526","0.8177598473017526","0.8177598473017526","3078","3078","3078","","","","","","","","","","","","","","","","","","","","","","","","","","","","","","","","","","","","","","","","","",""
"181","","","","","","","","","","","","","","","","","","","","","","","","","","","","","","","","","","","","","","","","","","","","","","","","","","","","","","","0.7553357626236334","0.7553357626236334","0.7553357626236334","3095","3095","3095","","","","","","","0.558282208588957","0.558282208588957","0.558282208588957","9465","9465","9465","","","","","","","","","","","","","","","","","","","","","","","","","","","","","","","","","","","","","","","","","","","","","","","","","0.8199288564983516","0.8199288564983516","0.8199288564983516","3095","3095","3095","","","","","","","","","","","","","","","","","","","","","","","","","","","","","","","","","","","","","","","","","",""
"182","","","","","","","","","","","","","","","","","","","","","","","","","","","","","","","","","","","","","","","","","","","","","","","","","","","","","","","0.7607582856151309","0.7607582856151309","0.7607582856151309","3112","3112","3112","","","","","","","0.5232934436446177","0.5232934436446177","0.5232934436446177","9517","9517","9517","","","","","","","","","","","","","","","","","","","","","","","","","","","","","","","","","","","","","","","","","","","","","","","","","0.8248308172826653","0.8248308172826653","0.8248308172826653","3112","3112","3112","","","","","","","","","","","","","","","","","","","","","","","","","","","","","","","","","","","","","","","","","",""
"183","","","","","","","","","","","","","","","","","","","","","","","","","","","","","","","","","","","","","","","","","","","","","","","","","","","","","","","0.6772080513621377","0.6772080513621377","0.6772080513621377","3129","3129","3129","","","","","","","0.5529770038708055","0.5529770038708055","0.5529770038708055","9569","9569","9569","","","","","","","","","","","","","","","","","","","","","","","","","","","","","","","","","","","","","","","","","","","","","","","","","0.8294291167794551","0.8294291167794551","0.8294291167794551","3129","3129","3129","","","","","","","","","","","","","","","","","","","","","","","","","","","","","","","","","","","","","","","","","",""
"184","","","","","","","","","","","","","","","","","","","","","","","","","","","","","","","","","","","","","","","","","","","","","","","","","","","","","","","0.7283532882179421","0.7283532882179421","0.7283532882179421","3146","3146","3146","","","","","","","0.553072058731039","0.553072058731039","0.553072058731039","9621","9621","9621","","","","","","","","","","","","","","","","","","","","","","","","","","","","","","","","","","","","","","","","","","","","","","","","","0.8306437619295506","0.8306437619295506","0.8306437619295506","3146","3146","3146","","","","","","","","","","","","","","","","","","","","","","","","","","","","","","","","","","","","","","","","","",""
"185","","","","","","","","","","","","","","","","","","","","","","","","","","","","","","","","","","","","","","","","","","","","","","","","","","","","","","","0.7771126149574874","0.7771126149574874","0.7771126149574874","3163","3163","3163","","","","","","","0.5696444805287623","0.5696444805287623","0.5696444805287623","9673","9673","9673","","","","","","","","","","","","","","","","","","","","","","","","","","","","","","","","","","","","","","","","","","","","","","","","","0.8323789692868298","0.8323789692868298","0.8323789692868298","3163","3163","3163","","","","","","","","","","","","","","","","","","","","","","","","","","","","","","","","","","","","","","","","","",""
"186","","","","","","","","","","","","","","","","","","","","","","","","","","","","","","","","","","","","","","","","","","","","","","","","","","","","","","","0.7750737463126844","0.7750737463126844","0.7750737463126844","3180","3180","3180","","","","","","","0.600173528722291","0.600173528722291","0.600173528722291","9725","9725","9725","","","","","","","","","","","","","","","","","","","","","","","","","","","","","","","","","","","","","","","","","","","","","","","","","0.8290386951240672","0.8290386951240672","0.8290386951240672","3180","3180","3180","","","","","","","","","","","","","","","","","","","","","","","","","","","","","","","","","","","","","","","","","",""
"187","","","","","","","","","","","","","","","","","","","","","","","","","","","","","","","","","","","","","","","","","","","","","","","","","","","","","","","0.7763751518306439","0.7763751518306439","0.7763751518306439","3197","3197","3197","","","","","","","0.598173803166399","0.598173803166399","0.598173803166399","9777","9777","9777","","","","","","","","","","","","","","","","","","","","","","","","","","","","","","","","","","","","","","","","","","","","","","","","","0.8286482734686795","0.8286482734686795","0.8286482734686795","3197","3197","3197","","","","","","","","","","","","","","","","","","","","","","","","","","","","","","","","","","","","","","","","","",""
"188","","","","","","","","","","","","","","","","","","","","","","","","","","","","","","","","","","","","","","","","","","","","","","","","","","","","","","","0.7504771820232519","0.7504771820232519","0.7504771820232519","3214","3214","3214","","","","","","","0.5416926340345","0.5416926340345","0.5416926340345","9829","9829","9829","","","","","","","","","","","","","","","","","","","","","","","","","","","","","","","","","","","","","","","","","","","","","","","","","0.8264792642720805","0.8264792642720805","0.8264792642720805","3214","3214","3214","","","","","","","","","","","","","","","","","","","","","","","","","","","","","","","","","","","","","","","","","",""
"189","","","","","","","","","","","","","","","","","","","","","","","","","","","","","","","","","","","","","","","","","","","","","","","","","","","","","","","0.7374631268436578","0.7374631268436578","0.7374631268436578","3231","3231","3231","","","","","","","0.5495107176141659","0.5495107176141659","0.5495107176141659","9881","9881","9881","","","","","","","","","","","","","","","","","","","","","","","","","","","","","","","","","","","","","","","","","","","","","","","","","0.8279541905257678","0.8279541905257678","0.8279541905257678","3231","3231","3231","","","","","","","","","","","","","","","","","","","","","","","","","","","","","","","","","","","","","","","","","",""
"190","","","","","","","","","","","","","","","","","","","","","","","","","","","","","","","","","","","","","","","","","","","","","","","","","","","","","","","0.758502516050668","0.758502516050668","0.758502516050668","3248","3248","3248","","","","","","","0.5709966895179504","0.5709966895179504","0.5709966895179504","9933","9933","9933","","","","","","","","","","","","","","","","","","","","","","","","","","","","","","","","","","","","","","","","","","","","","","","","","0.8289085545722714","0.8289085545722714","0.8289085545722714","3248","3248","3248","","","","","","","","","","","","","","","","","","","","","","","","","","","","","","","","","","","","","","","","","",""
"191","","","","","","","","","","","","","","","","","","","","","","","","","","","","","","","","","","","","","","","","","","","","","","","","","","","","","","","0.7541644976574701","0.7541644976574701","0.7541644976574701","3265","3265","3265","","","","","","","0.5520829164260517","0.5520829164260517","0.5520829164260517","9985","9985","9985","","","","","","","","","","","","","","","","","","","","","","","","","","","","","","","","","","","","","","","","","","","","","","","","","0.8259153218809647","0.8259153218809647","0.8259153218809647","3265","3265","3265","","","","","","","","","","","","","","","","","","","","","","","","","","","","","","","","","","","","","","","","","",""
"192","","","","","","","","","","","","","","","","","","","","","","","","","","","","","","","","","","","","","","","","","","","","","","","","","","","","","","","0.7473538087801493","0.7473538087801493","0.7473538087801493","3282","3282","3282","","","","","","","0.5554598654080355","0.5554598654080355","0.5554598654080355","10037","10037","10037","","","","","","","","","","","","","","","","","","","","","","","","","","","","","","","","","","","","","","","","","","","","","","","","","0.8289085545722713","0.8289085545722713","0.8289085545722713","3282","3282","3282","","","","","","","","","","","","","","","","","","","","","","","","","","","","","","","","","","","","","","","","","",""
"193","","","","","","","","","","","","","","","","","","","","","","","","","","","","","","","","","","","","","","","","","","","","","","","","","","","","","","","0.7612788478223148","0.7612788478223148","0.7612788478223148","3299","3299","3299","","","","","","","0.5675232562793384","0.5675232562793384","0.5675232562793384","10089","10089","10089","","","","","","","","","","","","","","","","","","","","","","","","","","","","","","","","","","","","","","","","","","","","","","","","","0.8344178379316328","0.8344178379316328","0.8344178379316328","3299","3299","3299","","","","","","","","","","","","","","","","","","","","","","","","","","","","","","","","","","","","","","","","","",""
"194","","","","","","","","","","","","","","","","","","","","","","","","","","","","","","","","","","","","","","","","","","","","","","","","","","","","","","","0.7731650182196773","0.7731650182196773","0.7731650182196773","3316","3316","3316","","","","","","","0.5418727379802057","0.5418727379802057","0.5418727379802057","10141","10141","10141","","","","","","","","","","","","","","","","","","","","","","","","","","","","","","","","","","","","","","","","","","","","","","","","","0.8328561513100816","0.8328561513100816","0.8328561513100816","3316","3316","3316","","","","","","","","","","","","","","","","","","","","","","","","","","","","","","","","","","","","","","","","","",""
"195","","","","","","","","","","","","","","","","","","","","","","","","","","","","","","","","","","","","","","","","","","","","","","","","","","","","","","","0.7916015963907687","0.7916015963907687","0.7916015963907687","3333","3333","3333","","","","","","","0.565692199497996","0.565692199497996","0.565692199497996","10193","10193","10193","","","","","","","","","","","","","","","","","","","","","","","","","","","","","","","","","","","","","","","","","","","","","","","","","0.8284313725490197","0.8284313725490197","0.8284313725490197","3333","3333","3333","","","","","","","","","","","","","","","","","","","","","","","","","","","","","","","","","","","","","","","","","",""
"196","","","","","","","","","","","","","","","","","","","","","","","","","","","","","","","","","","","","","","","","","","","","","","","","","","","","","","","0.7880010411244144","0.7880010411244144","0.7880010411244144","3350","3350","3350","","","","","","","0.5652176398950252","0.5652176398950252","0.5652176398950252","10245","10245","10245","","","","","","","","","","","","","","","","","","","","","","","","","","","","","","","","","","","","","","","","","","","","","","","","","0.8283446121811556","0.8283446121811556","0.8283446121811556","3350","3350","3350","","","","","","","","","","","","","","","","","","","","","","","","","","","","","","","","","","","","","","","","","",""
"197","","","","","","","","","","","","","","","","","","","","","","","","","","","","","","","","","","","","","","","","","","","","","","","","","","","","","","","0.7814506333506854","0.7814506333506854","0.7814506333506854","3367","3367","3367","","","","","","","0.5455905980022757","0.5455905980022757","0.5455905980022757","10297","10297","10297","","","","","","","","","","","","","","","","","","","","","","","","","","","","","","","","","","","","","","","","","","","","","","","","","0.8273034877667881","0.8273034877667881","0.8273034877667881","3367","3367","3367","","","","","","","","","","","","","","","","","","","","","","","","","","","","","","","","","","","","","","","","","",""
"198","","","","","","","","","","","","","","","","","","","","","","","","","","","","","","","","","","","","","","","","","","","","","","","","","","","","","","","0.7700199548846087","0.7700199548846087","0.7700199548846087","3384","3384","3384","","","","","","","0.5479462432603961","0.5479462432603961","0.5479462432603961","10349","10349","10349","","","","","","","","","","","","","","","","","","","","","","","","","","","","","","","","","","","","","","","","","","","","","","","","","0.8315981259760541","0.8315981259760541","0.8315981259760541","3384","3384","3384","","","","","","","","","","","","","","","","","","","","","","","","","","","","","","","","","","","","","","","","","",""
"199","","","","","","","","","","","","","","","","","","","","","","","","","","","","","","","","","","","","","","","","","","","","","","","","","","","","","","","0.7647058823529412","0.7647058823529412","0.7647058823529412","3401","3401","3401","","","","","","","0.5476103351076907","0.5476103351076907","0.5476103351076907","10401","10401","10401","","","","","","","","","","","","","","","","","","","","","","","","","","","","","","","","","","","","","","","","","","","","","","","","","0.8296460176991151","0.8296460176991151","0.8296460176991151","3401","3401","3401","","","","","","","","","","","","","","","","","","","","","","","","","","","","","","","","","","","","","","","","","",""
"200","","","","","","","","","","","","","","","","","","","","","","","","","","","","","","","","","","","","","","","","","","","","","","","","","","","","","","","0.76687489154954","0.76687489154954","0.76687489154954","3418","3418","3418","","","","","","","0.5540883595675219","0.5540883595675219","0.5540883595675219","10453","10453","10453","","","","","","","","","","","","","","","","","","","","","","","","","","","","","","","","","","","","","","","","","","","","","","","","","0.8279975707096998","0.8279975707096998","0.8279975707096998","3418","3418","3418","","","","","","","","","","","","","","","","","","","","","","","","","","","","","","","","","","","","","","","","","",""
"201","","","","","","","","","","","","","","","","","","","","","","","","","","","","","","","","","","","","","","","","","","","","","","","","","","","","","","","0.7677858754121117","0.7677858754121117","0.7677858754121117","3435","3435","3435","","","","","","","0.5401145804149823","0.5401145804149823","0.5401145804149823","10505","10505","10505","","","","","","","","","","","","","","","","","","","","","","","","","","","","","","","","","","","","","","","","","","","","","","","","","0.8209266007287871","0.8209266007287871","0.8209266007287871","3435","3435","3435","","","","","","","","","","","","","","","","","","","","","","","","","","","","","","","","","","","","","","","","","",""
"202","","","","","","","","","","","","","","","","","","","","","","","","","","","","","","","","","","","","","","","","","","","","","","","","","","","","","","","0.7709743189311122","0.7709743189311122","0.7709743189311122","3452","3452","3452","","","","","","","0.5703491729512462","0.5703491729512462","0.5703491729512462","10557","10557","10557","","","","","","","","","","","","","","","","","","","","","","","","","","","","","","","","","","","","","","","","","","","","","","","","","0.8243970154433455","0.8243970154433455","0.8243970154433455","3452","3452","3452","","","","","","","","","","","","","","","","","","","","","","","","","","","","","","","","","","","","","","","","","",""
"203","","","","","","","","","","","","","","","","","","","","","","","","","","","","","","","","","","","","","","","","","","","","","","","","","","","","","","","0.7481346520909249","0.7481346520909249","0.7481346520909249","3469","3469","3469","","","","","","","0.5599731845236393","0.5599731845236393","0.5599731845236393","10609","10609","10609","","","","","","","","","","","","","","","","","","","","","","","","","","","","","","","","","","","","","","","","","","","","","","","","","0.8296893978830471","0.8296893978830471","0.8296893978830471","3469","3469","3469","","","","","","","","","","","","","","","","","","","","","","","","","","","","","","","","","","","","","","","","","",""
"204","","","","","","","","","","","","","","","","","","","","","","","","","","","","","","","","","","","","","","","","","","","","","","","","","","","","","","","0.7598039215686274","0.7598039215686274","0.7598039215686274","3486","3486","3486","","","","","","","0.5691463358852824","0.5691463358852824","0.5691463358852824","10661","10661","10661","","","","","","","","","","","","","","","","","","","","","","","","","","","","","","","","","","","","","","","","","","","","","","","","","0.8299062988027069","0.8299062988027069","0.8299062988027069","3486","3486","3486","","","","","","","","","","","","","","","","","","","","","","","","","","","","","","","","","","","","","","","","","",""
"205","","","","","","","","","","","","","","","","","","","","","","","","","","","","","","","","","","","","","","","","","","","","","","","","","","","","","","","0.7810602116952975","0.7810602116952975","0.7810602116952975","3503","3503","3503","","","","","","","0.567586149720696","0.567586149720696","0.567586149720696","10713","10713","10713","","","","","","","","","","","","","","","","","","","","","","","","","","","","","","","","","","","","","","","","","","","","","","","","","0.8317716467117822","0.8317716467117822","0.8317716467117822","3503","3503","3503","","","","","","","","","","","","","","","","","","","","","","","","","","","","","","","","","","","","","","","","","",""
"206","","","","","","","","","","","","","","","","","","","","","","","","","","","","","","","","","","","","","","","","","","","","","","","","","","","","","","","0.7742061426340447","0.7742061426340447","0.7742061426340447","3520","3520","3520","","","","","","","0.5439968210224186","0.5439968210224186","0.5439968210224186","10765","10765","10765","","","","","","","","","","","","","","","","","","","","","","","","","","","","","","","","","","","","","","","","","","","","","","","","","0.8271299670310601","0.8271299670310601","0.8271299670310601","3520","3520","3520","","","","","","","","","","","","","","","","","","","","","","","","","","","","","","","","","","","","","","","","","",""
"207","","","","","","","","","","","","","","","","","","","","","","","","","","","","","","","","","","","","","","","","","","","","","","","","","","","","","","","0.7958528544161027","0.7958528544161027","0.7958528544161027","3537","3537","3537","","","","","","","0.5664855144969383","0.5664855144969383","0.5664855144969383","10817","10817","10817","","","","","","","","","","","","","","","","","","","","","","","","","","","","","","","","","","","","","","","","","","","","","","","","","0.8284747527329516","0.8284747527329516","0.8284747527329516","3537","3537","3537","","","","","","","","","","","","","","","","","","","","","","","","","","","","","","","","","","","","","","","","","",""
"208","","","","","","","","","","","","","","","","","","","","","","","","","","","","","","","","","","","","","","","","","","","","","","","","","","","","","","","0.7639684192260976","0.7639684192260976","0.7639684192260976","3554","3554","3554","","","","","","","0.5633222602759307","0.5633222602759307","0.5633222602759307","10869","10869","10869","","","","","","","","","","","","","","","","","","","","","","","","","","","","","","","","","","","","","","","","","","","","","","","","","0.8245705361790734","0.8245705361790734","0.8245705361790734","3554","3554","3554","","","","","","","","","","","","","","","","","","","","","","","","","","","","","","","","","","","","","","","","","",""
"209","","","","","","","","","","","","","","","","","","","","","","","","","","","","","","","","","","","","","","","","","","","","","","","","","","","","","","","0.7590664584417838","0.7590664584417838","0.7590664584417838","3571","3571","3571","","","","","","","0.5567241665189624","0.5567241665189624","0.5567241665189624","10921","10921","10921","","","","","","","","","","","","","","","","","","","","","","","","","","","","","","","","","","","","","","","","","","","","","","","","","0.8241367343397537","0.8241367343397537","0.8241367343397537","3571","3571","3571","","","","","","","","","","","","","","","","","","","","","","","","","","","","","","","","","","","","","","","","","",""
"210","","","","","","","","","","","","","","","","","","","","","","","","","","","","","","","","","","","","","","","","","","","","","","","","","","","","","","","0.7451631094915843","0.7451631094915843","0.7451631094915843","3588","3588","3588","","","","","","","0.5356720164209058","0.5356720164209058","0.5356720164209058","10973","10973","10973","","","","","","","","","","","","","","","","","","","","","","","","","","","","","","","","","","","","","","","","","","","","","","","","","0.8278674301579039","0.8278674301579039","0.8278674301579039","3588","3588","3588","","","","","","","","","","","","","","","","","","","","","","","","","","","","","","","","","","","","","","","","","",""
"211","","","","","","","","","","","","","","","","","","","","","","","","","","","","","","","","","","","","","","","","","","","","","","","","","","","","","","","0.7753123373243103","0.7753123373243103","0.7753123373243103","3605","3605","3605","","","","","","","0.5376989005082934","0.5376989005082934","0.5376989005082934","11025","11025","11025","","","","","","","","","","","","","","","","","","","","","","","","","","","","","","","","","","","","","","","","","","","","","","","","","0.8293206663196252","0.8293206663196252","0.8293206663196252","3605","3605","3605","","","","","","","","","","","","","","","","","","","","","","","","","","","","","","","","","","","","","","","","","",""
"212","","","","","","","","","","","","","","","","","","","","","","","","","","","","","","","","","","","","","","","","","","","","","","","","","","","","","","","0.7642070102377233","0.7642070102377233","0.7642070102377233","3622","3622","3622","","","","","","","0.5453690415611296","0.5453690415611296","0.5453690415611296","11077","11077","11077","","","","","","","","","","","","","","","","","","","","","","","","","","","","","","","","","","","","","","","","","","","","","","","","","0.8260888426166927","0.8260888426166927","0.8260888426166927","3622","3622","3622","","","","","","","","","","","","","","","","","","","","","","","","","","","","","","","","","","","","","","","","","",""
"213","","","","","","","","","","","","","","","","","","","","","","","","","","","","","","","","","","","","","","","","","","","","","","","","","","","","","","","0.7526895714037828","0.7526895714037828","0.7526895714037828","3639","3639","3639","","","","","","","0.5606399979416692","0.5606399979416692","0.5606399979416692","11129","11129","11129","","","","","","","","","","","","","","","","","","","","","","","","","","","","","","","","","","","","","","","","","","","","","","","","","0.827650529238244","0.827650529238244","0.827650529238244","3639","3639","3639","","","","","","","","","","","","","","","","","","","","","","","","","","","","","","","","","","","","","","","","","",""
"214","","","","","","","","","","","","","","","","","","","","","","","","","","","","","","","","","","","","","","","","","","","","","","","","","","","","","","","0.7562684365781711","0.7562684365781711","0.7562684365781711","3656","3656","3656","","","","","","","0.6041579711719336","0.6041579711719336","0.6041579711719336","11181","11181","11181","","","","","","","","","","","","","","","","","","","","","","","","","","","","","","","","","","","","","","","","","","","","","","","","","0.829732778066979","0.829732778066979","0.829732778066979","3656","3656","3656","","","","","","","","","","","","","","","","","","","","","","","","","","","","","","","","","","","","","","","","","",""
"215","","","","","","","","","","","","","","","","","","","","","","","","","","","","","","","","","","","","","","","","","","","","","","","","","","","","","","","0.7554659031754294","0.7554659031754294","0.7554659031754294","3673","3673","3673","","","","","","","0.6014156741891035","0.6014156741891035","0.6014156741891035","11233","11233","11233","","","","","","","","","","","","","","","","","","","","","","","","","","","","","","","","","","","","","","","","","","","","","","","","","0.8295592573312511","0.8295592573312511","0.8295592573312511","3673","3673","3673","","","","","","","","","","","","","","","","","","","","","","","","","","","","","","","","","","","","","","","","","",""
"216","","","","","","","","","","","","","","","","","","","","","","","","","","","","","","","","","","","","","","","","","","","","","","","","","","","","","","","0.7661808086066285","0.7661808086066285","0.7661808086066285","3690","3690","3690","","","","","","","0.5845430791485371","0.5845430791485371","0.5845430791485371","11285","11285","11285","","","","","","","","","","","","","","","","","","","","","","","","","","","","","","","","","","","","","","","","","","","","","","","","","0.8290820753079994","0.8290820753079994","0.8290820753079994","3690","3690","3690","","","","","","","","","","","","","","","","","","","","","","","","","","","","","","","","","","","","","","","","","",""
"217","","","","","","","","","","","","","","","","","","","","","","","","","","","","","","","","","","","","","","","","","","","","","","","","","","","","","","","0.7747267048412285","0.7747267048412285","0.7747267048412285","3707","3707","3707","","","","","","","0.5885768357737894","0.5885768357737894","0.5885768357737894","11337","11337","11337","","","","","","","","","","","","","","","","","","","","","","","","","","","","","","","","","","","","","","","","","","","","","","","","","0.829732778066979","0.829732778066979","0.829732778066979","3707","3707","3707","","","","","","","","","","","","","","","","","","","","","","","","","","","","","","","","","","","","","","","","","",""
"218","","","","","","","","","","","","","","","","","","","","","","","","","","","","","","","","","","","","","","","","","","","","","","","","","","","","","","","0.7771126149574874","0.7771126149574874","0.7771126149574874","3724","3724","3724","","","","","","","0.5947889925042452","0.5947889925042452","0.5947889925042452","11389","11389","11389","","","","","","","","","","","","","","","","","","","","","","","","","","","","","","","","","","","","","","","","","","","","","","","","","0.829515877147319","0.829515877147319","0.829515877147319","3724","3724","3724","","","","","","","","","","","","","","","","","","","","","","","","","","","","","","","","","","","","","","","","","",""
"219","","","","","","","","","","","","","","","","","","","","","","","","","","","","","","","","","","","","","","","","","","","","","","","","","","","","","","","0.7813204927988895","0.7813204927988895","0.7813204927988895","3741","3741","3741","","","","","","","0.5862712193894762","0.5862712193894762","0.5862712193894762","11441","11441","11441","","","","","","","","","","","","","","","","","","","","","","","","","","","","","","","","","","","","","","","","","","","","","","","","","0.8263057435363526","0.8263057435363526","0.8263057435363526","3741","3741","3741","","","","","","","","","","","","","","","","","","","","","","","","","","","","","","","","","","","","","","","","","",""
"220","","","","","","","","","","","","","","","","","","","","","","","","","","","","","","","","","","","","","","","","","","","","","","","","","","","","","","","0.7389814332812772","0.7389814332812772","0.7389814332812772","3758","3758","3758","","","","","","","0.5583043642330717","0.5583043642330717","0.5583043642330717","11493","11493","11493","","","","","","","","","","","","","","","","","","","","","","","","","","","","","","","","","","","","","","","","","","","","","","","","","0.8181936491410723","0.8181936491410723","0.8181936491410723","3758","3758","3758","","","","","","","","","","","","","","","","","","","","","","","","","","","","","","","","","","","","","","","","","",""
"221","","","","","","","","","","","","","","","","","","","","","","","","","","","","","","","","","","","","","","","","","","","","","","","","","","","","","","","0.7834461218115566","0.7834461218115566","0.7834461218115566","3775","3775","3775","","","","","","","0.5752105500889085","0.5752105500889085","0.5752105500889085","11545","11545","11545","","","","","","","","","","","","","","","","","","","","","","","","","","","","","","","","","","","","","","","","","","","","","","","","","0.8243102550754815","0.8243102550754815","0.8243102550754815","3775","3775","3775","","","","","","","","","","","","","","","","","","","","","","","","","","","","","","","","","","","","","","","","","",""
"222","","","","","","","","","","","","","","","","","","","","","","","","","","","","","","","","","","","","","","","","","","","","","","","","","","","","","","","0.7787610619469026","0.7787610619469026","0.7787610619469026","3792","3792","3792","","","","","","","0.5870874047307303","0.5870874047307303","0.5870874047307303","11597","11597","11597","","","","","","","","","","","","","","","","","","","","","","","","","","","","","","","","","","","","","","","","","","","","","","","","","0.8266961651917405","0.8266961651917405","0.8266961651917405","3792","3792","3792","","","","","","","","","","","","","","","","","","","","","","","","","","","","","","","","","","","","","","","","","",""
"223","","","","","","","","","","","","","","","","","","","","","","","","","","","","","","","","","","","","","","","","","","","","","","","","","","","","","","","0.777763317716467","0.777763317716467","0.777763317716467","3809","3809","3809","","","","","","","0.5780378961572107","0.5780378961572107","0.5780378961572107","11649","11649","11649","","","","","","","","","","","","","","","","","","","","","","","","","","","","","","","","","","","","","","","","","","","","","","","","","0.8252646191219851","0.8252646191219851","0.8252646191219851","3809","3809","3809","","","","","","","","","","","","","","","","","","","","","","","","","","","","","","","","","","","","","","","","","",""
"224","","","","","","","","","","","","","","","","","","","","","","","","","","","","","","","","","","","","","","","","","","","","","","","","","","","","","","","0.7863742842269651","0.7863742842269651","0.7863742842269651","3826","3826","3826","","","","","","","0.5707965740227217","0.5707965740227217","0.5707965740227217","11701","11701","11701","","","","","","","","","","","","","","","","","","","","","","","","","","","","","","","","","","","","","","","","","","","","","","","","","0.8266961651917403","0.8266961651917403","0.8266961651917403","3826","3826","3826","","","","","","","","","","","","","","","","","","","","","","","","","","","","","","","","","","","","","","","","","",""
"225","","","","","","","","","","","","","","","","","","","","","","","","","","","","","","","","","","","","","","","","","","","","","","","","","","","","","","","0.7771126149574874","0.7771126149574874","0.7771126149574874","3843","3843","3843","","","","","","","0.5711803669546424","0.5711803669546424","0.5711803669546424","11753","11753","11753","","","","","","","","","","","","","","","","","","","","","","","","","","","","","","","","","","","","","","","","","","","","","","","","","0.8269998264792642","0.8269998264792642","0.8269998264792642","3843","3843","3843","","","","","","","","","","","","","","","","","","","","","","","","","","","","","","","","","","","","","","","","","",""
"226","","","","","","","","","","","","","","","","","","","","","","","","","","","","","","","","","","","","","","","","","","","","","","","","","","","","","","","0.7440569148013187","0.7440569148013187","0.7440569148013187","3860","3860","3860","","","","","","","0.5646573165083848","0.5646573165083848","0.5646573165083848","11805","11805","11805","","","","","","","","","","","","","","","","","","","","","","","","","","","","","","","","","","","","","","","","","","","","","","","","","0.8281277112614958","0.8281277112614958","0.8281277112614958","3860","3860","3860","","","","","","","","","","","","","","","","","","","","","","","","","","","","","","","","","","","","","","","","","",""
"227","","","","","","","","","","","","","","","","","","","","","","","","","","","","","","","","","","","","","","","","","","","","","","","","","","","","","","","0.764879403088669","0.764879403088669","0.764879403088669","3877","3877","3877","","","","","","","0.582671999268149","0.582671999268149","0.582671999268149","11857","11857","11857","","","","","","","","","","","","","","","","","","","","","","","","","","","","","","","","","","","","","","","","","","","","","","","","","0.8301665799062988","0.8301665799062988","0.8301665799062988","3877","3877","3877","","","","","","","","","","","","","","","","","","","","","","","","","","","","","","","","","","","","","","","","","",""
"228","","","","","","","","","","","","","","","","","","","","","","","","","","","","","","","","","","","","","","","","","","","","","","","","","","","","","","","0.7744881138296027","0.7744881138296027","0.7744881138296027","3894","3894","3894","","","","","","","0.5775919244821297","0.5775919244821297","0.5775919244821297","11909","11909","11909","","","","","","","","","","","","","","","","","","","","","","","","","","","","","","","","","","","","","","","","","","","","","","","","","0.8314246052403261","0.8314246052403261","0.8314246052403261","3894","3894","3894","","","","","","","","","","","","","","","","","","","","","","","","","","","","","","","","","","","","","","","","","",""
"229","","","","","","","","","","","","","","","","","","","","","","","","","","","","","","","","","","","","","","","","","","","","","","","","","","","","","","","0.7776114870727051","0.7776114870727051","0.7776114870727051","3911","3911","3911","","","","","","","0.540833566801411","0.540833566801411","0.540833566801411","11961","11961","11961","","","","","","","","","","","","","","","","","","","","","","","","","","","","","","","","","","","","","","","","","","","","","","","","","0.8271733472149921","0.8271733472149921","0.8271733472149921","3911","3911","3911","","","","","","","","","","","","","","","","","","","","","","","","","","","","","","","","","","","","","","","","","",""
"230","","","","","","","","","","","","","","","","","","","","","","","","","","","","","","","","","","","","","","","","","","","","","","","","","","","","","","","0.7697379836890509","0.7697379836890509","0.7697379836890509","3928","3928","3928","","","","","","","0.5366625881222877","0.5366625881222877","0.5366625881222877","12013","12013","12013","","","","","","","","","","","","","","","","","","","","","","","","","","","","","","","","","","","","","","","","","","","","","","","","","0.8107756376887038","0.8107756376887038","0.8107756376887038","3928","3928","3928","","","","","","","","","","","","","","","","","","","","","","","","","","","","","","","","","","","","","","","","","",""
"231","","","","","","","","","","","","","","","","","","","","","","","","","","","","","","","","","","","","","","","","","","","","","","","","","","","","","","","0.7795635953496443","0.7795635953496443","0.7795635953496443","3945","3945","3945","","","","","","","0.5574688820404919","0.5574688820404919","0.5574688820404919","12065","12065","12065","","","","","","","","","","","","","","","","","","","","","","","","","","","","","","","","","","","","","","","","","","","","","","","","","0.8207096998091272","0.8207096998091272","0.8207096998091272","3945","3945","3945","","","","","","","","","","","","","","","","","","","","","","","","","","","","","","","","","","","","","","","","","",""
"232","","","","","","","","","","","","","","","","","","","","","","","","","","","","","","","","","","","","","","","","","","","","","","","","","","","","","","","0.7751605066805484","0.7751605066805484","0.7751605066805484","3962","3962","3962","","","","","","","0.5570858038067685","0.5570858038067685","0.5570858038067685","12117","12117","12117","","","","","","","","","","","","","","","","","","","","","","","","","","","","","","","","","","","","","","","","","","","","","","","","","0.8273034877667881","0.8273034877667881","0.8273034877667881","3962","3962","3962","","","","","","","","","","","","","","","","","","","","","","","","","","","","","","","","","","","","","","","","","",""
"233","","","","","","","","","","","","","","","","","","","","","","","","","","","","","","","","","","","","","","","","","","","","","","","","","","","","","","","0.7791514836022905","0.7791514836022905","0.7791514836022905","3979","3979","3979","","","","","","","0.5438152876803184","0.5438152876803184","0.5438152876803184","12169","12169","12169","","","","","","","","","","","","","","","","","","","","","","","","","","","","","","","","","","","","","","","","","","","","","","","","","0.8287350338365435","0.8287350338365435","0.8287350338365435","3979","3979","3979","","","","","","","","","","","","","","","","","","","","","","","","","","","","","","","","","","","","","","","","","",""
"234","","","","","","","","","","","","","","","","","","","","","","","","","","","","","","","","","","","","","","","","","","","","","","","","","","","","","","","0.7749869859448204","0.7749869859448204","0.7749869859448204","3996","3996","3996","","","","","","","0.5623281150835625","0.5623281150835625","0.5623281150835625","12221","12221","12221","","","","","","","","","","","","","","","","","","","","","","","","","","","","","","","","","","","","","","","","","","","","","","","","","0.8281277112614958","0.8281277112614958","0.8281277112614958","3996","3996","3996","","","","","","","","","","","","","","","","","","","","","","","","","","","","","","","","","","","","","","","","","",""
"235","","","","","","","","","","","","","","","","","","","","","","","","","","","","","","","","","","","","","","","","","","","","","","","","","","","","","","","0.7776114870727052","0.7776114870727052","0.7776114870727052","4013","4013","4013","","","","","","","0.5608208165855723","0.5608208165855723","0.5608208165855723","12273","12273","12273","","","","","","","","","","","","","","","","","","","","","","","","","","","","","","","","","","","","","","","","","","","","","","","","","0.8282578518132917","0.8282578518132917","0.8282578518132917","4013","4013","4013","","","","","","","","","","","","","","","","","","","","","","","","","","","","","","","","","","","","","","","","","",""
"236","","","","","","","","","","","","","","","","","","","","","","","","","","","","","","","","","","","","","","","","","","","","","","","","","","","","","","","0.7571577303487766","0.7571577303487766","0.7571577303487766","4030","4030","4030","","","","","","","0.5634223180235451","0.5634223180235451","0.5634223180235451","12325","12325","12325","","","","","","","","","","","","","","","","","","","","","","","","","","","","","","","","","","","","","","","","","","","","","","","","","0.8279975707096998","0.8279975707096998","0.8279975707096998","4030","4030","4030","","","","","","","","","","","","","","","","","","","","","","","","","","","","","","","","","","","","","","","","","",""
"237","","","","","","","","","","","","","","","","","","","","","","","","","","","","","","","","","","","","","","","","","","","","","","","","","","","","","","","0.7706055873676906","0.7706055873676906","0.7706055873676906","4047","4047","4047","","","","","","","0.5683808941160327","0.5683808941160327","0.5683808941160327","12377","12377","12377","","","","","","","","","","","","","","","","","","","","","","","","","","","","","","","","","","","","","","","","","","","","","","","","","0.8293857365955232","0.8293857365955232","0.8293857365955232","4047","4047","4047","","","","","","","","","","","","","","","","","","","","","","","","","","","","","","","","","","","","","","","","","",""
"238","","","","","","","","","","","","","","","","","","","","","","","","","","","","","","","","","","","","","","","","","","","","","","","","","","","","","","","0.7687836196425473","0.7687836196425473","0.7687836196425473","4064","4064","4064","","","","","","","0.5498573462398298","0.5498573462398298","0.5498573462398298","12429","12429","12429","","","","","","","","","","","","","","","","","","","","","","","","","","","","","","","","","","","","","","","","","","","","","","","","","0.8300798195384348","0.8300798195384348","0.8300798195384348","4064","4064","4064","","","","","","","","","","","","","","","","","","","","","","","","","","","","","","","","","","","","","","","","","",""
"239","","","","","","","","","","","","","","","","","","","","","","","","","","","","","","","","","","","","","","","","","","","","","","","","","","","","","","","0.7629272948117299","0.7629272948117299","0.7629272948117299","4081","4081","4081","","","","","","","0.536931314644452","0.536931314644452","0.536931314644452","12481","12481","12481","","","","","","","","","","","","","","","","","","","","","","","","","","","","","","","","","","","","","","","","","","","","","","","","","0.831771646711782","0.831771646711782","0.831771646711782","4081","4081","4081","","","","","","","","","","","","","","","","","","","","","","","","","","","","","","","","","","","","","","","","","",""
"240","","","","","","","","","","","","","","","","","","","","","","","","","","","","","","","","","","","","","","","","","","","","","","","","","","","","","","","0.7636430678466076","0.7636430678466076","0.7636430678466076","4098","4098","4098","","","","","","","0.5354290190338424","0.5354290190338424","0.5354290190338424","12533","12533","12533","","","","","","","","","","","","","","","","","","","","","","","","","","","","","","","","","","","","","","","","","","","","","","","","","0.829515877147319","0.829515877147319","0.829515877147319","4098","4098","4098","","","","","","","","","","","","","","","","","","","","","","","","","","","","","","","","","","","","","","","","","",""
"241","","","","","","","","","","","","","","","","","","","","","","","","","","","","","","","","","","","","","","","","","","","","","","","","","","","","","","","0.7555743536352594","0.7555743536352594","0.7555743536352594","4115","4115","4115","","","","","","","0.5514253940845859","0.5514253940845859","0.5514253940845859","12585","12585","12585","","","","","","","","","","","","","","","","","","","","","","","","","","","","","","","","","","","","","","","","","","","","","","","","","0.8302967204580948","0.8302967204580948","0.8302967204580948","4115","4115","4115","","","","","","","","","","","","","","","","","","","","","","","","","","","","","","","","","","","","","","","","","",""
"242","","","","","","","","","","","","","","","","","","","","","","","","","","","","","","","","","","","","","","","","","","","","","","","","","","","","","","","0.7356628492104806","0.7356628492104806","0.7356628492104806","4132","4132","4132","","","","","","","0.5607107530631965","0.5607107530631965","0.5607107530631965","12637","12637","12637","","","","","","","","","","","","","","","","","","","","","","","","","","","","","","","","","","","","","","","","","","","","","","","","","0.8335936144369251","0.8335936144369251","0.8335936144369251","4132","4132","4132","","","","","","","","","","","","","","","","","","","","","","","","","","","","","","","","","","","","","","","","","",""
"243","","","","","","","","","","","","","","","","","","","","","","","","","","","","","","","","","","","","","","","","","","","","","","","","","","","","","","","0.7785875412111747","0.7785875412111747","0.7785875412111747","4149","4149","4149","","","","","","","0.5589833275204548","0.5589833275204548","0.5589833275204548","12689","12689","12689","","","","","","","","","","","","","","","","","","","","","","","","","","","","","","","","","","","","","","","","","","","","","","","","","0.8309474232170745","0.8309474232170745","0.8309474232170745","4149","4149","4149","","","","","","","","","","","","","","","","","","","","","","","","","","","","","","","","","","","","","","","","","",""
"244","","","","","","","","","","","","","","","","","","","","","","","","","","","","","","","","","","","","","","","","","","","","","","","","","","","","","","","0.7886083636994621","0.7886083636994621","0.7886083636994621","4166","4166","4166","","","","","","","0.5531020760553234","0.5531020760553234","0.5531020760553234","12741","12741","12741","","","","","","","","","","","","","","","","","","","","","","","","","","","","","","","","","","","","","","","","","","","","","","","","","0.8334200937011973","0.8334200937011973","0.8334200937011973","4166","4166","4166","","","","","","","","","","","","","","","","","","","","","","","","","","","","","","","","","","","","","","","","","",""
"245","","","","","","","","","","","","","","","","","","","","","","","","","","","","","","","","","","","","","","","","","","","","","","","","","","","","","","","0.7804962693041817","0.7804962693041817","0.7804962693041817","4183","4183","4183","","","","","","","0.5513753652107788","0.5513753652107788","0.5513753652107788","12793","12793","12793","","","","","","","","","","","","","","","","","","","","","","","","","","","","","","","","","","","","","","","","","","","","","","","","","0.8332465729654693","0.8332465729654693","0.8332465729654693","4183","4183","4183","","","","","","","","","","","","","","","","","","","","","","","","","","","","","","","","","","","","","","","","","",""
"246","","","","","","","","","","","","","","","","","","","","","","","","","","","","","","","","","","","","","","","","","","","","","","","","","","","","","","","0.7860489328474752","0.7860489328474752","0.7860489328474752","4200","4200","4200","","","","","","","0.5517698786156582","0.5517698786156582","0.5517698786156582","12845","12845","12845","","","","","","","","","","","","","","","","","","","","","","","","","","","","","","","","","","","","","","","","","","","","","","","","","0.8336803748047892","0.8336803748047892","0.8336803748047892","4200","4200","4200","","","","","","","","","","","","","","","","","","","","","","","","","","","","","","","","","","","","","","","","","",""
"247","","","","","","","","","","","","","","","","","","","","","","","","","","","","","","","","","","","","","","","","","","","","","","","","","","","","","","","0.7762233211868819","0.7762233211868819","0.7762233211868819","4217","4217","4217","","","","","","","0.547780433278635","0.547780433278635","0.547780433278635","12897","12897","12897","","","","","","","","","","","","","","","","","","","","","","","","","","","","","","","","","","","","","","","","","","","","","","","","","0.8329862918618774","0.8329862918618774","0.8329862918618774","4217","4217","4217","","","","","","","","","","","","","","","","","","","","","","","","","","","","","","","","","","","","","","","","","",""
"248","","","","","","","","","","","","","","","","","","","","","","","","","","","","","","","","","","","","","","","","","","","","","","","","","","","","","","","0.7711912198507722","0.7711912198507722","0.7711912198507722","4234","4234","4234","","","","","","","0.5503962286805527","0.5503962286805527","0.5503962286805527","12949","12949","12949","","","","","","","","","","","","","","","","","","","","","","","","","","","","","","","","","","","","","","","","","","","","","","","","","0.8321186881832378","0.8321186881832378","0.8321186881832378","4234","4234","4234","","","","","","","","","","","","","","","","","","","","","","","","","","","","","","","","","","","","","","","","","",""
"249","","","","","","","","","","","","","","","","","","","","","","","","","","","","","","","","","","","","","","","","","","","","","","","","","","","","","","","0.7777416276245012","0.7777416276245012","0.7777416276245012","4251","4251","4251","","","","","","","0.5538553679552198","0.5538553679552198","0.5538553679552198","13001","13001","13001","","","","","","","","","","","","","","","","","","","","","","","","","","","","","","","","","","","","","","","","","","","","","","","","","0.8320319278153739","0.8320319278153739","0.8320319278153739","4251","4251","4251","","","","","","","","","","","","","","","","","","","","","","","","","","","","","","","","","","","","","","","","","",""
"250","","","","","","","","","","","","","","","","","","","","","","","","","","","","","","","","","","","","","","","","","","","","","","","","","","","","","","","0.7798021863612702","0.7798021863612702","0.7798021863612702","4268","4268","4268","","","","","","","0.5595979679700855","0.5595979679700855","0.5595979679700855","13053","13053","13053","","","","","","","","","","","","","","","","","","","","","","","","","","","","","","","","","","","","","","","","","","","","","","","","","0.8306003817456187","0.8306003817456187","0.8306003817456187","4268","4268","4268","","","","","","","","","","","","","","","","","","","","","","","","","","","","","","","","","","","","","","","","","",""
"251","","","","","","","","","","","","","","","","","","","","","","","","","","","","","","","","","","","","","","","","","","","","","","","","","","","","","","","0.7734036092313031","0.7734036092313031","0.7734036092313031","4285","4285","4285","","","","","","","0.5646558871119903","0.5646558871119903","0.5646558871119903","13105","13105","13105","","","","","","","","","","","","","","","","","","","","","","","","","","","","","","","","","","","","","","","","","","","","","","","","","0.831771646711782","0.831771646711782","0.831771646711782","4285","4285","4285","","","","","","","","","","","","","","","","","","","","","","","","","","","","","","","","","","","","","","","","","",""
"252","","","","","","","","","","","","","","","","","","","","","","","","","","","","","","","","","","","","","","","","","","","","","","","","","","","","","","","0.7775030366128752","0.7775030366128752","0.7775030366128752","4302","4302","4302","","","","","","","0.5649789306971452","0.5649789306971452","0.5649789306971452","13157","13157","13157","","","","","","","","","","","","","","","","","","","","","","","","","","","","","","","","","","","","","","","","","","","","","","","","","0.8315547457921221","0.8315547457921221","0.8315547457921221","4302","4302","4302","","","","","","","","","","","","","","","","","","","","","","","","","","","","","","","","","","","","","","","","","",""
"253","","","","","","","","","","","","","","","","","","","","","","","","","","","","","","","","","","","","","","","","","","","","","","","","","","","","","","","0.7633827867430157","0.7633827867430157","0.7633827867430157","4319","4319","4319","","","","","","","0.5557578945562869","0.5557578945562869","0.5557578945562869","13209","13209","13209","","","","","","","","","","","","","","","","","","","","","","","","","","","","","","","","","","","","","","","","","","","","","","","","","0.8309474232170745","0.8309474232170745","0.8309474232170745","4319","4319","4319","","","","","","","","","","","","","","","","","","","","","","","","","","","","","","","","","","","","","","","","","",""
"254","","","","","","","","","","","","","","","","","","","","","","","","","","","","","","","","","","","","","","","","","","","","","","","","","","","","","","","0.7704320666319626","0.7704320666319626","0.7704320666319626","4336","4336","4336","","","","","","","0.5387738065969503","0.5387738065969503","0.5387738065969503","13261","13261","13261","","","","","","","","","","","","","","","","","","","","","","","","","","","","","","","","","","","","","","","","","","","","","","","","","0.8316848863439181","0.8316848863439181","0.8316848863439181","4336","4336","4336","","","","","","","","","","","","","","","","","","","","","","","","","","","","","","","","","","","","","","","","","",""
"255","","","","","","","","","","","","","","","","","","","","","","","","","","","","","","","","","","","","","","","","","","","","","","","","","","","","","","","0.773880791254555","0.773880791254555","0.773880791254555","4353","4353","4353","","","","","","","0.5399573468115884","0.5399573468115884","0.5399573468115884","13313","13313","13313","","","","","","","","","","","","","","","","","","","","","","","","","","","","","","","","","","","","","","","","","","","","","","","","","0.8306437619295506","0.8306437619295506","0.8306437619295506","4353","4353","4353","","","","","","","","","","","","","","","","","","","","","","","","","","","","","","","","","","","","","","","","","",""
"256","","","","","","","","","","","","","","","","","","","","","","","","","","","","","","","","","","","","","","","","","","","","","","","","","","","","","","","0.7727529064723235","0.7727529064723235","0.7727529064723235","4370","4370","4370","","","","","","","0.5335772360047799","0.5335772360047799","0.5335772360047799","13365","13365","13365","","","","","","","","","","","","","","","","","","","","","","","","","","","","","","","","","","","","","","","","","","","","","","","","","0.834200937011973","0.834200937011973","0.834200937011973","4370","4370","4370","","","","","","","","","","","","","","","","","","","","","","","","","","","","","","","","","","","","","","","","","",""
"257","","","","","","","","","","","","","","","","","","","","","","","","","","","","","","","","","","","","","","","","","","","","","","","","","","","","","","","0.773642200242929","0.773642200242929","0.773642200242929","4387","4387","4387","","","","","","","0.5513124717694212","0.5513124717694212","0.5513124717694212","13417","13417","13417","","","","","","","","","","","","","","","","","","","","","","","","","","","","","","","","","","","","","","","","","","","","","","","","","0.831901787263578","0.831901787263578","0.831901787263578","4387","4387","4387","","","","","","","","","","","","","","","","","","","","","","","","","","","","","","","","","","","","","","","","","",""
"258","","","","","","","","","","","","","","","","","","","","","","","","","","","","","","","","","","","","","","","","","","","","","","","","","","","","","","","0.7647926427208052","0.7647926427208052","0.7647926427208052","4404","4404","4404","","","","","","","0.568836156867678","0.568836156867678","0.568836156867678","13469","13469","13469","","","","","","","","","","","","","","","","","","","","","","","","","","","","","","","","","","","","","","","","","","","","","","","","","0.8319885476314419","0.8319885476314419","0.8319885476314419","4404","4404","4404","","","","","","","","","","","","","","","","","","","","","","","","","","","","","","","","","","","","","","","","","",""
"259","","","","","","","","","","","","","","","","","","","","","","","","","","","","","","","","","","","","","","","","","","","","","","","","","","","","","","","0.7744664237376366","0.7744664237376366","0.7744664237376366","4421","4421","4421","","","","","","","0.5690098285296085","0.5690098285296085","0.5690098285296085","13521","13521","13521","","","","","","","","","","","","","","","","","","","","","","","","","","","","","","","","","","","","","","","","","","","","","","","","","0.8329862918618774","0.8329862918618774","0.8329862918618774","4421","4421","4421","","","","","","","","","","","","","","","","","","","","","","","","","","","","","","","","","","","","","","","","","",""
"260","","","","","","","","","","","","","","","","","","","","","","","","","","","","","","","","","","","","","","","","","","","","","","","","","","","","","","","0.7856151310081555","0.7856151310081555","0.7856151310081555","4438","4438","4438","","","","","","","0.5551847066020961","0.5551847066020961","0.5551847066020961","13573","13573","13573","","","","","","","","","","","","","","","","","","","","","","","","","","","","","","","","","","","","","","","","","","","","","","","","","0.8333333333333334","0.8333333333333334","0.8333333333333334","4438","4438","4438","","","","","","","","","","","","","","","","","","","","","","","","","","","","","","","","","","","","","","","","","",""
"261","","","","","","","","","","","","","","","","","","","","","","","","","","","","","","","","","","","","","","","","","","","","","","","","","","","","","","","0.7826652785007808","0.7826652785007808","0.7826652785007808","4455","4455","4455","","","","","","","0.5565583565372015","0.5565583565372015","0.5565583565372015","13625","13625","13625","","","","","","","","","","","","","","","","","","","","","","","","","","","","","","","","","","","","","","","","","","","","","","","","","0.8338105153565851","0.8338105153565851","0.8338105153565851","4455","4455","4455","","","","","","","","","","","","","","","","","","","","","","","","","","","","","","","","","","","","","","","","","",""
"262","","","","","","","","","","","","","","","","","","","","","","","","","","","","","","","","","","","","","","","","","","","","","","","","","","","","","","","0.788977095262884","0.788977095262884","0.788977095262884","4472","4472","4472","","","","","","","0.5654577784892996","0.5654577784892996","0.5654577784892996","13677","13677","13677","","","","","","","","","","","","","","","","","","","","","","","","","","","","","","","","","","","","","","","","","","","","","","","","","0.8341792469200069","0.8341792469200069","0.8341792469200069","4472","4472","4472","","","","","","","","","","","","","","","","","","","","","","","","","","","","","","","","","","","","","","","","","",""
"263","","","","","","","","","","","","","","","","","","","","","","","","","","","","","","","","","","","","","","","","","","","","","","","","","","","","","","","0.7772210654173174","0.7772210654173174","0.7772210654173174","4489","4489","4489","","","","","","","0.5689955345656637","0.5689955345656637","0.5689955345656637","13729","13729","13729","","","","","","","","","","","","","","","","","","","","","","","","","","","","","","","","","","","","","","","","","","","","","","","","","0.8288217942044074","0.8288217942044074","0.8288217942044074","4489","4489","4489","","","","","","","","","","","","","","","","","","","","","","","","","","","","","","","","","","","","","","","","","",""
"264","","","","","","","","","","","","","","","","","","","","","","","","","","","","","","","","","","","","","","","","","","","","","","","","","","","","","","","0.7785875412111747","0.7785875412111747","0.7785875412111747","4506","4506","4506","","","","","","","0.560100400802749","0.560100400802749","0.560100400802749","13781","13781","13781","","","","","","","","","","","","","","","","","","","","","","","","","","","","","","","","","","","","","","","","","","","","","","","","","0.8271299670310602","0.8271299670310602","0.8271299670310602","4506","4506","4506","","","","","","","","","","","","","","","","","","","","","","","","","","","","","","","","","","","","","","","","","",""
"265","","","","","","","","","","","","","","","","","","","","","","","","","","","","","","","","","","","","","","","","","","","","","","","","","","","","","","","0.7881311816762102","0.7881311816762102","0.7881311816762102","4523","4523","4523","","","","","","","0.5664440620014981","0.5664440620014981","0.5664440620014981","13833","13833","13833","","","","","","","","","","","","","","","","","","","","","","","","","","","","","","","","","","","","","","","","","","","","","","","","","0.8263925039042165","0.8263925039042165","0.8263925039042165","4523","4523","4523","","","","","","","","","","","","","","","","","","","","","","","","","","","","","","","","","","","","","","","","","",""
"266","","","","","","","","","","","","","","","","","","","","","","","","","","","","","","","","","","","","","","","","","","","","","","","","","","","","","","","0.7861356932153392","0.7861356932153392","0.7861356932153392","4540","4540","4540","","","","","","","0.5636152865368014","0.5636152865368014","0.5636152865368014","13885","13885","13885","","","","","","","","","","","","","","","","","","","","","","","","","","","","","","","","","","","","","","","","","","","","","","","","","0.8266961651917405","0.8266961651917405","0.8266961651917405","4540","4540","4540","","","","","","","","","","","","","","","","","","","","","","","","","","","","","","","","","","","","","","","","","",""
"267","","","","","","","","","","","","","","","","","","","","","","","","","","","","","","","","","","","","","","","","","","","","","","","","","","","","","","","0.7833159812597605","0.7833159812597605","0.7833159812597605","4557","4557","4557","","","","","","","0.5654234729758317","0.5654234729758317","0.5654234729758317","13937","13937","13937","","","","","","","","","","","","","","","","","","","","","","","","","","","","","","","","","","","","","","","","","","","","","","","","","0.8284747527329516","0.8284747527329516","0.8284747527329516","4557","4557","4557","","","","","","","","","","","","","","","","","","","","","","","","","","","","","","","","","","","","","","","","","",""
"268","","","","","","","","","","","","","","","","","","","","","","","","","","","","","","","","","","","","","","","","","","","","","","","","","","","","","","","0.7837064029151484","0.7837064029151484","0.7837064029151484","4574","4574","4574","","","","","","","0.5621673079891824","0.5621673079891824","0.5621673079891824","13989","13989","13989","","","","","","","","","","","","","","","","","","","","","","","","","","","","","","","","","","","","","","","","","","","","","","","","","0.8289085545722715","0.8289085545722715","0.8289085545722715","4574","4574","4574","","","","","","","","","","","","","","","","","","","","","","","","","","","","","","","","","","","","","","","","","",""
"269","","","","","","","","","","","","","","","","","","","","","","","","","","","","","","","","","","","","","","","","","","","","","","","","","","","","","","","0.78012753774076","0.78012753774076","0.78012753774076","4591","4591","4591","","","","","","","0.5608065226216273","0.5608065226216273","0.5608065226216273","14041","14041","14041","","","","","","","","","","","","","","","","","","","","","","","","","","","","","","","","","","","","","","","","","","","","","","","","","0.8314246052403262","0.8314246052403262","0.8314246052403262","4591","4591","4591","","","","","","","","","","","","","","","","","","","","","","","","","","","","","","","","","","","","","","","","","",""
"270","","","","","","","","","","","","","","","","","","","","","","","","","","","","","","","","","","","","","","","","","","","","","","","","","","","","","","","0.7796720458094741","0.7796720458094741","0.7796720458094741","4608","4608","4608","","","","","","","0.5631750324472982","0.5631750324472982","0.5631750324472982","14093","14093","14093","","","","","","","","","","","","","","","","","","","","","","","","","","","","","","","","","","","","","","","","","","","","","","","","","0.8299930591705708","0.8299930591705708","0.8299930591705708","4608","4608","4608","","","","","","","","","","","","","","","","","","","","","","","","","","","","","","","","","","","","","","","","","",""
"271","","","","","","","","","","","","","","","","","","","","","","","","","","","","","","","","","","","","","","","","","","","","","","","","","","","","","","","0.779932326913066","0.779932326913066","0.779932326913066","4625","4625","4625","","","","","","","0.5636567390322416","0.5636567390322416","0.5636567390322416","14145","14145","14145","","","","","","","","","","","","","","","","","","","","","","","","","","","","","","","","","","","","","","","","","","","","","","","","","0.8300798195384348","0.8300798195384348","0.8300798195384348","4625","4625","4625","","","","","","","","","","","","","","","","","","","","","","","","","","","","","","","","","","","","","","","","","",""
"272","","","","","","","","","","","","","","","","","","","","","","","","","","","","","","","","","","","","","","","","","","","","","","","","","","","","","","","0.7771559951414194","0.7771559951414194","0.7771559951414194","4642","4642","4642","","","","","","","0.5674703686127422","0.5674703686127422","0.5674703686127422","14197","14197","14197","","","","","","","","","","","","","","","","","","","","","","","","","","","","","","","","","","","","","","","","","","","","","","","","","0.8296460176991151","0.8296460176991151","0.8296460176991151","4642","4642","4642","","","","","","","","","","","","","","","","","","","","","","","","","","","","","","","","","","","","","","","","","",""
"273","","","","","","","","","","","","","","","","","","","","","","","","","","","","","","","","","","","","","","","","","","","","","","","","","","","","","","","0.77607149054312","0.77607149054312","0.77607149054312","4659","4659","4659","","","","","","","0.5721330596515704","0.5721330596515704","0.5721330596515704","14249","14249","14249","","","","","","","","","","","","","","","","","","","","","","","","","","","","","","","","","","","","","","","","","","","","","","","","","0.8300364393545029","0.8300364393545029","0.8300364393545029","4659","4659","4659","","","","","","","","","","","","","","","","","","","","","","","","","","","","","","","","","","","","","","","","","",""
"274","","","","","","","","","","","","","","","","","","","","","","","","","","","","","","","","","","","","","","","","","","","","","","","","","","","","","","","0.7784140204754468","0.7784140204754468","0.7784140204754468","4676","4676","4676","","","","","","","0.5741928198560312","0.5741928198560312","0.5741928198560312","14301","14301","14301","","","","","","","","","","","","","","","","","","","","","","","","","","","","","","","","","","","","","","","","","","","","","","","","","0.8292989762276592","0.8292989762276592","0.8292989762276592","4676","4676","4676","","","","","","","","","","","","","","","","","","","","","","","","","","","","","","","","","","","","","","","","","",""
"275","","","","","","","","","","","","","","","","","","","","","","","","","","","","","","","","","","","","","","","","","","","","","","","","","","","","","","","0.7777633177164671","0.7777633177164671","0.7777633177164671","4693","4693","4693","","","","","","","0.5787047095752407","0.5787047095752407","0.5787047095752407","14353","14353","14353","","","","","","","","","","","","","","","","","","","","","","","","","","","","","","","","","","","","","","","","","","","","","","","","","0.8304268610098906","0.8304268610098906","0.8304268610098906","4693","4693","4693","","","","","","","","","","","","","","","","","","","","","","","","","","","","","","","","","","","","","","","","","",""
"276","","","","","","","","","","","","","","","","","","","","","","","","","","","","","","","","","","","","","","","","","","","","","","","","","","","","","","","0.7771776852333854","0.7771776852333854","0.7771776852333854","4710","4710","4710","","","","","","","0.5781222305444856","0.5781222305444856","0.5781222305444856","14405","14405","14405","","","","","","","","","","","","","","","","","","","","","","","","","","","","","","","","","","","","","","","","","","","","","","","","","0.8317282665278501","0.8317282665278501","0.8317282665278501","4710","4710","4710","","","","","","","","","","","","","","","","","","","","","","","","","","","","","","","","","","","","","","","","","",""
"277","","","","","","","","","","","","","","","","","","","","","","","","","","","","","","","","","","","","","","","","","","","","","","","","","","","","","","","0.7754424778761063","0.7754424778761063","0.7754424778761063","4727","4727","4727","","","","","","","0.5690755807637552","0.5690755807637552","0.5690755807637552","14457","14457","14457","","","","","","","","","","","","","","","","","","","","","","","","","","","","","","","","","","","","","","","","","","","","","","","","","0.8316415061599861","0.8316415061599861","0.8316415061599861","4727","4727","4727","","","","","","","","","","","","","","","","","","","","","","","","","","","","","","","","","","","","","","","","","",""
"278","","","","","","","","","","","","","","","","","","","","","","","","","","","","","","","","","","","","","","","","","","","","","","","","","","","","","","","0.7772427555092833","0.7772427555092833","0.7772427555092833","4744","4744","4744","","","","","","","0.567490380162265","0.567490380162265","0.567490380162265","14509","14509","14509","","","","","","","","","","","","","","","","","","","","","","","","","","","","","","","","","","","","","","","","","","","","","","","","","0.83172826652785","0.83172826652785","0.83172826652785","4744","4744","4744","","","","","","","","","","","","","","","","","","","","","","","","","","","","","","","","","","","","","","","","","",""
"279","","","","","","","","","","","","","","","","","","","","","","","","","","","","","","","","","","","","","","","","","","","","","","","","","","","","","","","0.7775247267048413","0.7775247267048413","0.7775247267048413","4761","4761","4761","","","","","","","0.5684723754852801","0.5684723754852801","0.5684723754852801","14561","14561","14561","","","","","","","","","","","","","","","","","","","","","","","","","","","","","","","","","","","","","","","","","","","","","","","","","0.8306871421134825","0.8306871421134825","0.8306871421134825","4761","4761","4761","","","","","","","","","","","","","","","","","","","","","","","","","","","","","","","","","","","","","","","","","",""
"280","","","","","","","","","","","","","","","","","","","","","","","","","","","","","","","","","","","","","","","","","","","","","","","","","","","","","","","0.7737940308866911","0.7737940308866911","0.7737940308866911","4778","4778","4778","","","","","","","0.5648109766207926","0.5648109766207926","0.5648109766207926","14613","14613","14613","","","","","","","","","","","","","","","","","","","","","","","","","","","","","","","","","","","","","","","","","","","","","","","","","0.829949678986639","0.829949678986639","0.829949678986639","4778","4778","4778","","","","","","","","","","","","","","","","","","","","","","","","","","","","","","","","","","","","","","","","","",""
"281","","","","","","","","","","","","","","","","","","","","","","","","","","","","","","","","","","","","","","","","","","","","","","","","","","","","","","","0.773598820058997","0.773598820058997","0.773598820058997","4795","4795","4795","","","","","","","0.5640012235633137","0.5640012235633137","0.5640012235633137","14665","14665","14665","","","","","","","","","","","","","","","","","","","","","","","","","","","","","","","","","","","","","","","","","","","","","","","","","0.8282144716293597","0.8282144716293597","0.8282144716293597","4795","4795","4795","","","","","","","","","","","","","","","","","","","","","","","","","","","","","","","","","","","","","","","","","",""
"282","","","","","","","","","","","","","","","","","","","","","","","","","","","","","","","","","","","","","","","","","","","","","","","","","","","","","","","0.7788912024986986","0.7788912024986986","0.7788912024986986","4812","4812","4812","","","","","","","0.5710359979187989","0.5710359979187989","0.5710359979187989","14717","14717","14717","","","","","","","","","","","","","","","","","","","","","","","","","","","","","","","","","","","","","","","","","","","","","","","","","0.8296460176991151","0.8296460176991151","0.8296460176991151","4812","4812","4812","","","","","","","","","","","","","","","","","","","","","","","","","","","","","","","","","","","","","","","","","",""
"283","","","","","","","","","","","","","","","","","","","","","","","","","","","","","","","","","","","","","","","","","","","","","","","","","","","","","","","0.7809951414193995","0.7809951414193995","0.7809951414193995","4829","4829","4829","","","","","","","0.5706765047255844","0.5706765047255844","0.5706765047255844","14769","14769","14769","","","","","","","","","","","","","","","","","","","","","","","","","","","","","","","","","","","","","","","","","","","","","","","","","0.8296460176991151","0.8296460176991151","0.8296460176991151","4829","4829","4829","","","","","","","","","","","","","","","","","","","","","","","","","","","","","","","","","","","","","","","","","",""
"284","","","","","","","","","","","","","","","","","","","","","","","","","","","","","","","","","","","","","","","","","","","","","","","","","","","","","","","0.7795635953496441","0.7795635953496441","0.7795635953496441","4846","4846","4846","","","","","","","0.5691020245970532","0.5691020245970532","0.5691020245970532","14821","14821","14821","","","","","","","","","","","","","","","","","","","","","","","","","","","","","","","","","","","","","","","","","","","","","","","","","0.8295809474232171","0.8295809474232171","0.8295809474232171","4846","4846","4846","","","","","","","","","","","","","","","","","","","","","","","","","","","","","","","","","","","","","","","","","",""
"285","","","","","","","","","","","","","","","","","","","","","","","","","","","","","","","","","","","","","","","","","","","","","","","","","","","","","","","0.7809734513274337","0.7809734513274337","0.7809734513274337","4863","4863","4863","","","","","","","0.5684552227285461","0.5684552227285461","0.5684552227285461","14873","14873","14873","","","","","","","","","","","","","","","","","","","","","","","","","","","","","","","","","","","","","","","","","","","","","","","","","0.8289519347562034","0.8289519347562034","0.8289519347562034","4863","4863","4863","","","","","","","","","","","","","","","","","","","","","","","","","","","","","","","","","","","","","","","","","",""
"286","","","","","","","","","","","","","","","","","","","","","","","","","","","","","","","","","","","","","","","","","","","","","","","","","","","","","","","0.777980218636127","0.777980218636127","0.777980218636127","4880","4880","4880","","","","","","","0.5655714155026614","0.5655714155026614","0.5655714155026614","14925","14925","14925","","","","","","","","","","","","","","","","","","","","","","","","","","","","","","","","","","","","","","","","","","","","","","","","","0.8282144716293597","0.8282144716293597","0.8282144716293597","4880","4880","4880","","","","","","","","","","","","","","","","","","","","","","","","","","","","","","","","","","","","","","","","","",""
"287","","","","","","","","","","","","","","","","","","","","","","","","","","","","","","","","","","","","","","","","","","","","","","","","","","","","","","","0.7789779628665626","0.7789779628665626","0.7789779628665626","4897","4897","4897","","","","","","","0.5634966466360585","0.5634966466360585","0.5634966466360585","14977","14977","14977","","","","","","","","","","","","","","","","","","","","","","","","","","","","","","","","","","","","","","","","","","","","","","","","","0.8281927815373937","0.8281927815373937","0.8281927815373937","4897","4897","4897","","","","","","","","","","","","","","","","","","","","","","","","","","","","","","","","","","","","","","","","","",""
"288","","","","","","","","","","","","","","","","","","","","","","","","","","","","","","","","","","","","","","","","","","","","","","","","","","","","","","","0.7742712129099427","0.7742712129099427","0.7742712129099427","4914","4914","4914","","","","","","","0.5609258772205673","0.5609258772205673","0.5609258772205673","15029","15029","15029","","","","","","","","","","","","","","","","","","","","","","","","","","","","","","","","","","","","","","","","","","","","","","","","","0.8284747527329516","0.8284747527329516","0.8284747527329516","4914","4914","4914","","","","","","","","","","","","","","","","","","","","","","","","","","","","","","","","","","","","","","","","","",""
"289","","","","","","","","","","","","","","","","","","","","","","","","","","","","","","","","","","","","","","","","","","","","","","","","","","","","","","","0.7774379663369773","0.7774379663369773","0.7774379663369773","4931","4931","4931","","","","","","","0.5626690261236486","0.5626690261236486","0.5626690261236486","15081","15081","15081","","","","","","","","","","","","","","","","","","","","","","","","","","","","","","","","","","","","","","","","","","","","","","","","","0.832075307999306","0.832075307999306","0.832075307999306","4931","4931","4931","","","","","","","","","","","","","","","","","","","","","","","","","","","","","","","","","","","","","","","","","",""
"290","","","","","","","","","","","","","","","","","","","","","","","","","","","","","","","","","","","","","","","","","","","","","","","","","","","","","","","0.7783706402915149","0.7783706402915149","0.7783706402915149","4948","4948","4948","","","","","","","0.5656350236422163","0.5656350236422163","0.5656350236422163","15133","15133","15133","","","","","","","","","","","","","","","","","","","","","","","","","","","","","","","","","","","","","","","","","","","","","","","","","0.8337237549887211","0.8337237549887211","0.8337237549887211","4948","4948","4948","","","","","","","","","","","","","","","","","","","","","","","","","","","","","","","","","","","","","","","","","",""
"291","","","","","","","","","","","","","","","","","","","","","","","","","","","","","","","","","","","","","","","","","","","","","","","","","","","","","","","0.7812554225229914","0.7812554225229914","0.7812554225229914","4965","4965","4965","","","","","","","0.5650203831925854","0.5650203831925854","0.5650203831925854","15185","15185","15185","","","","","","","","","","","","","","","","","","","","","","","","","","","","","","","","","","","","","","","","","","","","","","","","","0.8322922089189658","0.8322922089189658","0.8322922089189658","4965","4965","4965","","","","","","","","","","","","","","","","","","","","","","","","","","","","","","","","","","","","","","","","","",""
"292","","","","","","","","","","","","","","","","","","","","","","","","","","","","","","","","","","","","","","","","","","","","","","","","","","","","","","","0.7803444386604199","0.7803444386604199","0.7803444386604199","4982","4982","4982","","","","","","","0.5659023207679861","0.5659023207679861","0.5659023207679861","15237","15237","15237","","","","","","","","","","","","","","","","","","","","","","","","","","","","","","","","","","","","","","","","","","","","","","","","","0.8322922089189657","0.8322922089189657","0.8322922089189657","4982","4982","4982","","","","","","","","","","","","","","","","","","","","","","","","","","","","","","","","","","","","","","","","","",""
"293","","","","","","","","","","","","","","","","","","","","","","","","","","","","","","","","","","","","","","","","","","","","","","","","","","","","","","","0.7813638729828214","0.7813638729828214","0.7813638729828214","4999","4999","4999","","","","","","","0.5630249458258767","0.5630249458258767","0.5630249458258767","15289","15289","15289","","","","","","","","","","","","","","","","","","","","","","","","","","","","","","","","","","","","","","","","","","","","","","","","","0.8343744577477009","0.8343744577477009","0.8343744577477009","4999","4999","4999","","","","","","","","","","","","","","","","","","","","","","","","","","","","","","","","","","","","","","","","","",""
"294","","","","","","","","","","","","","","","","","","","","","","","","","","","","","","","","","","","","","","","","","","","","","","","","","","","","","","","0.7812337324310257","0.7812337324310257","0.7812337324310257","5016","5016","5016","","","","","","","0.5638261225049885","0.5638261225049885","0.5638261225049885","15341","15341","15341","","","","","","","","","","","","","","","","","","","","","","","","","","","","","","","","","","","","","","","","","","","","","","","","","0.8312077043206664","0.8312077043206664","0.8312077043206664","5016","5016","5016","","","","","","","","","","","","","","","","","","","","","","","","","","","","","","","","","","","","","","","","","",""
"295","","","","","","","","","","","","","","","","","","","","","","","","","","","","","","","","","","","","","","","","","","","","","","","","","","","","","","","0.7814723234426514","0.7814723234426514","0.7814723234426514","5033","5033","5033","","","","","","","0.5663554394250396","0.5663554394250396","0.5663554394250396","15393","15393","15393","","","","","","","","","","","","","","","","","","","","","","","","","","","","","","","","","","","","","","","","","","","","","","","","","0.8309040430331426","0.8309040430331426","0.8309040430331426","5033","5033","5033","","","","","","","","","","","","","","","","","","","","","","","","","","","","","","","","","","","","","","","","","",""
"296","","","","","","","","","","","","","","","","","","","","","","","","","","","","","","","","","","","","","","","","","","","","","","","","","","","","","","","0.7822531667534269","0.7822531667534269","0.7822531667534269","5050","5050","5050","","","","","","","0.5659423438670318","0.5659423438670318","0.5659423438670318","15445","15445","15445","","","","","","","","","","","","","","","","","","","","","","","","","","","","","","","","","","","","","","","","","","","","","","","","","0.8301231997223668","0.8301231997223668","0.8301231997223668","5050","5050","5050","","","","","","","","","","","","","","","","","","","","","","","","","","","","","","","","","","","","","","","","","",""
"297","","","","","","","","","","","","","","","","","","","","","","","","","","","","","","","","","","","","","","","","","","","","","","","","","","","","","","","0.7810819017872636","0.7810819017872636","0.7810819017872636","5067","5067","5067","","","","","","","0.5658615829707432","0.5658615829707432","0.5658615829707432","15497","15497","15497","","","","","","","","","","","","","","","","","","","","","","","","","","","","","","","","","","","","","","","","","","","","","","","","","0.8315547457921221","0.8315547457921221","0.8315547457921221","5067","5067","5067","","","","","","","","","","","","","","","","","","","","","","","","","","","","","","","","","","","","","","","","","",""
"298","","","","","","","","","","","","","","","","","","","","","","","","","","","","","","","","","","","","","","","","","","","","","","","","","","","","","","","0.7803444386604199","0.7803444386604199","0.7803444386604199","5084","5084","5084","","","","","","","0.5610509494050852","0.5610509494050852","0.5610509494050852","15549","15549","15549","","","","","","","","","","","","","","","","","","","","","","","","","","","","","","","","","","","","","","","","","","","","","","","","","0.8293423564115912","0.8293423564115912","0.8293423564115912","5084","5084","5084","","","","","","","","","","","","","","","","","","","","","","","","","","","","","","","","","","","","","","","","","",""
"299","","","","","","","","","","","","","","","","","","","","","","","","","","","","","","","","","","","","","","","","","","","","","","","","","","","","","","","0.7805613395800798","0.7805613395800798","0.7805613395800798","5101","5101","5101","","","","","","","0.5679792337291808","0.5679792337291808","0.5679792337291808","15601","15601","15601","","","","","","","","","","","","","","","","","","","","","","","","","","","","","","","","","","","","","","","","","","","","","","","","","0.8214905431199028","0.8214905431199028","0.8214905431199028","5101","5101","5101","","","","","","","","","","","","","","","","","","","","","","","","","","","","","","","","","","","","","","","","","",""